  0
SECTION
  2
HEADER
  9
$ACADVER
  1
AC1024
  9
$ACADMAINTVER
 70
6
  9
$DWGCODEPAGE
  3
ANSI_1252
  9
$LASTSAVEDBY
  1
ezdxf
  9
$INSBASE
 10
0.0
 20
0.0
 30
0.0
  9
$EXTMIN
 10
1e+20
 20
1e+20
 30
1e+20
  9
$EXTMAX
 10
-1e+20
 20
-1e+20
 30
-1e+20
  9
$LIMMIN
 10
0.0
 20
0.0
  9
$LIMMAX
 10
420.0
 20
297.0
  9
$ORTHOMODE
 70
0
  9
$REGENMODE
 70
1
  9
$FILLMODE
 70
1
  9
$QTEXTMODE
 70
0
  9
$MIRRTEXT
 70
1
  9
$LTSCALE
 40
1.0
  9
$ATTMODE
 70
1
  9
$TEXTSIZE
 40
2.5
  9
$TRACEWID
 40
1.0
  9
$TEXTSTYLE
  7
Standard
  9
$CLAYER
  8
0
  9
$CELTYPE
  6
ByLayer
  9
$CECOLOR
 62
256
  9
$CELTSCALE
 40
1.0
  9
$DISPSILH
 70
0
  9
$DIMSCALE
 40
1.0
  9
$DIMASZ
 40
2.5
  9
$DIMEXO
 40
0.625
  9
$DIMDLI
 40
3.75
  9
$DIMRND
 40
0.0
  9
$DIMDLE
 40
0.0
  9
$DIMEXE
 40
1.25
  9
$DIMTP
 40
0.0
  9
$DIMTM
 40
0.0
  9
$DIMTXT
 40
2.5
  9
$DIMCEN
 40
2.5
  9
$DIMTSZ
 40
0.0
  9
$DIMTOL
 70
0
  9
$DIMLIM
 70
0
  9
$DIMTIH
 70
0
  9
$DIMTOH
 70
0
  9
$DIMSE1
 70
0
  9
$DIMSE2
 70
0
  9
$DIMTAD
 70
1
  9
$DIMZIN
 70
8
  9
$DIMBLK
  1

  9
$DIMASO
 70
1
  9
$DIMSHO
 70
1
  9
$DIMPOST
  1

  9
$DIMAPOST
  1

  9
$DIMALT
 70
0
  9
$DIMALTD
 70
3
  9
$DIMALTF
 40
0.03937007874
  9
$DIMLFAC
 40
1.0
  9
$DIMTOFL
 70
1
  9
$DIMTVP
 40
0.0
  9
$DIMTIX
 70
0
  9
$DIMSOXD
 70
0
  9
$DIMSAH
 70
0
  9
$DIMBLK1
  1

  9
$DIMBLK2
  1

  9
$DIMSTYLE
  2
ISO-25
  9
$DIMCLRD
 70
0
  9
$DIMCLRE
 70
0
  9
$DIMCLRT
 70
0
  9
$DIMTFAC
 40
1.0
  9
$DIMGAP
 40
0.625
  9
$DIMJUST
 70
0
  9
$DIMSD1
 70
0
  9
$DIMSD2
 70
0
  9
$DIMTOLJ
 70
0
  9
$DIMTZIN
 70
8
  9
$DIMALTZ
 70
0
  9
$DIMALTTZ
 70
0
  9
$DIMUPT
 70
0
  9
$DIMDEC
 70
2
  9
$DIMTDEC
 70
2
  9
$DIMALTU
 70
2
  9
$DIMALTTD
 70
3
  9
$DIMTXSTY
  7
Standard
  9
$DIMAUNIT
 70
0
  9
$DIMADEC
 70
0
  9
$DIMALTRND
 40
0.0
  9
$DIMAZIN
 70
0
  9
$DIMDSEP
 70
44
  9
$DIMATFIT
 70
3
  9
$DIMFRAC
 70
0
  9
$DIMLDRBLK
  1

  9
$DIMLUNIT
 70
2
  9
$DIMLWD
 70
-2
  9
$DIMLWE
 70
-2
  9
$DIMTMOVE
 70
0
  9
$DIMFXL
 40
1.0
  9
$DIMFXLON
 70
0
  9
$DIMJOGANG
 40
0.785398163397
  9
$DIMTFILL
 70
0
  9
$DIMTFILLCLR
 70
0
  9
$DIMARCSYM
 70
0
  9
$DIMLTYPE
  6

  9
$DIMLTEX1
  6

  9
$DIMLTEX2
  6

  9
$DIMTXTDIRECTION
 70
0
  9
$LUNITS
 70
2
  9
$LUPREC
 70
4
  9
$SKETCHINC
 40
1.0
  9
$FILLETRAD
 40
10.0
  9
$AUNITS
 70
0
  9
$AUPREC
 70
2
  9
$MENU
  1
.
  9
$ELEVATION
 40
0.0
  9
$PELEVATION
 40
0.0
  9
$THICKNESS
 40
0.0
  9
$LIMCHECK
 70
0
  9
$CHAMFERA
 40
0.0
  9
$CHAMFERB
 40
0.0
  9
$CHAMFERC
 40
0.0
  9
$CHAMFERD
 40
0.0
  9
$SKPOLY
 70
0
  9
$TDCREATE
 40
2461301.9150810186
  9
$TDUCREATE
 40
2458532.153996898
  9
$TDUPDATE
 40
2461301.9150810186
  9
$TDUUPDATE
 40
2458532.1544311
  9
$TDINDWG
 40
0.0
  9
$TDUSRTIMER
 40
0.0
  9
$USRTIMER
 70
1
  9
$ANGBASE
 50
0.0
  9
$ANGDIR
 70
0
  9
$PDMODE
 70
0
  9
$PDSIZE
 40
0.0
  9
$PLINEWID
 40
0.0
  9
$SPLFRAME
 70
0
  9
$SPLINETYPE
 70
6
  9
$SPLINESEGS
 70
8
  9
$HANDSEED
  5
98
  9
$SURFTAB1
 70
6
  9
$SURFTAB2
 70
6
  9
$SURFTYPE
 70
6
  9
$SURFU
 70
6
  9
$SURFV
 70
6
  9
$UCSBASE
  2

  9
$UCSNAME
  2

  9
$UCSORG
 10
0.0
 20
0.0
 30
0.0
  9
$UCSXDIR
 10
1.0
 20
0.0
 30
0.0
  9
$UCSYDIR
 10
0.0
 20
1.0
 30
0.0
  9
$UCSORTHOREF
  2

  9
$UCSORTHOVIEW
 70
0
  9
$UCSORGTOP
 10
0.0
 20
0.0
 30
0.0
  9
$UCSORGBOTTOM
 10
0.0
 20
0.0
 30
0.0
  9
$UCSORGLEFT
 10
0.0
 20
0.0
 30
0.0
  9
$UCSORGRIGHT
 10
0.0
 20
0.0
 30
0.0
  9
$UCSORGFRONT
 10
0.0
 20
0.0
 30
0.0
  9
$UCSORGBACK
 10
0.0
 20
0.0
 30
0.0
  9
$PUCSBASE
  2

  9
$PUCSNAME
  2

  9
$PUCSORG
 10
0.0
 20
0.0
 30
0.0
  9
$PUCSXDIR
 10
1.0
 20
0.0
 30
0.0
  9
$PUCSYDIR
 10
0.0
 20
1.0
 30
0.0
  9
$PUCSORTHOREF
  2

  9
$PUCSORTHOVIEW
 70
0
  9
$PUCSORGTOP
 10
0.0
 20
0.0
 30
0.0
  9
$PUCSORGBOTTOM
 10
0.0
 20
0.0
 30
0.0
  9
$PUCSORGLEFT
 10
0.0
 20
0.0
 30
0.0
  9
$PUCSORGRIGHT
 10
0.0
 20
0.0
 30
0.0
  9
$PUCSORGFRONT
 10
0.0
 20
0.0
 30
0.0
  9
$PUCSORGBACK
 10
0.0
 20
0.0
 30
0.0
  9
$USERI1
 70
0
  9
$USERI2
 70
0
  9
$USERI3
 70
0
  9
$USERI4
 70
0
  9
$USERI5
 70
0
  9
$USERR1
 40
0.0
  9
$USERR2
 40
0.0
  9
$USERR3
 40
0.0
  9
$USERR4
 40
0.0
  9
$USERR5
 40
0.0
  9
$WORLDVIEW
 70
1
  9
$SHADEDGE
 70
3
  9
$SHADEDIF
 70
70
  9
$TILEMODE
 70
1
  9
$MAXACTVP
 70
64
  9
$PINSBASE
 10
0.0
 20
0.0
 30
0.0
  9
$PLIMCHECK
 70
0
  9
$PEXTMIN
 10
1e+20
 20
1e+20
 30
1e+20
  9
$PEXTMAX
 10
-1e+20
 20
-1e+20
 30
-1e+20
  9
$PLIMMIN
 10
0.0
 20
0.0
  9
$PLIMMAX
 10
420.0
 20
297.0
  9
$UNITMODE
 70
0
  9
$VISRETAIN
 70
1
  9
$PLINEGEN
 70
0
  9
$PSLTSCALE
 70
1
  9
$TREEDEPTH
 70
3020
  9
$CMLSTYLE
  2
Standard
  9
$CMLJUST
 70
0
  9
$CMLSCALE
 40
20.0
  9
$PROXYGRAPHICS
 70
1
  9
$MEASUREMENT
 70
1
  9
$CELWEIGHT
370
-1
  9
$ENDCAPS
280
0
  9
$JOINSTYLE
280
0
  9
$LWDISPLAY
290
0
  9
$INSUNITS
 70
6
  9
$HYPERLINKBASE
  1

  9
$STYLESHEET
  1

  9
$XEDIT
290
1
  9
$CEPSNTYPE
380
0
  9
$PSTYLEMODE
290
1
  9
$FINGERPRINTGUID
  2
{3E7D3977-0145-4D07-BBD9-9BF3096FC403}
  9
$VERSIONGUID
  2
{EAB29436-883A-4634-8958-FEFBC30B1607}
  9
$EXTNAMES
290
1
  9
$PSVPSCALE
 40
0.0
  9
$OLESTARTUP
290
0
  9
$SORTENTS
280
127
  9
$INDEXCTL
280
0
  9
$HIDETEXT
280
1
  9
$XCLIPFRAME
280
1
  9
$HALOGAP
280
0
  9
$OBSCOLOR
 70
257
  9
$OBSLTYPE
280
0
  9
$INTERSECTIONDISPLAY
280
0
  9
$INTERSECTIONCOLOR
 70
257
  9
$DIMASSOC
280
2
  9
$PROJECTNAME
  1

  9
$CAMERADISPLAY
290
0
  9
$LENSLENGTH
 40
50.0
  9
$CAMERAHEIGHT
 40
0.0
  9
$STEPSPERSEC
 40
24.0
  9
$STEPSIZE
 40
100.0
  9
$3DDWFPREC
 40
2.0
  9
$PSOLWIDTH
 40
0.005
  9
$PSOLHEIGHT
 40
0.08
  9
$LOFTANG1
 40
1.570796326795
  9
$LOFTANG2
 40
1.570796326795
  9
$LOFTMAG1
 40
0.0
  9
$LOFTMAG2
 40
0.0
  9
$LOFTPARAM
 70
7
  9
$LOFTNORMALS
280
1
  9
$LATITUDE
 40
37.795
  9
$LONGITUDE
 40
-122.394
  9
$NORTHDIRECTION
 40
0.0
  9
$TIMEZONE
 70
-8000
  9
$LIGHTGLYPHDISPLAY
280
1
  9
$TILEMODELIGHTSYNCH
280
1
  9
$CMATERIAL
347
20
  9
$SOLIDHIST
280
0
  9
$SHOWHIST
280
1
  9
$DWFFRAME
280
2
  9
$DGNFRAME
280
2
  9
$REALWORLDSCALE
290
1
  9
$INTERFERECOLOR
 62
256
  9
$CSHADOW
280
0
  9
$SHADOWPLANELOCATION
 40
0.0
  0
ENDSEC
  0
SECTION
  2
CLASSES
  0
CLASS
  1
ACDBDICTIONARYWDFLT
  2
AcDbDictionaryWithDefault
  3
ObjectDBX Classes
 90
0
 91
0
280
0
281
0
  0
CLASS
  1
SUN
  2
AcDbSun
  3
SCENEOE
 90
1153
 91
0
280
0
281
0
  0
CLASS
  1
VISUALSTYLE
  2
AcDbVisualStyle
  3
ObjectDBX Classes
 90
4095
 91
0
280
0
281
0
  0
CLASS
  1
MATERIAL
  2
AcDbMaterial
  3
ObjectDBX Classes
 90
1153
 91
0
280
0
281
0
  0
CLASS
  1
SCALE
  2
AcDbScale
  3
ObjectDBX Classes
 90
1153
 91
0
280
0
281
0
  0
CLASS
  1
TABLESTYLE
  2
AcDbTableStyle
  3
ObjectDBX Classes
 90
4095
 91
0
280
0
281
0
  0
CLASS
  1
MLEADERSTYLE
  2
AcDbMLeaderStyle
  3
ACDB_MLEADERSTYLE_CLASS
 90
4095
 91
0
280
0
281
0
  0
CLASS
  1
DICTIONARYVAR
  2
AcDbDictionaryVar
  3
ObjectDBX Classes
 90
0
 91
0
280
0
281
0
  0
CLASS
  1
CELLSTYLEMAP
  2
AcDbCellStyleMap
  3
ObjectDBX Classes
 90
1152
 91
0
280
0
281
0
  0
CLASS
  1
MENTALRAYRENDERSETTINGS
  2
AcDbMentalRayRenderSettings
  3
SCENEOE
 90
1024
 91
0
280
0
281
0
  0
CLASS
  1
ACDBDETAILVIEWSTYLE
  2
AcDbDetailViewStyle
  3
ObjectDBX Classes
 90
1025
 91
0
280
0
281
0
  0
CLASS
  1
ACDBSECTIONVIEWSTYLE
  2
AcDbSectionViewStyle
  3
ObjectDBX Classes
 90
1025
 91
0
280
0
281
0
  0
CLASS
  1
RASTERVARIABLES
  2
AcDbRasterVariables
  3
ISM
 90
0
 91
0
280
0
281
0
  0
CLASS
  1
LAYOUT
  2
AcDbLayout
  3
ObjectDBX Classes
 90
0
 91
0
280
0
281
0
  0
CLASS
  1
ACDBPLACEHOLDER
  2
AcDbPlaceHolder
  3
ObjectDBX Classes
 90
0
 91
0
280
0
281
0
  0
ENDSEC
  0
SECTION
  2
TABLES
  0
TABLE
  2
VPORT
  5
8
330
0
100
AcDbSymbolTable
 70
1
  0
VPORT
  5
23
330
8
100
AcDbSymbolTableRecord
100
AcDbViewportTableRecord
  2
*Active
 70
0
 10
0.0
 20
0.0
 11
1.0
 21
1.0
 12
0.0
 22
0.0
 13
0.0
 23
0.0
 14
0.5
 24
0.5
 15
0.5
 25
0.5
 16
0.0
 26
0.0
 36
1.0
 17
0.0
 27
0.0
 37
0.0
 40
1000.0
 41
1.34
 42
50.0
 43
0.0
 44
0.0
 50
0.0
 51
0.0
 71
0
 72
1000
 73
1
 74
3
 75
0
 76
0
 77
0
 78
0
281
0
 65
0
146
0.0
  0
ENDTAB
  0
TABLE
  2
LTYPE
  5
2
330
0
100
AcDbSymbolTable
 70
3
  0
LTYPE
  5
24
330
2
100
AcDbSymbolTableRecord
100
AcDbLinetypeTableRecord
  2
ByBlock
 70
0
  3

 72
65
 73
0
 40
0.0
  0
LTYPE
  5
25
330
2
100
AcDbSymbolTableRecord
100
AcDbLinetypeTableRecord
  2
ByLayer
 70
0
  3

 72
65
 73
0
 40
0.0
  0
LTYPE
  5
26
330
2
100
AcDbSymbolTableRecord
100
AcDbLinetypeTableRecord
  2
Continuous
 70
0
  3

 72
65
 73
0
 40
0.0
  0
ENDTAB
  0
TABLE
  2
LAYER
  5
1
330
0
100
AcDbSymbolTable
 70
3
  0
LAYER
  5
27
330
1
100
AcDbSymbolTableRecord
100
AcDbLayerTableRecord
  2
0
 70
0
 62
7
  6
Continuous
370
-3
390
13
347
21
  0
LAYER
  5
28
330
1
100
AcDbSymbolTableRecord
100
AcDbLayerTableRecord
  2
Defpoints
 70
0
 62
7
  6
Continuous
290
0
370
-3
390
13
347
21
  0
LAYER
  5
2F
330
1
100
AcDbSymbolTableRecord
100
AcDbLayerTableRecord
  2
rockery
 70
0
 62
7
  6
Continuous
370
-3
390
13
347
21
  0
ENDTAB
  0
TABLE
  2
STYLE
  5
5
330
0
100
AcDbSymbolTable
 70
1
  0
STYLE
  5
29
330
5
100
AcDbSymbolTableRecord
100
AcDbTextStyleTableRecord
  2
Standard
 70
0
 40
0.0
 41
1.0
 50
0.0
 71
0
 42
2.5
  3
txt
  4

  0
ENDTAB
  0
TABLE
  2
VIEW
  5
7
330
0
100
AcDbSymbolTable
 70
0
  0
ENDTAB
  0
TABLE
  2
UCS
  5
6
330
0
100
AcDbSymbolTable
 70
0
  0
ENDTAB
  0
TABLE
  2
APPID
  5
3
330
0
100
AcDbSymbolTable
 70
3
  0
APPID
  5
2A
330
3
100
AcDbSymbolTableRecord
100
AcDbRegAppTableRecord
  2
ACAD
 70
0
  0
APPID
  5
95
330
3
100
AcDbSymbolTableRecord
100
AcDbRegAppTableRecord
  2
HATCHBACKGROUNDCOLOR
 70
0
  0
APPID
  5
96
330
3
100
AcDbSymbolTableRecord
100
AcDbRegAppTableRecord
  2
EZDXF
 70
0
  0
ENDTAB
  0
TABLE
  2
DIMSTYLE
  5
4
330
0
100
AcDbSymbolTable
 70
1
100
AcDbDimStyleTable
  0
DIMSTYLE
105
2B
330
4
100
AcDbSymbolTableRecord
100
AcDbDimStyleTableRecord
  2
Standard
 70
0
 40
1.0
 41
2.5
 42
0.625
 43
3.75
 44
1.25
 45
0.0
 46
0.0
 47
0.0
 48
0.0
 49
2.5
140
2.5
141
2.5
142
0.0
143
0.03937007874
144
1.0
145
0.0
146
1.0
147
0.625
148
0.0
 69
0
 70
0
 71
0
 72
0
 73
0
 74
0
 75
0
 76
0
 77
1
 78
8
 79
3
170
0
171
3
172
1
173
0
174
0
175
0
176
0
177
0
178
0
179
2
271
2
272
2
273
2
274
3
275
0
276
0
277
2
278
44
279
0
280
0
281
0
282
0
283
0
284
8
285
0
286
0
288
0
289
3
290
0
371
-2
372
-2
  0
ENDTAB
  0
TABLE
  2
BLOCK_RECORD
  5
9
330
0
100
AcDbSymbolTable
 70
2
  0
BLOCK_RECORD
  5
17
330
9
100
AcDbSymbolTableRecord
100
AcDbBlockTableRecord
  2
*Model_Space
340
1A
 70
0
280
1
281
0
  0
BLOCK_RECORD
  5
1B
330
9
100
AcDbSymbolTableRecord
100
AcDbBlockTableRecord
  2
*Paper_Space
340
1E
 70
0
280
1
281
0
  0
ENDTAB
  0
ENDSEC
  0
SECTION
  2
BLOCKS
  0
BLOCK
  5
18
330
17
100
AcDbEntity
  8
0
100
AcDbBlockBegin
  2
*Model_Space
 70
0
 10
0.0
 20
0.0
 30
0.0
  3
*Model_Space
  1

  0
ENDBLK
  5
19
330
17
100
AcDbEntity
  8
0
100
AcDbBlockEnd
  0
BLOCK
  5
1C
330
1B
100
AcDbEntity
  8
0
100
AcDbBlockBegin
  2
*Paper_Space
 70
0
 10
0.0
 20
0.0
 30
0.0
  3
*Paper_Space
  1

  0
ENDBLK
  5
1D
330
1B
100
AcDbEntity
  8
0
100
AcDbBlockEnd
  0
ENDSEC
  0
SECTION
  2
ENTITIES
  0
LWPOLYLINE
  5
30
330
17
100
AcDbEntity
  8
rockery
100
AcDbPolyline
 90
1617
 70
1
 10
447.91
 20
224.57999999999993
 10
451.21
 20
224.8900000000001
 10
453.67
 20
225.18000000000006
 10
455.34
 20
225.44000000000005
 10
456.26
 20
225.70000000000005
 10
456.47
 20
225.97000000000003
 10
456.0
 20
226.24
 10
454.89
 20
226.54999999999995
 10
450.62
 20
227.51
 10
454.89
 20
227.69000000000005
 10
455.98
 20
227.79999999999995
 10
457.21
 20
228.03999999999996
 10
458.53
 20
228.3900000000001
 10
459.87
 20
228.82999999999993
 10
461.2
 20
229.3499999999999
 10
462.45
 20
229.93000000000006
 10
463.57
 20
230.54999999999995
 10
465.08
 20
231.32999999999993
 10
466.89
 20
232.0
 10
469.07
 20
232.56999999999994
 10
471.68
 20
233.05999999999995
 10
474.8
 20
233.46000000000004
 10
478.47
 20
233.80999999999995
 10
482.79
 20
234.0999999999999
 10
489.57
 20
234.51999999999998
 10
495.33
 20
234.95000000000005
 10
500.54
 20
235.45000000000005
 10
505.67
 20
236.06999999999994
 10
511.21
 20
236.8800000000001
 10
517.61
 20
237.92000000000007
 10
525.36
 20
239.26
 10
529.22
 20
239.8900000000001
 10
533.59
 20
240.51
 10
538.31
 20
241.0999999999999
 10
543.17
 20
241.6400000000001
 10
547.98
 20
242.1099999999999
 10
552.55
 20
242.49
 10
556.69
 20
242.76
 10
562.0
 20
243.07999999999993
 10
566.34
 20
243.44000000000005
 10
569.91
 20
243.9000000000001
 10
572.93
 20
244.48000000000002
 10
575.62
 20
245.23000000000002
 10
578.2
 20
246.20000000000005
 10
580.89
 20
247.42000000000007
 10
583.78
 20
248.76999999999998
 10
586.27
 20
249.74
 10
588.76
 20
250.3800000000001
 10
591.64
 20
250.73000000000002
 10
595.3
 20
250.8499999999999
 10
600.13
 20
250.77999999999997
 10
606.52
 20
250.56999999999994
 10
611.0
 20
250.42000000000007
 10
615.9
 20
250.28999999999996
 10
621.04
 20
250.18000000000006
 10
626.2
 20
250.0999999999999
 10
631.17
 20
250.03999999999996
 10
635.77
 20
250.01
 10
639.77
 20
250.01
 10
645.14
 20
250.06999999999994
 10
649.17
 20
250.18000000000006
 10
652.1
 20
250.41000000000008
 10
654.17
 20
250.78999999999996
 10
655.62
 20
251.3699999999999
 10
656.69
 20
252.19000000000005
 10
657.63
 20
253.28999999999996
 10
658.53
 20
254.3599999999999
 10
659.47
 20
255.1500000000001
 10
660.6
 20
255.70000000000005
 10
662.07
 20
256.03999999999996
 10
664.02
 20
256.20000000000005
 10
666.6
 20
256.23
 10
669.94
 20
256.14
 10
672.38
 20
256.09000000000003
 10
674.97
 20
256.1
 10
677.61
 20
256.17999999999995
 10
680.2
 20
256.30999999999995
 10
682.63
 20
256.48
 10
684.8
 20
256.70000000000005
 10
686.6
 20
256.96000000000004
 10
688.9
 20
257.34000000000003
 10
690.61
 20
257.54999999999995
 10
691.82
 20
257.57000000000005
 10
692.63
 20
257.39
 10
693.1
 20
256.99
 10
693.33
 20
256.35
 10
693.39
 20
255.45000000000005
 10
693.56
 20
253.1300000000001
 10
694.17
 20
251.3800000000001
 10
695.41
 20
250.1199999999999
 10
697.49
 20
249.27999999999997
 10
700.61
 20
248.76999999999998
 10
704.96
 20
248.5
 10
710.76
 20
248.41000000000008
 10
715.01
 20
248.33999999999992
 10
718.74
 20
248.18000000000006
 10
722.02
 20
247.93000000000006
 10
724.91
 20
247.56999999999994
 10
727.46
 20
247.08999999999992
 10
729.74
 20
246.5
 10
731.81
 20
245.77999999999997
 10
736.07
 20
244.3800000000001
 10
742.86
 20
242.47000000000003
 10
751.32
 20
240.26999999999998
 10
760.54
 20
237.99
 10
769.64
 20
235.8599999999999
 10
777.74
 20
234.08999999999992
 10
783.94
 20
232.9000000000001
 10
785.63
 20
232.70000000000005
 10
787.42
 20
232.6199999999999
 10
789.3
 20
232.68000000000006
 10
791.26
 20
232.8599999999999
 10
793.29
 20
233.16000000000008
 10
795.36
 20
233.57999999999993
 10
797.47
 20
234.1300000000001
 10
799.49
 20
234.6500000000001
 10
801.88
 20
235.17000000000007
 10
804.52
 20
235.67000000000007
 10
807.3
 20
236.1300000000001
 10
810.11
 20
236.52999999999997
 10
812.85
 20
236.8499999999999
 10
815.4
 20
237.07999999999993
 10
822.77
 20
237.30999999999995
 10
831.8
 20
237.1400000000001
 10
841.8
 20
236.6099999999999
 10
852.05
 20
235.78999999999996
 10
861.88
 20
234.73000000000002
 10
870.57
 20
233.48000000000002
 10
877.43
 20
232.1099999999999
 10
883.18
 20
230.74
 10
887.92
 20
229.8800000000001
 10
892.2
 20
229.55999999999995
 10
896.59
 20
229.80999999999995
 10
901.68
 20
230.6500000000001
 10
908.02
 20
232.1300000000001
 10
916.18
 20
234.27999999999997
 10
920.91
 20
235.49
 10
925.74
 20
236.6099999999999
 10
930.54
 20
237.6099999999999
 10
935.18
 20
238.48000000000002
 10
939.52
 20
239.19000000000005
 10
943.44
 20
239.70000000000005
 10
946.79
 20
240.01
 10
959.03
 20
240.99
 10
969.77
 20
242.26999999999998
 10
978.73
 20
243.77999999999997
 10
985.62
 20
245.44000000000005
 10
990.13
 20
247.19000000000005
 10
991.98
 20
248.95000000000005
 10
990.88
 20
250.66000000000008
 10
989.89
 20
251.46000000000004
 10
989.58
 20
252.18000000000006
 10
989.9
 20
252.79999999999995
 10
990.82
 20
253.30999999999995
 10
992.28
 20
253.66000000000008
 10
994.25
 20
253.8499999999999
 10
996.69
 20
253.8499999999999
 10
998.91
 20
253.8800000000001
 10
1000.59
 20
254.16000000000008
 10
1001.73
 20
254.67000000000007
 10
1002.31
 20
255.41000000000008
 10
1002.33
 20
256.37
 10
1001.77
 20
257.52
 10
1000.64
 20
258.86
 10
999.78
 20
259.87
 10
999.47
 20
260.63
 10
999.68
 20
261.14
 10
1000.37
 20
261.38
 10
1001.52
 20
261.34000000000003
 10
1003.11
 20
261.02
 10
1005.1
 20
260.4
 10
1008.24
 20
259.76
 10
1012.62
 20
259.47
 10
1017.89
 20
259.53
 10
1023.69
 20
259.9
 10
1029.66
 20
260.57000000000005
 10
1035.46
 20
261.5
 10
1040.72
 20
262.69000000000005
 10
1047.56
 20
263.78
 10
1057.07
 20
264.30999999999995
 10
1068.18
 20
264.34000000000003
 10
1079.8
 20
263.89
 10
1090.85
 20
263.02
 10
1100.27
 20
261.76
 10
1106.97
 20
260.15
 10
1110.0
 20
259.15999999999997
 10
1112.99
 20
258.40999999999997
 10
1116.29
 20
257.86
 10
1120.21
 20
257.49
 10
1125.08
 20
257.25
 10
1131.24
 20
257.13
 10
1139.0
 20
257.08000000000004
 10
1146.53
 20
257.03999999999996
 10
1152.48
 20
256.92999999999995
 10
1157.08
 20
256.72
 10
1160.59
 20
256.4
 10
1163.26
 20
255.95000000000005
 10
1165.33
 20
255.33999999999992
 10
1167.05
 20
254.53999999999996
 10
1168.24
 20
253.97000000000003
 10
1169.63
 20
253.45000000000005
 10
1171.14
 20
252.99
 10
1172.73
 20
252.5999999999999
 10
1174.32
 20
252.30999999999995
 10
1175.86
 20
252.1199999999999
 10
1177.28
 20
252.04999999999995
 10
1178.67
 20
252.01999999999998
 10
1180.14
 20
251.91000000000008
 10
1181.63
 20
251.75
 10
1183.08
 20
251.52999999999997
 10
1184.43
 20
251.26999999999998
 10
1185.63
 20
250.98000000000002
 10
1186.62
 20
250.66000000000008
 10
1187.7
 20
250.31999999999994
 10
1189.15
 20
249.97000000000003
 10
1190.9
 20
249.6199999999999
 10
1192.86
 20
249.28999999999996
 10
1194.97
 20
248.99
 10
1197.14
 20
248.73000000000002
 10
1199.3
 20
248.51999999999998
 10
1202.0
 20
248.17000000000007
 10
1205.42
 20
247.5
 10
1209.46
 20
246.55999999999995
 10
1213.99
 20
245.3699999999999
 10
1218.92
 20
243.95000000000005
 10
1224.14
 20
242.32999999999993
 10
1229.53
 20
240.54999999999995
 10
1250.76
 20
233.30999999999995
 10
1268.26
 20
233.78999999999996
 10
1273.26
 20
233.95000000000005
 10
1277.38
 20
234.16000000000008
 10
1280.68
 20
234.43000000000006
 10
1283.23
 20
234.76
 10
1285.08
 20
235.1500000000001
 10
1286.3
 20
235.6199999999999
 10
1286.94
 20
236.18000000000006
 10
1287.58
 20
236.73000000000002
 10
1288.89
 20
237.46000000000004
 10
1290.78
 20
238.31999999999994
 10
1293.14
 20
239.28999999999996
 10
1295.9
 20
240.30999999999995
 10
1298.94
 20
241.3599999999999
 10
1302.19
 20
242.3900000000001
 10
1307.44
 20
243.96000000000004
 10
1311.98
 20
245.0999999999999
 10
1316.62
 20
245.9000000000001
 10
1322.18
 20
246.45000000000005
 10
1329.48
 20
246.81999999999994
 10
1339.33
 20
247.08999999999992
 10
1352.56
 20
247.33999999999992
 10
1367.85
 20
247.70000000000005
 10
1379.92
 20
248.23000000000002
 10
1389.23
 20
248.98000000000002
 10
1396.19
 20
250.03999999999996
 10
1401.25
 20
251.45000000000005
 10
1404.84
 20
253.28999999999996
 10
1407.38
 20
255.6300000000001
 10
1408.49
 20
256.78
 10
1409.84
 20
257.71000000000004
 10
1411.64
 20
258.49
 10
1414.13
 20
259.16999999999996
 10
1417.53
 20
259.80999999999995
 10
1422.08
 20
260.48
 10
1427.98
 20
261.24
 10
1432.26
 20
261.75
 10
1436.61
 20
262.21000000000004
 10
1440.89
 20
262.62
 10
1444.92
 20
262.96000000000004
 10
1448.56
 20
263.22
 10
1451.64
 20
263.38
 10
1454.0
 20
263.44000000000005
 10
1456.83
 20
263.47
 10
1458.97
 20
263.58000000000004
 10
1460.55
 20
263.83000000000004
 10
1461.68
 20
264.24
 10
1462.48
 20
264.88
 10
1463.09
 20
265.78999999999996
 10
1463.62
 20
267.0
 10
1464.13
 20
268.20000000000005
 10
1464.73
 20
269.1
 10
1465.5
 20
269.74
 10
1466.56
 20
270.15999999999997
 10
1468.01
 20
270.40999999999997
 10
1469.95
 20
270.53
 10
1472.49
 20
270.55999999999995
 10
1474.83
 20
270.52
 10
1476.72
 20
270.39
 10
1478.24
 20
270.15
 10
1479.44
 20
269.78
 10
1480.4
 20
269.25
 10
1481.17
 20
268.54999999999995
 10
1481.83
 20
267.65999999999997
 10
1483.21
 20
265.91999999999996
 10
1485.14
 20
264.53
 10
1487.85
 20
263.40999999999997
 10
1491.63
 20
262.5
 10
1496.72
 20
261.75
 10
1503.38
 20
261.09000000000003
 10
1511.87
 20
260.46000000000004
 10
1517.77
 20
260.02
 10
1523.06
 20
259.52
 10
1527.79
 20
258.95000000000005
 10
1532.03
 20
258.30999999999995
 10
1535.86
 20
257.57000000000005
 10
1539.33
 20
256.74
 10
1542.51
 20
255.79999999999995
 10
1544.95
 20
255.04999999999995
 10
1547.44
 20
254.33999999999992
 10
1549.91
 20
253.69000000000005
 10
1552.25
 20
253.1400000000001
 10
1554.37
 20
252.70000000000005
 10
1556.18
 20
252.4000000000001
 10
1557.58
 20
252.25
 10
1558.97
 20
252.1500000000001
 10
1560.71
 20
251.98000000000002
 10
1562.73
 20
251.75
 10
1564.94
 20
251.48000000000002
 10
1567.25
 20
251.17000000000007
 10
1569.57
 20
250.83999999999992
 10
1571.82
 20
250.49
 10
1574.86
 20
250.16000000000008
 10
1579.44
 20
249.8699999999999
 10
1585.29
 20
249.6300000000001
 10
1592.13
 20
249.45000000000005
 10
1599.71
 20
249.32999999999993
 10
1607.74
 20
249.28999999999996
 10
1615.96
 20
249.31999999999994
 10
1628.36
 20
249.4000000000001
 10
1637.94
 20
249.3699999999999
 10
1645.48
 20
249.17000000000007
 10
1651.81
 20
248.76
 10
1657.72
 20
248.07999999999993
 10
1664.01
 20
247.06999999999994
 10
1671.48
 20
245.68000000000006
 10
1677.64
 20
244.54999999999995
 10
1682.92
 20
243.67000000000007
 10
1687.45
 20
243.03999999999996
 10
1691.37
 20
242.6300000000001
 10
1694.79
 20
242.44000000000005
 10
1697.85
 20
242.46000000000004
 10
1700.67
 20
242.66000000000008
 10
1711.75
 20
243.8699999999999
 10
1719.87
 20
244.92000000000007
 10
1725.55
 20
245.95000000000005
 10
1729.31
 20
247.1300000000001
 10
1731.67
 20
248.6400000000001
 10
1733.17
 20
250.6199999999999
 10
1734.32
 20
253.26
 10
1734.66
 20
254.31999999999994
 10
1734.85
 20
255.26999999999998
 10
1734.88
 20
256.13
 10
1734.73
 20
256.95000000000005
 10
1734.41
 20
257.75
 10
1733.91
 20
258.54999999999995
 10
1733.23
 20
259.38
 10
1732.7
 20
260.01
 10
1732.25
 20
260.63
 10
1731.9
 20
261.21000000000004
 10
1731.65
 20
261.75
 10
1731.51
 20
262.21000000000004
 10
1731.5
 20
262.58000000000004
 10
1731.62
 20
262.83000000000004
 10
1732.15
 20
262.96000000000004
 10
1733.32
 20
262.96000000000004
 10
1735.05
 20
262.86
 10
1737.24
 20
262.65
 10
1739.8
 20
262.35
 10
1742.66
 20
261.96000000000004
 10
1745.73
 20
261.49
 10
1749.11
 20
260.98
 10
1752.88
 20
260.47
 10
1756.87
 20
259.97
 10
1760.92
 20
259.5
 10
1764.88
 20
259.09000000000003
 10
1768.57
 20
258.75
 10
1771.86
 20
258.49
 10
1775.2
 20
258.24
 10
1779.08
 20
257.90999999999997
 10
1783.31
 20
257.51
 10
1787.73
 20
257.07000000000005
 10
1792.15
 20
256.6
 10
1796.41
 20
256.12
 10
1800.33
 20
255.6400000000001
 10
1815.36
 20
253.8599999999999
 10
1828.89
 20
252.48000000000002
 10
1840.62
 20
251.51999999999998
 10
1850.27
 20
250.99
 10
1857.53
 20
250.92000000000007
 10
1862.1
 20
251.31999999999994
 10
1863.69
 20
252.21000000000004
 10
1863.9
 20
252.6199999999999
 10
1864.55
 20
252.94000000000005
 10
1865.62
 20
253.18000000000006
 10
1867.14
 20
253.32999999999993
 10
1869.1
 20
253.3900000000001
 10
1871.5
 20
253.3599999999999
 10
1874.35
 20
253.25
 10
1877.75
 20
253.0999999999999
 10
1880.36
 20
253.05999999999995
 10
1882.26
 20
253.1300000000001
 10
1883.55
 20
253.32999999999993
 10
1884.32
 20
253.68000000000006
 10
1884.66
 20
254.19000000000005
 10
1884.68
 20
254.8699999999999
 10
1884.69
 20
255.52999999999997
 10
1884.99
 20
256.05999999999995
 10
1885.61
 20
256.49
 10
1886.59
 20
256.84000000000003
 10
1887.99
 20
257.11
 10
1889.83
 20
257.32000000000005
 10
1892.16
 20
257.49
 10
1899.02
 20
257.59000000000003
 10
1907.78
 20
257.27
 10
1917.65
 20
256.61
 10
1927.81
 20
255.69000000000005
 10
1937.46
 20
254.57999999999993
 10
1945.78
 20
253.3499999999999
 10
1951.96
 20
252.06999999999994
 10
1962.05
 20
250.3699999999999
 10
1974.96
 20
249.52999999999997
 10
1989.21
 20
249.48000000000002
 10
2003.31
 20
250.1500000000001
 10
2015.78
 20
251.47000000000003
 10
2025.12
 20
253.3699999999999
 10
2029.85
 20
255.77999999999997
 10
2030.54
 20
257.12
 10
2030.98
 20
258.82000000000005
 10
2031.16
 20
260.75
 10
2031.09
 20
262.76
 10
2030.77
 20
264.72
 10
2030.22
 20
266.51
 10
2029.43
 20
267.99
 10
2028.6
 20
269.30999999999995
 10
2027.58
 20
271.20000000000005
 10
2026.42
 20
273.52
 10
2025.2
 20
276.13
 10
2023.96
 20
278.9
 10
2022.78
 20
281.70000000000005
 10
2021.72
 20
284.4
 10
2020.67
 20
286.89
 10
2019.45
 20
288.85
 10
2017.78
 20
290.42999999999995
 10
2015.37
 20
291.79999999999995
 10
2011.94
 20
293.12
 10
2007.22
 20
294.53999999999996
 10
2000.9
 20
296.24
 10
1995.54
 20
297.66999999999996
 10
1991.46
 20
298.88
 10
1988.33
 20
300.03
 10
1985.85
 20
301.28
 10
1983.69
 20
302.78999999999996
 10
1981.55
 20
304.71000000000004
 10
1979.1
 20
307.21000000000004
 10
1974.99
 20
310.99
 10
1970.8
 20
313.74
 10
1966.49
 20
315.47
 10
1962.0
 20
316.21000000000004
 10
1957.27
 20
315.94000000000005
 10
1952.25
 20
314.69000000000005
 10
1946.89
 20
312.46000000000004
 10
1941.32
 20
310.19000000000005
 10
1936.86
 20
309.32000000000005
 10
1933.56
 20
309.76
 10
1931.52
 20
311.47
 10
1930.8
 20
314.37
 10
1931.49
 20
318.39
 10
1933.67
 20
323.49
 10
1934.45
 20
325.02
 10
1935.25
 20
326.65
 10
1936.04
 20
328.33000000000004
 10
1936.8
 20
329.99
 10
1937.48
 20
331.55999999999995
 10
1938.07
 20
332.97
 10
1938.53
 20
334.16999999999996
 10
1939.02
 20
335.34000000000003
 10
1939.68
 20
336.71000000000004
 10
1940.49
 20
338.19000000000005
 10
1941.41
 20
339.74
 10
1942.4
 20
341.28
 10
1943.43
 20
342.77
 10
1944.45
 20
344.13
 10
1945.64
 20
345.77
 10
1947.13
 20
348.04999999999995
 10
1948.85
 20
350.83000000000004
 10
1950.72
 20
353.99
 10
1952.68
 20
357.40999999999997
 10
1954.64
 20
360.97
 10
1956.54
 20
364.53
 10
1964.35
 20
379.48
 10
1959.22
 20
389.48
 10
1957.98
 20
391.91999999999996
 10
1956.71
 20
394.48
 10
1955.45
 20
397.04999999999995
 10
1954.25
 20
399.53999999999996
 10
1953.16
 20
401.84000000000003
 10
1952.22
 20
403.87
 10
1951.49
 20
405.51
 10
1950.25
 20
407.9
 10
1948.69
 20
410.07000000000005
 10
1946.9
 20
411.97
 10
1944.93
 20
413.54999999999995
 10
1942.86
 20
414.75
 10
1940.77
 20
415.52
 10
1938.72
 20
415.78
 10
1936.79
 20
416.27
 10
1934.32
 20
417.59000000000003
 10
1931.55
 20
419.54999999999995
 10
1928.72
 20
421.94000000000005
 10
1926.06
 20
424.58000000000004
 10
1923.81
 20
427.24
 10
1922.2
 20
429.75
 10
1921.49
 20
431.40999999999997
 10
1920.67
 20
433.73
 10
1919.8
 20
436.58000000000004
 10
1918.9
 20
439.84000000000003
 10
1918.02
 20
443.37
 10
1917.18
 20
447.03999999999996
 10
1916.42
 20
450.74
 10
1915.68
 20
454.37
 10
1914.89
 20
457.88
 10
1914.09
 20
461.14
 10
1913.29
 20
464.03999999999996
 10
1912.55
 20
466.48
 10
1911.88
 20
468.32000000000005
 10
1911.32
 20
469.47
 10
1910.08
 20
471.04999999999995
 10
1908.5
 20
472.52
 10
1906.58
 20
473.87
 10
1904.28
 20
475.13
 10
1901.59
 20
476.29999999999995
 10
1898.51
 20
477.38
 10
1895.01
 20
478.39
 10
1885.5
 20
480.97
 10
1878.34
 20
483.19000000000005
 10
1873.22
 20
485.23
 10
1869.81
 20
487.29999999999995
 10
1867.77
 20
489.59000000000003
 10
1866.79
 20
492.30999999999995
 10
1866.54
 20
495.64
 10
1866.22
 20
497.79999999999995
 10
1865.3
 20
500.53
 10
1863.8
 20
503.78
 10
1861.74
 20
507.51
 10
1859.15
 20
511.67999999999995
 10
1856.05
 20
516.24
 10
1852.46
 20
521.14
 10
1849.09
 20
525.76
 10
1846.21
 20
530.02
 10
1843.82
 20
533.9
 10
1841.94
 20
537.39
 10
1840.58
 20
540.46
 10
1839.76
 20
543.08
 10
1839.49
 20
545.24
 10
1839.21
 20
547.14
 10
1838.42
 20
548.96
 10
1837.18
 20
550.62
 10
1835.54
 20
552.09
 10
1833.56
 20
553.32
 10
1831.3
 20
554.24
 10
1828.81
 20
554.81
 10
1825.96
 20
555.43
 10
1823.1
 20
556.43
 10
1820.33
 20
557.73
 10
1817.76
 20
559.27
 10
1815.5
 20
560.99
 10
1813.67
 20
562.82
 10
1812.36
 20
564.7
 10
1811.93
 20
565.76
 10
1811.4
 20
567.46
 10
1810.79
 20
569.68
 10
1810.15
 20
572.33
 10
1809.48
 20
575.31
 10
1808.82
 20
578.49
 10
1808.19
 20
581.8
 10
1806.64
 20
589.97
 10
1805.15
 20
597.1
 10
1803.71
 20
603.18
 10
1802.34
 20
608.2
 10
1801.04
 20
612.16
 10
1799.79
 20
615.05
 10
1798.62
 20
616.85
 10
1796.46
 20
618.39
 10
1792.81
 20
620.12
 10
1788.04
 20
621.9
 10
1782.53
 20
623.62
 10
1776.68
 20
625.16
 10
1770.86
 20
626.4
 10
1765.45
 20
627.22
 10
1761.13
 20
627.87
 10
1757.08
 20
628.81
 10
1753.28
 20
630.05
 10
1749.72
 20
631.59
 10
1746.4
 20
633.44
 10
1743.3
 20
635.61
 10
1740.41
 20
638.1
 10
1736.02
 20
642.27
 10
1726.0
 20
638.65
 10
1723.57
 20
637.83
 10
1721.04
 20
637.06
 10
1718.53
 20
636.39
 10
1716.12
 20
635.82
 10
1713.91
 20
635.38
 10
1711.99
 20
635.1
 10
1710.46
 20
634.99
 10
1708.44
 20
634.92
 10
1706.81
 20
634.62
 10
1705.38
 20
633.91
 10
1703.92
 20
632.6
 10
1702.25
 20
630.51
 10
1700.15
 20
627.45
 10
1697.41
 20
623.25
 10
1695.1
 20
619.78
 10
1692.85
 20
616.68
 10
1690.6
 20
613.89
 10
1688.31
 20
611.34
 10
1685.9
 20
608.96
 10
1683.32
 20
606.69
 10
1680.51
 20
604.47
 10
1676.35
 20
601.25
 10
1673.18
 20
598.56
 10
1670.82
 20
596.12
 10
1669.09
 20
593.68
 10
1667.79
 20
590.99
 10
1666.75
 20
587.77
 10
1665.78
 20
583.79
 10
1664.75
 20
580.19
 10
1663.26
 20
576.3
 10
1661.42
 20
572.37
 10
1659.37
 20
568.6
 10
1657.23
 20
565.23
 10
1655.11
 20
562.49
 10
1653.15
 20
560.61
 10
1652.4
 20
559.93
 10
1651.29
 20
558.78
 10
1649.87
 20
557.23
 10
1648.22
 20
555.34
 10
1646.41
 20
553.21
 10
1644.48
 20
550.89
 10
1642.52
 20
548.46
 10
1640.32
 20
545.86
 10
1637.77
 20
543.07
 10
1634.97
 20
540.21
 10
1632.03
 20
537.38
 10
1629.07
 20
534.69
 10
1626.19
 20
532.24
 10
1623.52
 20
530.15
 10
1618.51
 20
526.24
 10
1614.69
 20
522.76
 10
1611.99
 20
519.58
 10
1610.36
 20
516.62
 10
1609.73
 20
513.76
 10
1610.06
 20
510.90999999999997
 10
1611.27
 20
507.95000000000005
 10
1612.38
 20
505.03999999999996
 10
1613.15
 20
501.16999999999996
 10
1613.57
 20
496.58000000000004
 10
1613.64
 20
491.51
 10
1613.37
 20
486.21000000000004
 10
1612.73
 20
480.9
 10
1611.75
 20
475.83000000000004
 10
1611.11
 20
473.53999999999996
 10
1610.33
 20
471.4
 10
1609.37
 20
469.34000000000003
 10
1608.19
 20
467.29999999999995
 10
1606.76
 20
465.23
 10
1605.03
 20
463.05999999999995
 10
1602.99
 20
460.73
 10
1600.83
 20
458.29999999999995
 10
1599.14
 20
456.24
 10
1597.88
 20
454.44000000000005
 10
1596.99
 20
452.80999999999995
 10
1596.42
 20
451.25
 10
1596.11
 20
449.67999999999995
 10
1596.02
 20
447.99
 10
1595.88
 20
445.69000000000005
 10
1595.48
 20
442.64
 10
1594.91
 20
439.22
 10
1594.23
 20
435.77
 10
1593.52
 20
432.65
 10
1592.83
 20
430.20000000000005
 10
1592.24
 20
428.78999999999996
 10
1591.45
 20
428.77
 10
1589.83
 20
429.53999999999996
 10
1587.62
 20
430.94000000000005
 10
1585.01
 20
432.79999999999995
 10
1582.25
 20
434.98
 10
1579.55
 20
437.30999999999995
 10
1577.13
 20
439.63
 10
1575.19
 20
441.66999999999996
 10
1573.77
 20
443.40999999999997
 10
1572.78
 20
445.13
 10
1572.11
 20
447.12
 10
1571.67
 20
449.65999999999997
 10
1571.37
 20
453.04999999999995
 10
1571.11
 20
457.55999999999995
 10
1570.77
 20
462.82000000000005
 10
1570.33
 20
466.91999999999996
 10
1569.69
 20
470.12
 10
1568.75
 20
472.65999999999997
 10
1567.43
 20
474.80999999999995
 10
1565.62
 20
476.82000000000005
 10
1563.24
 20
478.95000000000005
 10
1560.51
 20
480.96000000000004
 10
1557.39
 20
482.57000000000005
 10
1553.6
 20
483.85
 10
1548.83
 20
484.87
 10
1542.79
 20
485.66999999999996
 10
1535.18
 20
486.34000000000003
 10
1525.71
 20
486.91999999999996
 10
1518.8
 20
487.27
 10
1513.24
 20
487.46000000000004
 10
1508.8
 20
487.49
 10
1505.22
 20
487.36
 10
1502.25
 20
487.04999999999995
 10
1499.66
 20
486.54999999999995
 10
1497.18
 20
485.86
 10
1490.16
 20
483.63
 10
1474.4
 20
491.61
 10
1461.83
 20
497.53
 10
1451.51
 20
501.23
 10
1442.91
 20
502.65999999999997
 10
1435.55
 20
501.74
 10
1428.91
 20
498.40999999999997
 10
1422.5
 20
492.61
 10
1415.8
 20
484.27
 10
1412.72
 20
480.25
 10
1409.61
 20
476.63
 10
1406.45
 20
473.39
 10
1403.18
 20
470.49
 10
1399.78
 20
467.89
 10
1396.21
 20
465.55999999999995
 10
1392.42
 20
463.48
 10
1389.28
 20
461.97
 10
1386.68
 20
460.89
 10
1384.59
 20
460.25
 10
1383.01
 20
460.03999999999996
 10
1381.9
 20
460.26
 10
1381.25
 20
460.90999999999997
 10
1381.04
 20
461.99
 10
1381.3
 20
464.61
 10
1382.02
 20
468.02
 10
1383.11
 20
471.92999999999995
 10
1384.46
 20
476.05999999999995
 10
1385.99
 20
480.1
 10
1387.6
 20
483.78
 10
1389.19
 20
486.78999999999996
 10
1390.11
 20
488.34000000000003
 10
1391.0
 20
489.83000000000004
 10
1391.81
 20
491.23
 10
1392.54
 20
492.48
 10
1393.14
 20
493.53999999999996
 10
1393.58
 20
494.34000000000003
 10
1393.85
 20
494.86
 10
1394.49
 20
495.64
 10
1395.98
 20
497.21000000000004
 10
1398.21
 20
499.46000000000004
 10
1401.07
 20
502.28
 10
1404.45
 20
505.55999999999995
 10
1408.24
 20
509.17999999999995
 10
1412.32
 20
513.03
 10
1416.41
 20
516.91
 10
1420.23
 20
520.58
 10
1423.66
 20
523.92
 10
1426.6
 20
526.84
 10
1428.92
 20
529.2
 10
1430.5
 20
530.9
 10
1431.24
 20
531.83
 10
1431.52
 20
532.56
 10
1431.8
 20
533.72
 10
1432.07
 20
535.25
 10
1432.31
 20
537.07
 10
1432.53
 20
539.11
 10
1432.71
 20
541.29
 10
1432.84
 20
543.55
 10
1433.01
 20
546.1
 10
1433.31
 20
548.66
 10
1433.72
 20
551.19
 10
1434.24
 20
553.63
 10
1434.84
 20
555.95
 10
1435.53
 20
558.1
 10
1436.29
 20
560.02
 10
1438.15
 20
563.43
 10
1440.84
 20
567.19
 10
1444.27
 20
571.23
 10
1448.35
 20
575.45
 10
1453.0
 20
579.76
 10
1458.15
 20
584.08
 10
1463.69
 20
588.32
 10
1467.72
 20
591.47
 10
1470.8
 20
594.43
 10
1473.0
 20
597.38
 10
1474.41
 20
600.5
 10
1475.11
 20
603.97
 10
1475.19
 20
607.99
 10
1474.72
 20
612.74
 10
1474.25
 20
616.89
 10
1474.08
 20
620.5
 10
1474.24
 20
623.75
 10
1474.77
 20
626.81
 10
1475.68
 20
629.82
 10
1477.01
 20
632.97
 10
1478.78
 20
636.42
 10
1479.83
 20
638.44
 10
1480.63
 20
640.23
 10
1481.19
 20
641.87
 10
1481.52
 20
643.43
 10
1481.65
 20
645.01
 10
1481.58
 20
646.68
 10
1481.35
 20
648.52
 10
1480.8
 20
651.33
 10
1480.04
 20
653.84
 10
1478.91
 20
656.29
 10
1477.27
 20
658.91
 10
1474.95
 20
661.94
 10
1471.82
 20
665.63
 10
1467.72
 20
670.22
 10
1465.63
 20
672.62
 10
1463.5
 20
675.27
 10
1461.39
 20
678.05
 10
1459.38
 20
680.85
 10
1457.55
 20
683.57
 10
1455.99
 20
686.1
 10
1454.77
 20
688.31
 10
1453.27
 20
691.38
 10
1452.17
 20
693.91
 10
1451.45
 20
696.18
 10
1451.04
 20
698.46
 10
1450.89
 20
701.02
 10
1450.97
 20
704.16
 10
1451.21
 20
708.13
 10
1451.39
 20
716.41
 10
1450.65
 20
723.32
 10
1448.89
 20
729.01
 10
1446.02
 20
733.62
 10
1441.96
 20
737.29
 10
1436.62
 20
740.18
 10
1429.9
 20
742.41
 10
1422.96
 20
744.68
 10
1417.45
 20
747.5
 10
1413.32
 20
750.95
 10
1410.5
 20
755.12
 10
1408.95
 20
760.09
 10
1408.59
 20
765.95
 10
1409.38
 20
772.79
 10
1409.87
 20
775.64
 10
1410.18
 20
777.98
 10
1410.31
 20
779.9100000000001
 10
1410.25
 20
781.54
 10
1410.01
 20
782.97
 10
1409.58
 20
784.31
 10
1408.95
 20
785.6800000000001
 10
1407.1
 20
788.56
 10
1404.55
 20
791.5799999999999
 10
1401.43
 20
794.61
 10
1397.9
 20
797.53
 10
1394.11
 20
800.2
 10
1390.22
 20
802.51
 10
1386.38
 20
804.3299999999999
 10
1383.34
 20
805.62
 10
1381.04
 20
806.73
 10
1379.46
 20
807.71
 10
1378.56
 20
808.5799999999999
 10
1378.3
 20
809.37
 10
1378.65
 20
810.11
 10
1379.58
 20
810.85
 10
1379.93
 20
811.2
 10
1380.34
 20
811.8199999999999
 10
1380.79
 20
812.6800000000001
 10
1381.25
 20
813.72
 10
1381.7
 20
814.9100000000001
 10
1382.14
 20
816.2
 10
1382.54
 20
817.5699999999999
 10
1383.22
 20
819.77
 10
1384.09
 20
821.75
 10
1385.29
 20
823.7
 10
1386.97
 20
825.79
 10
1389.29
 20
828.21
 10
1392.38
 20
831.15
 10
1396.41
 20
834.79
 10
1397.56
 20
835.9200000000001
 10
1398.6
 20
837.15
 10
1399.52
 20
838.45
 10
1400.32
 20
839.81
 10
1400.97
 20
841.21
 10
1401.47
 20
842.63
 10
1401.81
 20
844.05
 10
1402.47
 20
846.87
 10
1403.42
 20
849.26
 10
1404.81
 20
851.36
 10
1406.77
 20
853.3
 10
1409.44
 20
855.23
 10
1412.96
 20
857.27
 10
1417.46
 20
859.56
 10
1421.82
 20
861.87
 10
1425.33
 20
864.14
 10
1428.05
 20
866.48
 10
1430.07
 20
868.98
 10
1431.46
 20
871.72
 10
1432.3
 20
874.8199999999999
 10
1432.66
 20
878.35
 10
1432.65
 20
880.15
 10
1432.44
 20
881.86
 10
1432.0
 20
883.56
 10
1431.3
 20
885.3299999999999
 10
1430.29
 20
887.28
 10
1428.96
 20
889.47
 10
1427.25
 20
892.01
 10
1422.35
 20
899.13
 10
1418.66
 20
904.73
 10
1415.99
 20
909.21
 10
1414.15
 20
912.95
 10
1412.95
 20
916.36
 10
1412.18
 20
919.8199999999999
 10
1411.67
 20
923.73
 10
1410.32
 20
932.19
 10
1408.05
 20
938.97
 10
1404.59
 20
944.31
 10
1399.63
 20
948.44
 10
1392.9
 20
951.62
 10
1384.09
 20
954.0799999999999
 10
1372.91
 20
956.06
 10
1361.89
 20
957.78
 10
1352.11
 20
959.52
 10
1343.44
 20
961.31
 10
1335.78
 20
963.1700000000001
 10
1329.01
 20
965.14
 10
1323.01
 20
967.24
 10
1317.67
 20
969.5
 10
1313.66
 20
971.44
 10
1310.27
 20
973.3299999999999
 10
1307.15
 20
975.44
 10
1303.97
 20
978.05
 10
1300.39
 20
981.45
 10
1296.05
 20
985.9200000000001
 10
1290.62
 20
991.74
 10
1282.72
 20
1000.23
 10
1275.91
 20
1007.4
 10
1269.93
 20
1013.51
 10
1264.51
 20
1018.8199999999999
 10
1259.39
 20
1023.5799999999999
 10
1254.32
 20
1028.05
 10
1249.03
 20
1032.49
 10
1243.15
 20
1037.2
 10
1238.29
 20
1040.6
 10
1233.77
 20
1042.88
 10
1228.89
 20
1044.21
 10
1222.97
 20
1044.8
 10
1215.31
 20
1044.83
 10
1205.22
 20
1044.49
 10
1199.81
 20
1044.26
 10
1194.46
 20
1044.0
 10
1189.34
 20
1043.73
 10
1184.64
 20
1043.46
 10
1180.55
 20
1043.2
 10
1177.26
 20
1042.95
 10
1174.94
 20
1042.74
 10
1169.17
 20
1042.3
 10
1163.71
 20
1042.31
 10
1158.54
 20
1042.79
 10
1153.6
 20
1043.74
 10
1148.88
 20
1045.16
 10
1144.32
 20
1047.06
 10
1139.88
 20
1049.46
 10
1136.66
 20
1051.35
 10
1134.0
 20
1052.77
 10
1131.66
 20
1053.77
 10
1129.42
 20
1054.44
 10
1127.04
 20
1054.83
 10
1124.28
 20
1055.02
 10
1120.93
 20
1055.08
 10
1116.48
 20
1055.21
 10
1112.54
 20
1055.68
 10
1108.64
 20
1056.7
 10
1104.33
 20
1058.43
 10
1099.15
 20
1061.07
 10
1092.62
 20
1064.79
 10
1084.3
 20
1069.8
 10
1077.73
 20
1073.72
 10
1072.57
 20
1076.49
 10
1068.3
 20
1078.19
 10
1064.38
 20
1078.92
 10
1060.27
 20
1078.8
 10
1055.42
 20
1077.91
 10
1049.3
 20
1076.3600000000001
 10
1046.37
 20
1075.62
 10
1042.71
 20
1074.76
 10
1038.52
 20
1073.81
 10
1033.97
 20
1072.83
 10
1029.25
 20
1071.84
 10
1024.52
 20
1070.8899999999999
 10
1019.97
 20
1070.01
 10
1001.31
 20
1066.5
 10
985.09
 20
1073.57
 10
977.98
 20
1076.51
 10
971.87
 20
1078.66
 10
966.6
 20
1080.04
 10
962.0
 20
1080.67
 10
957.91
 20
1080.58
 10
954.19
 20
1079.8
 10
950.66
 20
1078.33
 10
949.22
 20
1077.41
 10
947.11
 20
1075.83
 10
944.45
 20
1073.7
 10
941.36
 20
1071.1
 10
937.97
 20
1068.15
 10
934.4
 20
1064.95
 10
930.78
 20
1061.6
 10
927.08
 20
1058.21
 10
923.33
 20
1054.8899999999999
 10
919.66
 20
1051.75
 10
916.21
 20
1048.91
 10
913.11
 20
1046.47
 10
910.5
 20
1044.55
 10
908.52
 20
1043.27
 10
904.4
 20
1041.3899999999999
 10
898.63
 20
1039.44
 10
891.46
 20
1037.48
 10
883.17
 20
1035.58
 10
874.03
 20
1033.8
 10
864.3
 20
1032.19
 10
854.25
 20
1030.83
 10
851.04
 20
1030.43
 10
847.85
 20
1030.04
 10
844.79
 20
1029.66
 10
841.98
 20
1029.3
 10
839.53
 20
1028.99
 10
837.54
 20
1028.73
 10
836.13
 20
1028.53
 10
834.92
 20
1028.26
 10
833.51
 20
1027.78
 10
831.95
 20
1027.12
 10
830.31
 20
1026.31
 10
828.65
 20
1025.38
 10
827.05
 20
1024.37
 10
825.56
 20
1023.31
 10
823.04
 20
1021.1700000000001
 10
820.55
 20
1018.4100000000001
 10
817.7
 20
1014.36
 10
814.11
 20
1008.4
 10
809.37
 20
999.86
 10
803.11
 20
988.1
 10
794.92
 20
972.47
 10
789.46
 20
962.1
 10
784.83
 20
953.53
 10
780.79
 20
946.37
 10
777.1
 20
940.21
 10
773.53
 20
934.69
 10
769.85
 20
929.39
 10
765.81
 20
923.9200000000001
 10
763.77
 20
921.1700000000001
 10
761.56
 20
918.0799999999999
 10
759.27
 20
914.8
 10
756.99
 20
911.46
 10
754.81
 20
908.1800000000001
 10
752.82
 20
905.11
 10
751.12
 20
902.36
 10
749.47
 20
899.77
 10
747.68
 20
897.13
 10
745.79
 20
894.53
 10
743.9
 20
892.0699999999999
 10
742.08
 20
889.85
 10
740.4
 20
887.96
 10
738.93
 20
886.51
 10
735.17
 20
883.65
 10
729.98
 20
880.46
 10
723.85
 20
877.1700000000001
 10
717.21
 20
873.99
 10
710.53
 20
871.15
 10
704.27
 20
868.86
 10
698.89
 20
867.3399999999999
 10
696.89
 20
866.8199999999999
 10
694.72
 20
866.14
 10
692.47
 20
865.3299999999999
 10
690.23
 20
864.4200000000001
 10
688.09
 20
863.46
 10
686.13
 20
862.46
 10
684.44
 20
861.48
 10
682.21
 20
860.02
 10
680.53
 20
858.75
 10
679.3
 20
857.52
 10
678.44
 20
856.1700000000001
 10
677.83
 20
854.54
 10
677.37
 20
852.48
 10
676.97
 20
849.8299999999999
 10
675.85
 20
843.5699999999999
 10
674.22
 20
837.89
 10
671.9
 20
832.48
 10
668.72
 20
827.04
 10
664.49
 20
821.27
 10
659.04
 20
814.88
 10
652.21
 20
807.5699999999999
 10
649.99
 20
805.19
 10
648.07
 20
802.99
 10
646.48
 20
800.99
 10
645.21
 20
799.19
 10
644.29
 20
797.63
 10
643.73
 20
796.3199999999999
 10
643.54
 20
795.28
 10
643.7
 20
794.3199999999999
 10
644.17
 20
793.05
 10
644.91
 20
791.53
 10
645.89
 20
789.8399999999999
 10
647.05
 20
788.03
 10
648.36
 20
786.1800000000001
 10
649.8
 20
784.3399999999999
 10
652.91
 20
780.25
 10
655.34
 20
776.39
 10
657.1
 20
772.6700000000001
 10
658.22
 20
768.98
 10
658.74
 20
765.24
 10
658.69
 20
761.35
 10
658.08
 20
757.2
 10
657.52
 20
753.65
 10
657.42
 20
750.7
 10
657.82
 20
748.25
 10
658.75
 20
746.22
 10
660.25
 20
744.54
 10
662.37
 20
743.13
 10
665.14
 20
741.89
 10
666.45
 20
741.37
 10
668.09
 20
740.68
 10
669.99
 20
739.87
 10
672.06
 20
738.96
 10
674.22
 20
737.99
 10
676.39
 20
737.0
 10
678.48
 20
736.03
 10
682.19
 20
734.39
 10
685.3
 20
733.33
 10
688.02
 20
732.86
 10
690.56
 20
732.99
 10
693.13
 20
733.74
 10
695.93
 20
735.11
 10
699.18
 20
737.11
 10
706.84
 20
741.02
 10
714.87
 20
743.09
 10
722.98
 20
743.38
 10
730.88
 20
741.94
 10
738.28
 20
738.83
 10
744.9
 20
734.08
 10
750.45
 20
727.77
 10
753.78
 20
723.04
 10
756.42
 20
719.66
 10
758.74
 20
717.46
 10
761.1
 20
716.26
 10
763.85
 20
715.86
 10
767.36
 20
716.08
 10
771.97
 20
716.74
 10
774.42
 20
717.09
 10
776.33
 20
717.21
 10
777.92
 20
717.03
 10
779.4
 20
716.47
 10
780.97
 20
715.46
 10
782.85
 20
713.9
 10
785.24
 20
711.73
 10
786.84
 20
710.19
 10
788.48
 20
708.46
 10
790.12
 20
706.63
 10
791.68
 20
704.76
 10
793.11
 20
702.93
 10
794.34
 20
701.21
 10
795.32
 20
699.68
 10
797.37
 20
696.67
 10
799.7
 20
694.2
 10
802.35
 20
692.23
 10
805.36
 20
690.77
 10
808.77
 20
689.78
 10
812.62
 20
689.25
 10
816.94
 20
689.16
 10
821.11
 20
689.27
 10
824.13
 20
689.28
 10
826.28
 20
689.12
 10
827.85
 20
688.73
 10
829.13
 20
688.04
 10
830.39
 20
686.97
 10
831.92
 20
685.46
 10
833.9
 20
683.01
 10
835.37
 20
680.19
 10
836.32
 20
677.08
 10
836.73
 20
673.76
 10
836.61
 20
670.31
 10
835.92
 20
666.8
 10
834.68
 20
663.32
 10
833.08
 20
660.1
 10
831.21
 20
656.97
 10
829.19
 20
654.08
 10
827.15
 20
651.58
 10
825.2
 20
649.61
 10
823.46
 20
648.32
 10
822.06
 20
647.86
 10
821.55
 20
647.76
 10
821.0
 20
647.49
 10
820.42
 20
647.06
 10
819.85
 20
646.51
 10
819.31
 20
645.84
 10
818.81
 20
645.08
 10
818.38
 20
644.26
 10
817.62
 20
642.82
 10
816.7
 20
641.71
 10
815.46
 20
640.86
 10
813.73
 20
640.21
 10
811.33
 20
639.7
 10
808.09
 20
639.26
 10
803.85
 20
638.84
 10
801.51
 20
638.68
 10
799.43
 20
638.72
 10
797.44
 20
638.97
 10
795.4
 20
639.49
 10
793.16
 20
640.32
 10
790.57
 20
641.48
 10
787.48
 20
643.02
 10
782.77
 20
645.32
 10
778.7
 20
647.03
 10
775.11
 20
648.18
 10
771.82
 20
648.79
 10
768.65
 20
648.9
 10
765.44
 20
648.55
 10
762.01
 20
647.76
 10
756.48
 20
645.81
 10
749.16
 20
642.66
 10
740.97
 20
638.78
 10
732.85
 20
634.65
 10
725.74
 20
630.74
 10
720.58
 20
627.54
 10
718.3
 20
625.53
 10
718.05
 20
624.71
 10
717.8
 20
623.52
 10
717.56
 20
622.03
 10
717.35
 20
620.3
 10
717.17
 20
618.41
 10
717.03
 20
616.42
 10
716.93
 20
614.4
 10
716.62
 20
610.35
 10
715.91
 20
606.56
 10
714.77
 20
602.89
 10
713.11
 20
599.2
 10
710.89
 20
595.37
 10
708.04
 20
591.25
 10
704.5
 20
586.71
 10
703.01
 20
584.86
 10
701.48
 20
582.95
 10
699.96
 20
581.03
 10
698.51
 20
579.18
 10
697.2
 20
577.48
 10
696.07
 20
575.99
 10
695.18
 20
574.79
 10
692.01
 20
570.44
 10
700.25
 20
561.81
 10
702.28
 20
559.63
 10
704.45
 20
557.22
 10
706.67
 20
554.69
 10
708.84
 20
552.14
 10
710.89
 20
549.66
 10
712.72
 20
547.36
 10
714.26
 20
545.34
 10
717.56
 20
540.98
 10
720.28
 20
537.71
 10
722.67
 20
535.35
 10
724.95
 20
533.76
 10
727.35
 20
532.77
 10
730.11
 20
532.23
 10
733.45
 20
531.96
 10
736.02
 20
531.79
 10
738.03
 20
531.55
 10
739.61
 20
531.16
 10
740.89
 20
530.59
 10
741.97
 20
529.77
 10
742.98
 20
528.66
 10
744.05
 20
527.19
 10
745.68
 20
524.21
 10
747.12
 20
520.45
 10
748.34
 20
516.18
 10
749.26
 20
511.63
 10
749.85
 20
507.07000000000005
 10
750.05
 20
502.75
 10
749.8
 20
498.90999999999997
 10
749.54
 20
494.80999999999995
 10
749.93
 20
490.98
 10
750.99
 20
487.39
 10
752.73
 20
484.02
 10
755.16
 20
480.85
 10
758.3
 20
477.85
 10
762.16
 20
474.98
 10
764.09
 20
473.64
 10
766.13
 20
472.12
 10
768.19
 20
470.49
 10
770.19
 20
468.82000000000005
 10
772.05
 20
467.16999999999996
 10
773.7
 20
465.61
 10
775.05
 20
464.20000000000005
 10
776.82
 20
462.13
 10
778.27
 20
460.1
 10
779.49
 20
457.91999999999996
 10
780.56
 20
455.4
 10
781.55
 20
452.35
 10
782.56
 20
448.57000000000005
 10
783.67
 20
443.87
 10
784.56
 20
439.91999999999996
 10
779.18
 20
442.28999999999996
 10
775.7
 20
443.53999999999996
 10
771.38
 20
444.65
 10
766.57
 20
445.58000000000004
 10
761.63
 20
446.27
 10
756.9
 20
446.67999999999995
 10
752.73
 20
446.76
 10
749.45
 20
446.46000000000004
 10
746.85
 20
445.69000000000005
 10
744.15
 20
444.37
 10
741.46
 20
442.58000000000004
 10
738.85
 20
440.39
 10
736.42
 20
437.88
 10
734.25
 20
435.11
 10
732.44
 20
432.16999999999996
 10
729.67
 20
427.01
 10
716.15
 20
427.94000000000005
 10
702.62
 20
428.87
 10
696.93
 20
424.47
 10
691.25
 20
420.16999999999996
 10
686.36
 20
416.70000000000005
 10
682.02
 20
413.90999999999997
 10
678.0
 20
411.67999999999995
 10
674.08
 20
409.9
 10
670.02
 20
408.41999999999996
 10
665.6
 20
407.12
 10
660.37
 20
405.86
 10
655.48
 20
404.97
 10
650.86
 20
404.42999999999995
 10
646.42
 20
404.26
 10
642.08
 20
404.44000000000005
 10
637.78
 20
404.97
 10
633.42
 20
405.85
 10
631.29
 20
406.45000000000005
 10
629.28
 20
407.23
 10
627.32
 20
408.22
 10
625.33
 20
409.46000000000004
 10
623.27
 20
410.99
 10
621.06
 20
412.87
 10
618.63
 20
415.12
 10
616.09
 20
417.5
 10
613.88
 20
419.38
 10
611.92
 20
420.84000000000003
 10
610.07
 20
421.94000000000005
 10
608.25
 20
422.74
 10
606.33
 20
423.30999999999995
 10
604.22
 20
423.71000000000004
 10
602.13
 20
423.98
 10
600.37
 20
424.09000000000003
 10
598.87
 20
424.03
 10
597.54
 20
423.77
 10
596.28
 20
423.29999999999995
 10
595.01
 20
422.6
 10
593.64
 20
421.65999999999997
 10
591.84
 20
420.40999999999997
 10
590.29
 20
419.5
 10
588.99
 20
418.92999999999995
 10
587.95
 20
418.71000000000004
 10
587.2
 20
418.84000000000003
 10
586.74
 20
419.30999999999995
 10
586.59
 20
420.14
 10
586.44
 20
420.78999999999996
 10
586.01
 20
421.99
 10
585.34
 20
423.65
 10
584.47
 20
425.69000000000005
 10
583.43
 20
428.03999999999996
 10
582.24
 20
430.6
 10
580.96
 20
433.30999999999995
 10
579.42
 20
436.66999999999996
 10
577.98
 20
440.21000000000004
 10
576.64
 20
443.90999999999997
 10
575.39
 20
447.74
 10
574.26
 20
451.70000000000005
 10
573.24
 20
455.77
 10
572.34
 20
459.91999999999996
 10
571.29
 20
464.99
 10
570.38
 20
468.91999999999996
 10
569.5
 20
471.92999999999995
 10
568.56
 20
474.26
 10
567.47
 20
476.14
 10
566.14
 20
477.80999999999995
 10
564.46
 20
479.5
 10
563.07
 20
480.73
 10
561.71
 20
481.77
 10
560.38
 20
482.62
 10
559.08
 20
483.28
 10
557.8
 20
483.75
 10
556.54
 20
484.03
 10
555.3
 20
484.12
 10
551.75
 20
484.44000000000005
 10
547.22
 20
485.29999999999995
 10
542.05
 20
486.62
 10
536.59
 20
488.28
 10
531.19
 20
490.16999999999996
 10
526.2
 20
492.20000000000005
 10
521.96
 20
494.25
 10
519.57
 20
495.63
 10
517.44
 20
497.03
 10
515.54
 20
498.51
 10
513.81
 20
500.1
 10
512.22
 20
501.84000000000003
 10
510.7
 20
503.78
 10
509.22
 20
505.96000000000004
 10
506.07
 20
511.08000000000004
 10
502.86
 20
516.6
 10
499.74
 20
522.21
 10
496.87
 20
527.63
 10
494.41
 20
532.56
 10
492.51
 20
536.72
 10
491.32
 20
539.8
 10
490.85
 20
541.06
 10
490.23
 20
542.4
 10
489.5
 20
543.75
 10
488.68
 20
545.08
 10
487.81
 20
546.32
 10
486.93
 20
547.42
 10
486.05
 20
548.34
 10
484.68
 20
549.53
 10
483.28
 20
550.4
 10
481.59
 20
551.02
 10
479.34
 20
551.42
 10
476.25
 20
551.66
 10
472.07
 20
551.79
 10
466.52
 20
551.84
 10
461.14
 20
551.91
 10
456.82
 20
552.07
 10
453.26
 20
552.37
 10
450.18
 20
552.85
 10
447.29
 20
553.57
 10
444.3
 20
554.57
 10
440.94
 20
555.88
 10
438.68
 20
556.77
 10
436.52
 20
557.55
 10
434.51
 20
558.2
 10
432.75
 20
558.71
 10
431.28
 20
559.06
 10
430.19
 20
559.22
 10
429.55
 20
559.17
 10
428.92
 20
558.84
 10
427.89
 20
558.2
 10
426.53
 20
557.29
 10
424.89
 20
556.15
 10
423.05
 20
554.84
 10
421.06
 20
553.39
 10
419.0
 20
551.85
 10
414.61
 20
548.36
 10
410.78
 20
544.94
 10
407.58
 20
541.67
 10
405.07
 20
538.63
 10
403.33
 20
535.9
 10
402.4
 20
533.56
 10
402.36
 20
531.68
 10
402.41
 20
529.45
 10
401.49
 20
526.9
 10
399.62
 20
524.04
 10
396.79
 20
520.89
 10
393.04
 20
517.44
 10
388.36
 20
513.73
 10
382.76
 20
509.75
 10
372.32
 20
502.57000000000005
 10
364.89
 20
496.96000000000004
 10
360.09
 20
492.26
 10
357.55
 20
487.78
 10
356.87
 20
482.86
 10
357.68
 20
476.83000000000004
 10
359.58
 20
468.99
 10
360.37
 20
465.82000000000005
 10
361.11
 20
462.66999999999996
 10
361.75
 20
459.66999999999996
 10
362.29
 20
456.90999999999997
 10
362.7
 20
454.51
 10
362.96
 20
452.58000000000004
 10
363.06
 20
451.22
 10
362.8
 20
447.65999999999997
 10
362.02
 20
443.65999999999997
 10
360.7
 20
439.19000000000005
 10
358.81
 20
434.16999999999996
 10
356.33
 20
428.55999999999995
 10
353.25
 20
422.29999999999995
 10
349.53
 20
415.33000000000004
 10
347.41
 20
411.4
 10
345.47
 20
407.62
 10
343.75
 20
404.11
 10
342.32
 20
400.99
 10
341.22
 20
398.39
 10
340.52
 20
396.44000000000005
 10
340.28
 20
395.24
 10
340.56
 20
393.52
 10
341.37
 20
391.35
 10
342.67
 20
388.78999999999996
 10
344.41
 20
385.92999999999995
 10
346.55
 20
382.83000000000004
 10
349.05
 20
379.55999999999995
 10
351.87
 20
376.21000000000004
 10
354.3
 20
373.02
 10
356.9
 20
368.94000000000005
 10
359.49
 20
364.28999999999996
 10
361.91
 20
359.41999999999996
 10
363.99
 20
354.65
 10
365.58
 20
350.30999999999995
 10
366.51
 20
346.73
 10
366.77
 20
345.28
 10
367.09
 20
343.66999999999996
 10
367.44
 20
341.97
 10
367.82
 20
340.24
 10
368.2
 20
338.53999999999996
 10
368.58
 20
336.96000000000004
 10
368.93
 20
335.55999999999995
 10
369.45
 20
333.65
 10
369.89
 20
332.30999999999995
 10
370.3
 20
331.47
 10
370.76
 20
331.11
 10
371.3
 20
331.16999999999996
 10
372.0
 20
331.61
 10
372.89
 20
332.38
 10
373.8
 20
333.15
 10
374.56
 20
333.65
 10
375.26
 20
333.87
 10
376.0
 20
333.78999999999996
 10
376.84
 20
333.40999999999997
 10
377.88
 20
332.71000000000004
 10
379.21
 20
331.70000000000005
 10
381.03
 20
330.16999999999996
 10
382.2
 20
328.9
 10
382.69
 20
327.80999999999995
 10
382.49
 20
326.78999999999996
 10
381.58
 20
325.78
 10
379.95
 20
324.66999999999996
 10
377.57
 20
323.38
 10
375.72
 20
322.52
 10
373.85
 20
321.87
 10
371.84
 20
321.40999999999997
 10
369.53
 20
321.11
 10
366.78
 20
320.96000000000004
 10
363.46
 20
320.95000000000005
 10
359.42
 20
321.04999999999995
 10
356.36
 20
321.17999999999995
 10
353.28
 20
321.35
 10
350.29
 20
321.54999999999995
 10
347.48
 20
321.78
 10
344.98
 20
322.02
 10
342.89
 20
322.27
 10
341.33
 20
322.52
 10
339.36
 20
322.78999999999996
 10
337.34
 20
322.71000000000004
 10
334.97
 20
322.17999999999995
 10
331.93
 20
321.08000000000004
 10
327.92
 20
319.29999999999995
 10
322.61
 20
316.73
 10
315.71
 20
313.25
 10
305.93
 20
308.20000000000005
 10
297.83
 20
303.78999999999996
 10
291.26
 20
299.96000000000004
 10
286.1
 20
296.6
 10
282.22
 20
293.65
 10
279.48
 20
291.01
 10
277.75
 20
288.6
 10
274.83
 20
283.95000000000005
 10
271.38
 20
279.86
 10
267.31
 20
276.25
 10
262.54
 20
273.08000000000004
 10
256.97
 20
270.28
 10
250.53
 20
267.79999999999995
 10
243.12
 20
265.58000000000004
 10
239.64
 20
264.62
 10
237.02
 20
263.77
 10
235.04
 20
262.84000000000003
 10
233.48
 20
261.67999999999995
 10
232.12
 20
260.11
 10
230.71
 20
257.97
 10
229.05
 20
255.07999999999993
 10
227.09
 20
251.20000000000005
 10
225.69
 20
247.51
 10
224.86
 20
244.06999999999994
 10
224.59
 20
240.8900000000001
 10
224.9
 20
238.01999999999998
 10
225.79
 20
235.49
 10
227.25
 20
233.33999999999992
 10
228.26
 20
232.31999999999994
 10
229.32
 20
231.57999999999993
 10
230.61
 20
231.1099999999999
 10
232.33
 20
230.8599999999999
 10
234.68
 20
230.81999999999994
 10
237.85
 20
230.96000000000004
 10
242.04
 20
231.25
 10
245.02
 20
231.5
 10
248.18
 20
231.80999999999995
 10
251.39
 20
232.16000000000008
 10
254.53
 20
232.54999999999995
 10
257.47
 20
232.95000000000005
 10
260.1
 20
233.3499999999999
 10
262.28
 20
233.74
 10
264.91
 20
234.17000000000007
 10
267.64
 20
234.45000000000005
 10
270.57
 20
234.57999999999993
 10
273.81
 20
234.55999999999995
 10
277.47
 20
234.3800000000001
 10
281.66
 20
234.04999999999995
 10
286.48
 20
233.55999999999995
 10
291.08
 20
233.1199999999999
 10
297.09
 20
232.67000000000007
 10
304.2
 20
232.21000000000004
 10
312.1
 20
231.76999999999998
 10
320.48
 20
231.3599999999999
 10
329.03
 20
230.99
 10
337.43
 20
230.70000000000005
 10
351.28
 20
230.17000000000007
 10
363.55
 20
229.51999999999998
 10
374.1
 20
228.76
 10
382.8
 20
227.9000000000001
 10
389.51
 20
226.95000000000005
 10
394.1
 20
225.93000000000006
 10
396.44
 20
224.8599999999999
 10
398.96
 20
224.28999999999996
 10
404.55
 20
223.8900000000001
 10
412.34
 20
223.66000000000008
 10
421.45
 20
223.6099999999999
 10
431.0
 20
223.75
 10
440.11
 20
224.06999999999994
 10
447.91
 20
224.57999999999993
  0
LWPOLYLINE
  5
31
330
17
100
AcDbEntity
  8
rockery
100
AcDbPolyline
 90
426
 70
1
 10
399.96
 20
228.44000000000005
 10
397.12
 20
229.22000000000003
 10
390.66
 20
230.31999999999994
 10
381.88
 20
231.58999999999992
 10
372.15
 20
232.83999999999992
 10
362.78
 20
233.9000000000001
 10
355.12
 20
234.6099999999999
 10
350.5
 20
234.78999999999996
 10
348.64
 20
234.71000000000004
 10
346.28
 20
234.6500000000001
 10
343.54
 20
234.6199999999999
 10
340.53
 20
234.5999999999999
 10
337.38
 20
234.6099999999999
 10
334.21
 20
234.6400000000001
 10
331.13
 20
234.69000000000005
 10
318.42
 20
234.97000000000003
 10
321.88
 20
238.67000000000007
 10
323.09
 20
239.72000000000003
 10
325.02
 20
241.08999999999992
 10
327.56
 20
242.71000000000004
 10
330.58
 20
244.5
 10
333.96
 20
246.4000000000001
 10
337.59
 20
248.32999999999993
 10
341.34
 20
250.23000000000002
 10
345.01
 20
252.04999999999995
 10
348.37
 20
253.78999999999996
 10
351.35
 20
255.3800000000001
 10
353.83
 20
256.76
 10
355.73
 20
257.89
 10
356.94
 20
258.71000000000004
 10
357.36
 20
259.15999999999997
 10
358.76
 20
260.23
 10
362.41
 20
261.86
 10
367.53
 20
263.77
 10
373.33
 20
265.71000000000004
 10
379.0
 20
267.41999999999996
 10
383.77
 20
268.61
 10
386.83
 20
269.03999999999996
 10
388.13
 20
268.99
 10
388.95
 20
268.90999999999997
 10
389.27
 20
268.76
 10
389.06
 20
268.53
 10
388.32
 20
268.19000000000005
 10
387.01
 20
267.72
 10
385.12
 20
267.09000000000003
 10
383.64
 20
266.58000000000004
 10
381.93
 20
265.97
 10
380.08
 20
265.27
 10
378.14
 20
264.52
 10
376.21
 20
263.75
 10
374.36
 20
262.98
 10
372.66
 20
262.25
 10
371.02
 20
261.54999999999995
 10
369.34
 20
260.89
 10
367.68
 20
260.28999999999996
 10
366.1
 20
259.75
 10
364.67
 20
259.32000000000005
 10
363.44
 20
258.99
 10
362.49
 20
258.80999999999995
 10
360.09
 20
257.76
 10
356.46
 20
255.3699999999999
 10
352.19
 20
252.1099999999999
 10
347.85
 20
248.48000000000002
 10
344.03
 20
244.97000000000003
 10
341.31
 20
242.05999999999995
 10
340.28
 20
240.23000000000002
 10
340.47
 20
240.05999999999995
 10
341.04
 20
240.26999999999998
 10
341.92
 20
240.83999999999992
 10
343.08
 20
241.73000000000002
 10
344.47
 20
242.8900000000001
 10
346.04
 20
244.30999999999995
 10
347.75
 20
245.94000000000005
 10
350.17
 20
248.19000000000005
 10
352.54
 20
250.17000000000007
 10
354.98
 20
251.92000000000007
 10
357.61
 20
253.52999999999997
 10
360.52
 20
255.05999999999995
 10
363.82
 20
256.57000000000005
 10
367.64
 20
258.14
 10
372.59
 20
260.03999999999996
 10
376.02
 20
261.19000000000005
 10
377.98
 20
261.54999999999995
 10
378.51
 20
261.1
 10
377.66
 20
259.78
 10
375.48
 20
257.55999999999995
 10
372.02
 20
254.4000000000001
 10
370.56
 20
253.05999999999995
 10
369.15
 20
251.68000000000006
 10
367.82
 20
250.29999999999995
 10
366.62
 20
248.97000000000003
 10
365.59
 20
247.76
 10
364.8
 20
246.70000000000005
 10
364.27
 20
245.8599999999999
 10
364.12
 20
245.3599999999999
 10
364.37
 20
245.30999999999995
 10
365.0
 20
245.66000000000008
 10
365.96
 20
246.3900000000001
 10
367.22
 20
247.47000000000003
 10
368.74
 20
248.8699999999999
 10
370.47
 20
250.55999999999995
 10
373.13
 20
253.1300000000001
 10
375.51
 20
255.20000000000005
 10
377.81
 20
256.89
 10
380.23
 20
258.32000000000005
 10
382.98
 20
259.61
 10
386.23
 20
260.87
 10
390.2
 20
262.21000000000004
 10
392.95
 20
263.09000000000003
 10
395.5
 20
263.87
 10
397.78
 20
264.53
 10
399.71
 20
265.05999999999995
 10
401.21
 20
265.42999999999995
 10
402.22
 20
265.62
 10
402.65
 20
265.61
 10
402.18
 20
264.78999999999996
 10
400.55
 20
263.0
 10
398.1
 20
260.55999999999995
 10
395.2
 20
257.80999999999995
 10
392.18
 20
255.07999999999993
 10
389.39
 20
252.70000000000005
 10
387.19
 20
250.99
 10
385.72
 20
249.67000000000007
 10
384.07
 20
247.72000000000003
 10
382.4
 20
245.44000000000005
 10
380.9
 20
243.07999999999993
 10
379.74
 20
240.93000000000006
 10
379.09
 20
239.26
 10
379.14
 20
238.33999999999992
 10
379.33
 20
238.25
 10
379.56
 20
238.30999999999995
 10
379.8
 20
238.51999999999998
 10
380.06
 20
238.8499999999999
 10
380.32
 20
239.28999999999996
 10
380.57
 20
239.83999999999992
 10
380.8
 20
240.48000000000002
 10
382.39
 20
242.96000000000004
 10
385.75
 20
246.74
 10
390.26
 20
251.26
 10
395.33
 20
255.97000000000003
 10
400.35
 20
260.32000000000005
 10
404.74
 20
263.74
 10
407.89
 20
265.67999999999995
 10
409.19
 20
266.17999999999995
 10
411.01
 20
266.78999999999996
 10
413.24
 20
267.48
 10
415.78
 20
268.22
 10
418.53
 20
268.97
 10
421.4
 20
269.72
 10
424.28
 20
270.42999999999995
 10
426.91
 20
271.07000000000005
 10
429.09
 20
271.63
 10
430.75
 20
272.08000000000004
 10
431.87
 20
272.41999999999996
 10
432.39
 20
272.64
 10
432.27
 20
272.71000000000004
 10
431.47
 20
272.63
 10
429.73
 20
272.45000000000005
 10
426.92
 20
272.24
 10
423.22
 20
272.02
 10
418.8
 20
271.78
 10
413.84
 20
271.53999999999996
 10
408.52
 20
271.30999999999995
 10
403.0
 20
271.1
 10
396.19
 20
270.82000000000005
 10
390.25
 20
270.48
 10
385.09
 20
270.07000000000005
 10
380.61
 20
269.58000000000004
 10
376.73
 20
269.01
 10
373.35
 20
268.34000000000003
 10
370.38
 20
267.55999999999995
 10
365.74
 20
266.29999999999995
 10
361.59
 20
265.47
 10
357.76
 20
265.05999999999995
 10
354.05
 20
265.09000000000003
 10
350.28
 20
265.55999999999995
 10
346.26
 20
266.46000000000004
 10
341.8
 20
267.78999999999996
 10
339.46
 20
268.5
 10
336.71
 20
269.21000000000004
 10
333.68
 20
269.90999999999997
 10
330.5
 20
270.57000000000005
 10
327.28
 20
271.16999999999996
 10
324.17
 20
271.66999999999996
 10
321.28
 20
272.04999999999995
 10
315.86
 20
272.66999999999996
 10
311.91
 20
273.07000000000005
 10
309.2
 20
273.27
 10
307.5
 20
273.27
 10
306.57
 20
273.04999999999995
 10
306.18
 20
272.62
 10
306.11
 20
271.98
 10
306.33
 20
271.65999999999997
 10
306.96
 20
271.36
 10
307.96
 20
271.09000000000003
 10
309.27
 20
270.87
 10
310.84
 20
270.71000000000004
 10
312.63
 20
270.6
 10
314.58
 20
270.55999999999995
 10
316.71
 20
270.52
 10
319.04
 20
270.4
 10
321.48
 20
270.22
 10
323.93
 20
269.97
 10
326.29
 20
269.67999999999995
 10
328.46
 20
269.35
 10
330.35
 20
268.99
 10
337.66
 20
267.42999999999995
 10
324.9
 20
255.1099999999999
 10
321.93
 20
252.21000000000004
 10
319.09
 20
249.3699999999999
 10
316.46
 20
246.69000000000005
 10
314.15
 20
244.26999999999998
 10
312.23
 20
242.19000000000005
 10
310.82
 20
240.56999999999994
 10
309.98
 20
239.48000000000002
 10
307.81
 20
236.16000000000008
 10
288.36
 20
237.8599999999999
 10
283.8
 20
238.23000000000002
 10
279.37
 20
238.51
 10
275.22
 20
238.72000000000003
 10
271.5
 20
238.83999999999992
 10
268.35
 20
238.8800000000001
 10
265.93
 20
238.80999999999995
 10
264.38
 20
238.6500000000001
 10
260.33
 20
237.9000000000001
 10
256.31
 20
237.24
 10
252.33
 20
236.70000000000005
 10
248.45
 20
236.26999999999998
 10
244.7
 20
235.95000000000005
 10
241.13
 20
235.76
 10
237.77
 20
235.69000000000005
 10
229.94
 20
235.68000000000006
 10
230.39
 20
242.70000000000005
 10
230.81
 20
246.76
 10
231.52
 20
250.1300000000001
 10
232.6
 20
252.91000000000008
 10
234.09
 20
255.20000000000005
 10
236.06
 20
257.08000000000004
 10
238.56
 20
258.64
 10
241.65
 20
259.96000000000004
 10
246.53
 20
261.79999999999995
 10
251.38
 20
263.72
 10
256.01
 20
265.65999999999997
 10
260.27
 20
267.53
 10
263.98
 20
269.28
 10
266.98
 20
270.80999999999995
 10
269.09
 20
272.07000000000005
 10
270.06
 20
272.69000000000005
 10
271.27
 20
273.42999999999995
 10
272.65
 20
274.24
 10
274.14
 20
275.08000000000004
 10
275.68
 20
275.92999999999995
 10
277.22
 20
276.76
 10
278.7
 20
277.52
 10
281.15
 20
278.88
 10
282.97
 20
280.11
 10
284.14
 20
281.20000000000005
 10
284.63
 20
282.1
 10
284.44
 20
282.78999999999996
 10
283.53
 20
283.22
 10
281.9
 20
283.38
 10
279.8
 20
283.78999999999996
 10
278.93
 20
284.96000000000004
 10
279.2
 20
286.74
 10
280.53
 20
288.99
 10
282.85
 20
291.57000000000005
 10
286.06
 20
294.35
 10
290.09
 20
297.19000000000005
 10
295.8
 20
300.6
 10
303.3
 20
304.73
 10
311.69
 20
309.15
 10
320.06
 20
313.38
 10
327.5
 20
316.97
 10
333.11
 20
319.46000000000004
 10
335.97
 20
320.39
 10
336.59
 20
320.30999999999995
 10
337.4
 20
320.09000000000003
 10
338.36
 20
319.75
 10
339.43
 20
319.30999999999995
 10
340.56
 20
318.77
 10
341.71
 20
318.16999999999996
 10
342.85
 20
317.51
 10
346.77
 20
315.78999999999996
 10
351.65
 20
314.72
 10
357.31
 20
314.29999999999995
 10
363.55
 20
314.53
 10
370.18
 20
315.39
 10
377.01
 20
316.89
 10
383.85
 20
319.01
 10
387.97
 20
320.42999999999995
 10
391.56
 20
321.53999999999996
 10
394.83
 20
322.36
 10
397.97
 20
322.95000000000005
 10
401.18
 20
323.32000000000005
 10
404.67
 20
323.53
 10
408.62
 20
323.6
 10
411.53
 20
323.59000000000003
 10
414.49
 20
323.52
 10
417.39
 20
323.4
 10
420.12
 20
323.23
 10
422.57
 20
323.03999999999996
 10
424.64
 20
322.80999999999995
 10
426.22
 20
322.55999999999995
 10
427.73
 20
322.29999999999995
 10
429.04
 20
322.15
 10
430.15
 20
322.12
 10
431.08
 20
322.20000000000005
 10
431.81
 20
322.4
 10
432.38
 20
322.72
 10
432.77
 20
323.15
 10
433.3
 20
323.62
 10
434.29
 20
323.95000000000005
 10
435.79
 20
324.14
 10
437.87
 20
324.19000000000005
 10
440.6
 20
324.1
 10
444.04
 20
323.88
 10
448.26
 20
323.53
 10
453.24
 20
323.03999999999996
 10
457.16
 20
322.54999999999995
 10
460.27
 20
321.97
 10
462.87
 20
321.22
 10
465.23
 20
320.22
 10
467.62
 20
318.9
 10
470.33
 20
317.16999999999996
 10
476.44
 20
313.26
 10
481.95
 20
310.04999999999995
 10
486.94
 20
307.52
 10
491.52
 20
305.62
 10
495.78
 20
304.30999999999995
 10
499.81
 20
303.54999999999995
 10
503.71
 20
303.30999999999995
 10
505.82
 20
303.25
 10
508.15
 20
303.07000000000005
 10
510.61
 20
302.78999999999996
 10
513.1
 20
302.42999999999995
 10
515.52
 20
302.0
 10
517.78
 20
301.51
 10
519.77
 20
300.97
 10
521.62
 20
300.42999999999995
 10
523.49
 20
299.90999999999997
 10
525.3
 20
299.42999999999995
 10
527.0
 20
299.01
 10
528.51
 20
298.65999999999997
 10
529.76
 20
298.4
 10
530.7
 20
298.25
 10
535.68
 20
297.6
 10
539.52
 20
296.91999999999996
 10
542.5
 20
296.05999999999995
 10
544.94
 20
294.88
 10
547.14
 20
293.23
 10
549.41
 20
290.96000000000004
 10
552.06
 20
287.91999999999996
 10
553.69
 20
285.98
 10
555.38
 20
283.99
 10
557.04
 20
282.03
 10
558.63
 20
280.16999999999996
 10
560.07
 20
278.48
 10
561.31
 20
277.03999999999996
 10
562.28
 20
275.91999999999996
 10
563.15
 20
274.86
 10
564.12
 20
273.6
 10
565.15
 20
272.19000000000005
 10
566.18
 20
270.69000000000005
 10
567.19
 20
269.15999999999997
 10
568.13
 20
267.66999999999996
 10
568.96
 20
266.27
 10
572.18
 20
260.59000000000003
 10
568.35
 20
260.5
 10
566.96
 20
260.46000000000004
 10
566.02
 20
260.4
 10
565.52
 20
260.28999999999996
 10
565.45
 20
260.11
 10
565.8
 20
259.83000000000004
 10
566.56
 20
259.41999999999996
 10
567.72
 20
258.86
 10
568.59
 20
258.36
 10
569.32
 20
257.77
 10
569.91
 20
257.09000000000003
 10
570.36
 20
256.29999999999995
 10
570.68
 20
255.41000000000008
 10
570.86
 20
254.3900000000001
 10
570.92
 20
253.26
 10
570.92
 20
249.20000000000005
 10
555.62
 20
249.22000000000003
 10
551.5
 20
249.26999999999998
 10
547.65
 20
249.42000000000007
 10
544.09
 20
249.66000000000008
 10
540.84
 20
249.98000000000002
 10
537.92
 20
250.3900000000001
 10
535.37
 20
250.8900000000001
 10
533.19
 20
251.47000000000003
 10
526.97
 20
253.3900000000001
 10
521.43
 20
255.02999999999997
 10
516.65
 20
256.37
 10
512.7
 20
257.39
 10
509.67
 20
258.08000000000004
 10
507.63
 20
258.4
 10
506.67
 20
258.34000000000003
 10
506.14
 20
258.15
 10
505.09
 20
257.87
 10
503.58
 20
257.52
 10
501.7
 20
257.12
 10
499.51
 20
256.66999999999996
 10
497.09
 20
256.21000000000004
 10
494.51
 20
255.74
 10
488.85
 20
254.68000000000006
 10
484.4
 20
253.66000000000008
 10
480.81
 20
252.51
 10
477.72
 20
251.05999999999995
 10
474.74
 20
249.1300000000001
 10
471.53
 20
246.55999999999995
 10
467.7
 20
243.17000000000007
 10
465.67
 20
241.3499999999999
 10
463.63
 20
239.5999999999999
 10
461.67
 20
237.96000000000004
 10
459.85
 20
236.5
 10
458.25
 20
235.26999999999998
 10
456.94
 20
234.32999999999993
 10
455.99
 20
233.74
 10
450.97
 20
232.22000000000003
 10
442.48
 20
230.72000000000003
 10
432.02
 20
229.3800000000001
 10
421.06
 20
228.33999999999992
 10
411.07
 20
227.74
 10
403.54
 20
227.73000000000002
 10
399.96
 20
228.44000000000005
  0
LWPOLYLINE
  5
32
330
17
100
AcDbEntity
  8
rockery
100
AcDbPolyline
 90
408
 70
1
 10
882.73
 20
234.43000000000006
 10
873.81
 20
236.72000000000003
 10
863.07
 20
238.6199999999999
 10
851.13
 20
240.07999999999993
 10
838.63
 20
241.05999999999995
 10
826.24
 20
241.51
 10
814.57
 20
241.3599999999999
 10
804.29
 20
240.57999999999993
 10
799.41
 20
240.03999999999996
 10
795.37
 20
239.67000000000007
 10
792.0
 20
239.47000000000003
 10
789.18
 20
239.45000000000005
 10
786.77
 20
239.6099999999999
 10
784.62
 20
239.93000000000006
 10
782.6
 20
240.43000000000006
 10
780.84
 20
240.8900000000001
 10
778.46
 20
241.47000000000003
 10
775.59
 20
242.1300000000001
 10
772.35
 20
242.83999999999992
 10
768.87
 20
243.57999999999993
 10
765.28
 20
244.30999999999995
 10
761.71
 20
245.01
 10
758.22
 20
245.71000000000004
 10
754.89
 20
246.42000000000007
 10
751.81
 20
247.1199999999999
 10
749.09
 20
247.78999999999996
 10
746.84
 20
248.3900000000001
 10
745.18
 20
248.91000000000008
 10
744.19
 20
249.30999999999995
 10
741.82
 20
250.3800000000001
 10
738.7
 20
251.3499999999999
 10
734.88
 20
252.21000000000004
 10
730.43
 20
252.97000000000003
 10
725.37
 20
253.5999999999999
 10
719.76
 20
254.1099999999999
 10
713.65
 20
254.47000000000003
 10
710.32
 20
254.6500000000001
 10
707.25
 20
254.83999999999992
 10
704.54
 20
255.04999999999995
 10
702.28
 20
255.25
 10
700.55
 20
255.46000000000004
 10
699.45
 20
255.6400000000001
 10
699.06
 20
255.80999999999995
 10
699.31
 20
256.69000000000005
 10
699.98
 20
258.21000000000004
 10
701.0
 20
260.20000000000005
 10
702.28
 20
262.52
 10
703.72
 20
264.99
 10
705.24
 20
267.47
 10
706.75
 20
269.78
 10
707.63
 20
271.20000000000005
 10
708.64
 20
273.05999999999995
 10
709.73
 20
275.26
 10
710.86
 20
277.70000000000005
 10
711.99
 20
280.28
 10
713.07
 20
282.90999999999997
 10
714.05
 20
285.5
 10
717.96
 20
296.22
 10
725.95
 20
298.45000000000005
 10
727.91
 20
299.0
 10
729.97
 20
299.58000000000004
 10
732.04
 20
300.15999999999997
 10
734.05
 20
300.74
 10
735.92
 20
301.28
 10
737.58
 20
301.76
 10
738.93
 20
302.15
 10
740.27
 20
302.65
 10
741.91
 20
303.41999999999996
 10
743.77
 20
304.41999999999996
 10
745.76
 20
305.59000000000003
 10
747.81
 20
306.89
 10
749.83
 20
308.28
 10
751.76
 20
309.71000000000004
 10
759.61
 20
315.78
 10
768.13
 20
314.08000000000004
 10
770.7
 20
313.64
 10
773.39
 20
313.33000000000004
 10
776.22
 20
313.14
 10
779.21
 20
313.07000000000005
 10
782.41
 20
313.13
 10
785.82
 20
313.29999999999995
 10
789.47
 20
313.6
 10
792.55
 20
313.89
 10
795.66
 20
314.16999999999996
 10
798.7
 20
314.42999999999995
 10
801.55
 20
314.65999999999997
 10
804.1
 20
314.86
 10
806.24
 20
315.02
 10
807.85
 20
315.12
 10
809.14
 20
315.23
 10
810.36
 20
315.41999999999996
 10
811.46
 20
315.66999999999996
 10
812.41
 20
315.98
 10
813.18
 20
316.33000000000004
 10
813.72
 20
316.71000000000004
 10
814.0
 20
317.11
 10
813.75
 20
318.02
 10
812.54
 20
318.83000000000004
 10
810.61
 20
319.48
 10
808.2
 20
319.92999999999995
 10
805.55
 20
320.13
 10
802.9
 20
320.03
 10
800.51
 20
319.6
 10
797.21
 20
318.95000000000005
 10
793.13
 20
318.53
 10
788.78
 20
318.34000000000003
 10
784.7
 20
318.37
 10
781.39
 20
318.63
 10
779.38
 20
319.09000000000003
 10
779.18
 20
319.77
 10
779.85
 20
320.36
 10
780.97
 20
321.34000000000003
 10
782.47
 20
322.65
 10
784.29
 20
324.23
 10
786.34
 20
326.02
 10
788.57
 20
327.95000000000005
 10
790.89
 20
329.97
 10
800.86
 20
338.62
 10
817.23
 20
338.69000000000005
 10
821.21
 20
338.73
 10
825.33
 20
338.82000000000005
 10
829.42
 20
338.94000000000005
 10
833.34
 20
339.1
 10
836.93
 20
339.28
 10
840.04
 20
339.49
 10
842.51
 20
339.71000000000004
 10
844.97
 20
339.92999999999995
 10
847.11
 20
340.04999999999995
 10
848.95
 20
340.04999999999995
 10
850.49
 20
339.95000000000005
 10
851.76
 20
339.73
 10
852.75
 20
339.4
 10
853.48
 20
338.95000000000005
 10
854.21
 20
338.46000000000004
 10
855.08
 20
338.14
 10
856.14
 20
337.98
 10
857.45
 20
337.99
 10
859.08
 20
338.16999999999996
 10
861.07
 20
338.51
 10
863.49
 20
339.02
 10
866.26
 20
339.62
 10
868.41
 20
339.98
 10
870.09
 20
340.11
 10
871.46
 20
339.99
 10
872.67
 20
339.59000000000003
 10
873.89
 20
338.91999999999996
 10
875.27
 20
337.94000000000005
 10
876.38
 20
336.94000000000005
 10
877.87
 20
335.34000000000003
 10
879.65
 20
333.24
 10
881.65
 20
330.75
 10
883.78
 20
327.95000000000005
 10
885.97
 20
324.95000000000005
 10
888.13
 20
321.85
 10
891.01
 20
317.6
 10
893.1
 20
314.38
 10
894.48
 20
312.05999999999995
 10
895.19
 20
310.53999999999996
 10
895.29
 20
309.70000000000005
 10
894.83
 20
309.40999999999997
 10
893.86
 20
309.58000000000004
 10
892.88
 20
309.84000000000003
 10
891.54
 20
310.15
 10
889.91
 20
310.5
 10
888.08
 20
310.87
 10
886.1
 20
311.26
 10
884.05
 20
311.63
 10
882.01
 20
311.99
 10
879.89
 20
312.35
 10
877.61
 20
312.75
 10
875.27
 20
313.15999999999997
 10
872.95
 20
313.58000000000004
 10
870.76
 20
313.98
 10
868.77
 20
314.34000000000003
 10
867.08
 20
314.65999999999997
 10
865.56
 20
314.90999999999997
 10
864.07
 20
315.08000000000004
 10
862.64
 20
315.16999999999996
 10
861.33
 20
315.17999999999995
 10
860.2
 20
315.12
 10
859.28
 20
314.97
 10
858.65
 20
314.74
 10
857.88
 20
313.83000000000004
 10
858.43
 20
312.80999999999995
 10
860.11
 20
311.75
 10
862.77
 20
310.70000000000005
 10
866.24
 20
309.74
 10
870.33
 20
308.92999999999995
 10
874.89
 20
308.34000000000003
 10
880.2
 20
307.66999999999996
 10
885.14
 20
306.74
 10
889.62
 20
305.59000000000003
 10
893.53
 20
304.25
 10
896.78
 20
302.75
 10
899.25
 20
301.14
 10
900.86
 20
299.42999999999995
 10
901.49
 20
298.63
 10
902.3
 20
297.89
 10
903.26
 20
297.21000000000004
 10
904.34
 20
296.61
 10
905.53
 20
296.11
 10
906.8
 20
295.71000000000004
 10
908.14
 20
295.42999999999995
 10
911.95
 20
294.78999999999996
 10
914.96
 20
294.19000000000005
 10
917.42
 20
293.52
 10
919.59
 20
292.67999999999995
 10
921.75
 20
291.57000000000005
 10
924.15
 20
290.08000000000004
 10
927.05
 20
288.12
 10
929.02
 20
286.79999999999995
 10
931.26
 20
285.35
 10
933.67
 20
283.84000000000003
 10
936.15
 20
282.32000000000005
 10
938.61
 20
280.85
 10
940.95
 20
279.49
 10
943.06
 20
278.30999999999995
 10
945.87
 20
276.70000000000005
 10
948.21
 20
275.15
 10
950.22
 20
273.49
 10
952.07
 20
271.57000000000005
 10
953.92
 20
269.21000000000004
 10
955.91
 20
266.26
 10
958.23
 20
262.53999999999996
 10
959.77
 20
259.97
 10
961.17
 20
257.58000000000004
 10
962.38
 20
255.45000000000005
 10
963.37
 20
253.6500000000001
 10
964.11
 20
252.25
 10
964.54
 20
251.31999999999994
 10
964.63
 20
250.92000000000007
 10
964.13
 20
250.94000000000005
 10
962.87
 20
251.18000000000006
 10
960.97
 20
251.6199999999999
 10
958.51
 20
252.22000000000003
 10
955.58
 20
252.98000000000002
 10
952.3
 20
253.8499999999999
 10
948.75
 20
254.82999999999993
 10
945.07
 20
255.81999999999994
 10
941.43
 20
256.73
 10
937.94
 20
257.53
 10
934.74
 20
258.20000000000005
 10
931.95
 20
258.72
 10
929.7
 20
259.04999999999995
 10
928.1
 20
259.15999999999997
 10
926.26
 20
259.28999999999996
 10
924.48
 20
259.74
 10
922.55
 20
260.67999999999995
 10
920.26
 20
262.23
 10
917.4
 20
264.53
 10
913.76
 20
267.74
 10
909.14
 20
271.99
 10
905.9
 20
274.96000000000004
 10
902.76
 20
277.78
 10
899.83
 20
280.34000000000003
 10
897.21
 20
282.58000000000004
 10
895.0
 20
284.39
 10
893.31
 20
285.69000000000005
 10
892.23
 20
286.39
 10
891.84
 20
286.45000000000005
 10
892.1
 20
285.92999999999995
 10
892.95
 20
284.89
 10
894.33
 20
283.39
 10
896.19
 20
281.48
 10
898.49
 20
279.23
 10
901.15
 20
276.69000000000005
 10
913.17
 20
265.41999999999996
 10
910.41
 20
261.70000000000005
 10
908.96
 20
260.05999999999995
 10
907.34
 20
258.78
 10
905.63
 20
257.86
 10
903.9
 20
257.33000000000004
 10
902.22
 20
257.21000000000004
 10
900.66
 20
257.53
 10
899.3
 20
258.29999999999995
 10
898.74
 20
258.84000000000003
 10
897.99
 20
259.66999999999996
 10
897.11
 20
260.75
 10
896.12
 20
262.02
 10
895.07
 20
263.42999999999995
 10
893.99
 20
264.94000000000005
 10
892.93
 20
266.49
 10
889.9
 20
270.6
 10
886.45
 20
274.5
 10
882.59
 20
278.20000000000005
 10
878.33
 20
281.69000000000005
 10
873.65
 20
284.97
 10
868.58
 20
288.03999999999996
 10
863.11
 20
290.89
 10
860.4
 20
292.16999999999996
 10
857.87
 20
293.32000000000005
 10
855.61
 20
294.30999999999995
 10
853.69
 20
295.1
 10
852.18
 20
295.65999999999997
 10
851.16
 20
295.96000000000004
 10
850.71
 20
295.97
 10
850.87
 20
295.69000000000005
 10
851.6
 20
295.15
 10
852.83
 20
294.39
 10
854.5
 20
293.45000000000005
 10
856.54
 20
292.37
 10
858.88
 20
291.17999999999995
 10
861.46
 20
289.90999999999997
 10
864.24
 20
288.5
 10
867.17
 20
286.87
 10
870.12
 20
285.1
 10
872.99
 20
283.26
 10
875.66
 20
281.42999999999995
 10
878.01
 20
279.66999999999996
 10
879.94
 20
278.05999999999995
 10
883.24
 20
274.84000000000003
 10
886.31
 20
271.36
 10
889.01
 20
267.85
 10
891.2
 20
264.51
 10
892.74
 20
261.54999999999995
 10
893.49
 20
259.19000000000005
 10
893.33
 20
257.62
 10
892.62
 20
257.17999999999995
 10
891.07
 20
256.85
 10
888.6
 20
256.65
 10
885.13
 20
256.57000000000005
 10
880.56
 20
256.6
 10
874.83
 20
256.75
 10
867.84
 20
257.01
 10
859.76
 20
257.32000000000005
 10
853.36
 20
257.48
 10
848.28
 20
257.48
 10
844.2
 20
257.29999999999995
 10
840.77
 20
256.92999999999995
 10
837.66
 20
256.35
 10
834.53
 20
255.55999999999995
 10
830.75
 20
254.3800000000001
 10
827.74
 20
253.22000000000003
 10
825.63
 20
252.17000000000007
 10
824.54
 20
251.33999999999992
 10
824.61
 20
250.82999999999993
 10
825.97
 20
250.74
 10
828.76
 20
251.17000000000007
 10
833.66
 20
252.03999999999996
 10
838.53
 20
252.66000000000008
 10
843.48
 20
253.02999999999997
 10
848.58
 20
253.1500000000001
 10
853.92
 20
253.01999999999998
 10
859.61
 20
252.6500000000001
 10
865.73
 20
252.03999999999996
 10
870.82
 20
251.5
 10
875.17
 20
251.1300000000001
 10
879.0
 20
250.95000000000005
 10
882.52
 20
250.95000000000005
 10
885.94
 20
251.1300000000001
 10
889.47
 20
251.5
 10
893.33
 20
252.03999999999996
 10
896.55
 20
252.51
 10
899.35
 20
252.82999999999993
 10
901.76
 20
253.02999999999997
 10
903.78
 20
253.07999999999993
 10
905.42
 20
253.0
 10
906.69
 20
252.78999999999996
 10
907.61
 20
252.44000000000005
 10
908.45
 20
252.07999999999993
 10
909.42
 20
251.8800000000001
 10
910.56
 20
251.83999999999992
 10
911.88
 20
251.95000000000005
 10
913.39
 20
252.21000000000004
 10
915.13
 20
252.6400000000001
 10
917.1
 20
253.23000000000002
 10
919.57
 20
253.98000000000002
 10
921.71
 20
254.47000000000003
 10
923.74
 20
254.71000000000004
 10
925.93
 20
254.69000000000005
 10
928.5
 20
254.41000000000008
 10
931.7
 20
253.8699999999999
 10
935.78
 20
253.06999999999994
 10
938.61
 20
252.48000000000002
 10
941.5
 20
251.8800000000001
 10
944.36
 20
251.26
 10
947.06
 20
250.67000000000007
 10
949.51
 20
250.1199999999999
 10
951.59
 20
249.6400000000001
 10
953.2
 20
249.25
 10
954.62
 20
248.9000000000001
 10
956.14
 20
248.52999999999997
 10
957.7
 20
248.1400000000001
 10
959.24
 20
247.76999999999998
 10
960.71
 20
247.42000000000007
 10
962.04
 20
247.0999999999999
 10
963.17
 20
246.83999999999992
 10
964.02
 20
246.52999999999997
 10
963.96
 20
246.20000000000005
 10
962.96
 20
245.8599999999999
 10
960.99
 20
245.48000000000002
 10
958.01
 20
245.06999999999994
 10
954.0
 20
244.6099999999999
 10
948.93
 20
244.1199999999999
 10
940.95
 20
243.26
 10
933.51
 20
242.25
 10
926.61
 20
241.06999999999994
 10
920.24
 20
239.73000000000002
 10
914.41
 20
238.23000000000002
 10
909.1
 20
236.55999999999995
 10
904.32
 20
234.73000000000002
 10
901.33
 20
233.6099999999999
 10
898.45
 20
232.8499999999999
 10
895.61
 20
232.45000000000005
 10
892.7
 20
232.41000000000008
 10
889.64
 20
232.73000000000002
 10
886.35
 20
233.4000000000001
 10
882.73
 20
234.43000000000006
  0
LWPOLYLINE
  5
33
330
17
100
AcDbEntity
  8
rockery
100
AcDbPolyline
 90
45
 70
1
 10
472.83
 20
239.8900000000001
 10
476.78
 20
242.68000000000006
 10
480.02
 20
244.74
 10
482.78
 20
246.17000000000007
 10
485.31
 20
247.04999999999995
 10
487.85
 20
247.46000000000004
 10
490.64
 20
247.49
 10
493.92
 20
247.21000000000004
 10
496.1
 20
246.99
 10
498.82
 20
246.74
 10
501.94
 20
246.47000000000003
 10
505.33
 20
246.19000000000005
 10
508.85
 20
245.92000000000007
 10
512.37
 20
245.67000000000007
 10
515.75
 20
245.44000000000005
 10
518.93
 20
245.21000000000004
 10
521.84
 20
244.93000000000006
 10
524.42
 20
244.6199999999999
 10
526.58
 20
244.28999999999996
 10
528.22
 20
243.95000000000005
 10
529.27
 20
243.6300000000001
 10
529.63
 20
243.31999999999994
 10
529.61
 20
243.03999999999996
 10
529.53
 20
242.77999999999997
 10
529.4
 20
242.54999999999995
 10
529.23
 20
242.3499999999999
 10
529.04
 20
242.20000000000005
 10
528.81
 20
242.1099999999999
 10
528.57
 20
242.06999999999994
 10
527.66
 20
241.99
 10
525.56
 20
241.76999999999998
 10
522.42
 20
241.43000000000006
 10
518.39
 20
240.99
 10
513.65
 20
240.46000000000004
 10
508.34
 20
239.8699999999999
 10
502.63
 20
239.22000000000003
 10
496.81
 20
238.56999999999994
 10
491.22
 20
237.98000000000002
 10
486.02
 20
237.45000000000005
 10
481.4
 20
237.01
 10
477.55
 20
236.68000000000006
 10
474.65
 20
236.47000000000003
 10
472.87
 20
236.3900000000001
 10
467.99
 20
236.3900000000001
 10
472.83
 20
239.8900000000001
  0
LWPOLYLINE
  5
34
330
17
100
AcDbEntity
  8
rockery
100
AcDbPolyline
 90
31
 70
1
 10
311.8
 20
239.1099999999999
 10
313.22
 20
241.56999999999994
 10
316.91
 20
245.6500000000001
 10
322.07
 20
250.6300000000001
 10
327.85
 20
255.76999999999998
 10
333.45
 20
260.34000000000003
 10
338.02
 20
263.6
 10
340.76
 20
264.83000000000004
 10
341.26
 20
264.71000000000004
 10
341.97
 20
264.40999999999997
 10
342.84
 20
263.94000000000005
 10
343.83
 20
263.32000000000005
 10
344.9
 20
262.59000000000003
 10
346.02
 20
261.76
 10
347.15
 20
260.86
 10
351.88
 20
256.92999999999995
 10
341.45
 20
252.08999999999992
 10
338.88
 20
250.8599999999999
 10
336.15
 20
249.48000000000002
 10
333.37
 20
248.02999999999997
 10
330.66
 20
246.54999999999995
 10
328.1
 20
245.0999999999999
 10
325.82
 20
243.74
 10
323.92
 20
242.52999999999997
 10
321.08
 20
240.76
 10
318.5
 20
239.3900000000001
 10
316.26
 20
238.43000000000006
 10
314.4
 20
237.91000000000008
 10
313.0
 20
237.82999999999993
 10
312.11
 20
238.23000000000002
 10
311.8
 20
239.1099999999999
  0
LWPOLYLINE
  5
35
330
17
100
AcDbEntity
  8
rockery
100
AcDbPolyline
 90
478
 70
1
 10
1237.76
 20
241.3599999999999
 10
1235.3
 20
242.19000000000005
 10
1232.62
 20
243.1400000000001
 10
1229.81
 20
244.19000000000005
 10
1227.0
 20
245.27999999999997
 10
1224.29
 20
246.3800000000001
 10
1221.8
 20
247.43000000000006
 10
1219.63
 20
248.41000000000008
 10
1217.31
 20
249.4000000000001
 10
1214.9
 20
250.29999999999995
 10
1212.42
 20
251.07999999999993
 10
1209.91
 20
251.73000000000002
 10
1207.41
 20
252.26
 10
1204.94
 20
252.6400000000001
 10
1202.54
 20
252.8699999999999
 10
1193.17
 20
253.54999999999995
 10
1185.38
 20
254.25
 10
1178.99
 20
255.0
 10
1173.86
 20
255.80999999999995
 10
1169.81
 20
256.71000000000004
 10
1166.69
 20
257.74
 10
1164.33
 20
258.90999999999997
 10
1162.55
 20
259.94000000000005
 10
1160.85
 20
260.67999999999995
 10
1158.99
 20
261.15999999999997
 10
1156.72
 20
261.40999999999997
 10
1153.78
 20
261.46000000000004
 10
1149.95
 20
261.33000000000004
 10
1144.97
 20
261.04999999999995
 10
1139.62
 20
260.74
 10
1135.72
 20
260.58000000000004
 10
1132.98
 20
260.63
 10
1131.09
 20
260.95000000000005
 10
1129.75
 20
261.57000000000005
 10
1128.66
 20
262.55999999999995
 10
1127.52
 20
263.95000000000005
 10
1126.75
 20
264.86
 10
1125.9
 20
265.77
 10
1124.98
 20
266.65999999999997
 10
1124.04
 20
267.5
 10
1123.11
 20
268.24
 10
1122.23
 20
268.87
 10
1121.45
 20
269.33000000000004
 10
1120.55
 20
269.77
 10
1119.99
 20
269.96000000000004
 10
1119.77
 20
269.88
 10
1119.91
 20
269.51
 10
1120.41
 20
268.84000000000003
 10
1121.29
 20
267.83000000000004
 10
1122.54
 20
266.47
 10
1126.72
 20
262.02
 10
1122.44
 20
262.02
 10
1120.14
 20
262.22
 10
1116.98
 20
262.78
 10
1113.34
 20
263.58000000000004
 10
1109.58
 20
264.54999999999995
 10
1106.07
 20
265.58000000000004
 10
1103.18
 20
266.58000000000004
 10
1101.28
 20
267.45000000000005
 10
1100.95
 20
267.96000000000004
 10
1101.48
 20
268.51
 10
1102.75
 20
269.03999999999996
 10
1104.63
 20
269.53999999999996
 10
1107.0
 20
269.96000000000004
 10
1109.72
 20
270.27
 10
1112.66
 20
270.44000000000005
 10
1114.02
 20
270.52
 10
1115.38
 20
270.66999999999996
 10
1116.69
 20
270.87
 10
1117.9
 20
271.13
 10
1118.97
 20
271.42999999999995
 10
1119.85
 20
271.76
 10
1120.49
 20
272.1
 10
1120.46
 20
272.67999999999995
 10
1118.57
 20
272.90999999999997
 10
1115.31
 20
272.86
 10
1111.19
 20
272.53999999999996
 10
1106.72
 20
272.01
 10
1102.39
 20
271.29999999999995
 10
1098.71
 20
270.44000000000005
 10
1096.46
 20
270.0
 10
1093.91
 20
269.82000000000005
 10
1091.29
 20
269.88
 10
1088.85
 20
270.14
 10
1086.81
 20
270.6
 10
1085.42
 20
271.21000000000004
 10
1084.9
 20
271.95000000000005
 10
1085.04
 20
272.25
 10
1085.44
 20
272.65
 10
1086.07
 20
273.11
 10
1086.9
 20
273.61
 10
1087.89
 20
274.15
 10
1089.02
 20
274.70000000000005
 10
1090.24
 20
275.23
 10
1095.58
 20
277.42999999999995
 10
1090.59
 20
276.74
 10
1088.06
 20
276.35
 10
1084.8
 20
275.78
 10
1080.59
 20
274.97
 10
1075.17
 20
273.89
 10
1068.31
 20
272.49
 10
1059.77
 20
270.71000000000004
 10
1049.3
 20
268.5
 10
1041.36
 20
267.0
 10
1032.95
 20
265.72
 10
1024.55
 20
264.70000000000005
 10
1016.66
 20
263.98
 10
1009.78
 20
263.62
 10
1004.4
 20
263.65
 10
1001.01
 20
264.12
 10
1000.3
 20
264.36
 10
999.68
 20
264.63
 10
999.17
 20
264.89
 10
998.78
 20
265.15
 10
998.52
 20
265.39
 10
998.42
 20
265.6
 10
998.48
 20
265.77
 10
998.53
 20
266.02
 10
998.38
 20
266.45000000000005
 10
998.06
 20
267.02
 10
997.57
 20
267.72
 10
996.95
 20
268.51
 10
996.21
 20
269.37
 10
995.37
 20
270.27
 10
994.4
 20
271.28999999999996
 10
993.29
 20
272.52
 10
992.08
 20
273.88
 10
990.83
 20
275.32000000000005
 10
989.59
 20
276.78999999999996
 10
988.41
 20
278.22
 10
987.32
 20
279.57000000000005
 10
985.79
 20
281.4
 10
984.3
 20
282.88
 10
982.66
 20
284.09000000000003
 10
980.71
 20
285.12
 10
978.28
 20
286.08000000000004
 10
975.17
 20
287.04999999999995
 10
971.23
 20
288.13
 10
968.53
 20
288.88
 10
966.05
 20
289.64
 10
963.86
 20
290.39
 10
962.03
 20
291.09000000000003
 10
960.63
 20
291.71000000000004
 10
959.73
 20
292.24
 10
959.42
 20
292.65
 10
959.86
 20
293.09000000000003
 10
961.13
 20
293.72
 10
963.12
 20
294.51
 10
965.73
 20
295.41999999999996
 10
968.85
 20
296.41999999999996
 10
972.39
 20
297.47
 10
976.23
 20
298.53
 10
980.55
 20
299.69000000000005
 10
985.44
 20
301.03
 10
990.67
 20
302.49
 10
996.04
 20
304.0
 10
1001.34
 20
305.51
 10
1006.35
 20
306.96000000000004
 10
1010.86
 20
308.28999999999996
 10
1015.06
 20
309.53
 10
1019.18
 20
310.73
 10
1023.07
 20
311.84000000000003
 10
1026.61
 20
312.84000000000003
 10
1029.64
 20
313.66999999999996
 10
1032.03
 20
314.30999999999995
 10
1033.64
 20
314.71000000000004
 10
1038.65
 20
315.51
 10
1046.31
 20
316.35
 10
1055.42
 20
317.14
 10
1064.77
 20
317.80999999999995
 10
1073.15
 20
318.26
 10
1079.36
 20
318.4
 10
1082.2
 20
318.15999999999997
 10
1082.78
 20
317.99
 10
1083.77
 20
317.91999999999996
 10
1085.09
 20
317.94000000000005
 10
1086.69
 20
318.04999999999995
 10
1088.5
 20
318.24
 10
1090.46
 20
318.52
 10
1092.51
 20
318.87
 10
1102.71
 20
320.82000000000005
 10
1110.78
 20
322.39
 10
1117.14
 20
323.66999999999996
 10
1122.2
 20
324.75
 10
1126.38
 20
325.73
 10
1130.11
 20
326.70000000000005
 10
1133.8
 20
327.73
 10
1136.01
 20
328.39
 10
1138.02
 20
329.02
 10
1139.78
 20
329.6
 10
1141.21
 20
330.11
 10
1142.27
 20
330.53
 10
1142.91
 20
330.84000000000003
 10
1143.05
 20
331.02
 10
1142.39
 20
331.01
 10
1140.73
 20
330.79999999999995
 10
1138.19
 20
330.40999999999997
 10
1134.92
 20
329.85
 10
1131.02
 20
329.15
 10
1126.65
 20
328.33000000000004
 10
1121.91
 20
327.41999999999996
 10
1113.38
 20
325.76
 10
1106.91
 20
324.57000000000005
 10
1102.25
 20
323.80999999999995
 10
1099.16
 20
323.46000000000004
 10
1097.41
 20
323.48
 10
1096.74
 20
323.85
 10
1096.92
 20
324.53999999999996
 10
1098.76
 20
326.12
 10
1102.92
 20
329.17999999999995
 10
1108.6
 20
333.17999999999995
 10
1114.98
 20
337.54999999999995
 10
1121.23
 20
341.74
 10
1126.54
 20
345.16999999999996
 10
1130.1
 20
347.28999999999996
 10
1133.32
 20
348.42999999999995
 10
1138.56
 20
349.64
 10
1145.2
 20
350.84000000000003
 10
1152.66
 20
351.92999999999995
 10
1160.32
 20
352.83000000000004
 10
1167.6
 20
353.45000000000005
 10
1173.88
 20
353.70000000000005
 10
1176.73
 20
353.66999999999996
 10
1179.34
 20
353.53
 10
1181.72
 20
353.28
 10
1183.9
 20
352.90999999999997
 10
1185.92
 20
352.41999999999996
 10
1187.79
 20
351.80999999999995
 10
1189.54
 20
351.07000000000005
 10
1191.03
 20
350.40999999999997
 10
1192.76
 20
349.72
 10
1194.65
 20
349.03999999999996
 10
1196.62
 20
348.38
 10
1198.59
 20
347.78
 10
1200.5
 20
347.25
 10
1202.25
 20
346.83000000000004
 10
1205.14
 20
346.04999999999995
 10
1207.46
 20
345.12
 10
1209.1
 20
344.15999999999997
 10
1209.97
 20
343.24
 10
1209.99
 20
342.48
 10
1209.07
 20
341.95000000000005
 10
1207.1
 20
341.77
 10
1206.06
 20
341.85
 10
1204.56
 20
342.04999999999995
 10
1202.67
 20
342.38
 10
1200.5
 20
342.79999999999995
 10
1198.13
 20
343.29999999999995
 10
1195.63
 20
343.86
 10
1193.1
 20
344.48
 10
1188.85
 20
345.40999999999997
 10
1184.13
 20
346.22
 10
1179.18
 20
346.88
 10
1174.23
 20
347.37
 10
1169.52
 20
347.65999999999997
 10
1165.29
 20
347.73
 10
1161.78
 20
347.55999999999995
 10
1160.52
 20
347.28
 10
1160.44
 20
346.84000000000003
 10
1161.39
 20
346.28
 10
1163.21
 20
345.65999999999997
 10
1165.77
 20
345.03
 10
1168.9
 20
344.44000000000005
 10
1172.46
 20
343.94000000000005
 10
1177.81
 20
343.15999999999997
 10
1183.53
 20
342.05999999999995
 10
1189.45
 20
340.69000000000005
 10
1195.38
 20
339.08000000000004
 10
1201.16
 20
337.28999999999996
 10
1206.63
 20
335.36
 10
1211.61
 20
333.34000000000003
 10
1216.68
 20
331.38
 10
1222.18
 20
329.65999999999997
 10
1227.75
 20
328.27
 10
1233.06
 20
327.27
 10
1237.75
 20
326.72
 10
1241.48
 20
326.70000000000005
 10
1243.89
 20
327.26
 10
1246.34
 20
328.36
 10
1249.97
 20
329.72
 10
1254.52
 20
331.26
 10
1259.72
 20
332.89
 10
1265.3
 20
334.53
 10
1271.0
 20
336.1
 10
1276.55
 20
337.51
 10
1283.17
 20
338.98
 10
1289.24
 20
340.01
 10
1295.01
 20
340.61
 10
1300.7
 20
340.78999999999996
 10
1306.58
 20
340.54999999999995
 10
1312.87
 20
339.90999999999997
 10
1319.82
 20
338.87
 10
1325.45
 20
337.95000000000005
 10
1329.78
 20
337.35
 10
1332.94
 20
337.05999999999995
 10
1335.03
 20
337.07000000000005
 10
1336.18
 20
337.4
 10
1336.5
 20
338.03999999999996
 10
1336.13
 20
339.0
 10
1336.08
 20
339.29999999999995
 10
1336.3
 20
339.58000000000004
 10
1336.76
 20
339.83000000000004
 10
1337.45
 20
340.03
 10
1338.32
 20
340.19000000000005
 10
1339.35
 20
340.28999999999996
 10
1340.52
 20
340.32000000000005
 10
1343.24
 20
340.01
 10
1345.82
 20
339.03
 10
1348.3
 20
337.34000000000003
 10
1350.73
 20
334.91999999999996
 10
1353.13
 20
331.71000000000004
 10
1355.55
 20
327.69000000000005
 10
1358.03
 20
322.79999999999995
 10
1360.11
 20
318.61
 10
1362.06
 20
315.30999999999995
 10
1364.15
 20
312.66999999999996
 10
1366.63
 20
310.45000000000005
 10
1369.77
 20
308.40999999999997
 10
1373.84
 20
306.33000000000004
 10
1379.1
 20
303.96000000000004
 10
1383.82
 20
301.97
 10
1387.7
 20
300.48
 10
1390.66
 20
299.52
 10
1392.62
 20
299.1
 10
1393.52
 20
299.23
 10
1393.27
 20
299.91999999999996
 10
1391.82
 20
301.20000000000005
 10
1391.21
 20
301.70000000000005
 10
1390.7
 20
302.20000000000005
 10
1390.29
 20
302.67999999999995
 10
1389.99
 20
303.13
 10
1389.82
 20
303.53
 10
1389.78
 20
303.86
 10
1389.9
 20
304.1
 10
1390.16
 20
304.20000000000005
 10
1390.55
 20
304.14
 10
1391.04
 20
303.92999999999995
 10
1391.61
 20
303.58000000000004
 10
1392.24
 20
303.11
 10
1392.91
 20
302.52
 10
1393.59
 20
301.84000000000003
 10
1394.51
 20
300.92999999999995
 10
1395.4
 20
300.24
 10
1396.29
 20
299.76
 10
1397.23
 20
299.48
 10
1398.26
 20
299.38
 10
1399.42
 20
299.46000000000004
 10
1400.75
 20
299.70000000000005
 10
1405.09
 20
299.78999999999996
 10
1411.85
 20
298.96000000000004
 10
1420.02
 20
297.45000000000005
 10
1428.64
 20
295.48
 10
1436.7
 20
293.28
 10
1443.23
 20
291.07000000000005
 10
1447.24
 20
289.07000000000005
 10
1449.69
 20
287.0
 10
1452.11
 20
284.55999999999995
 10
1454.38
 20
281.90999999999997
 10
1456.36
 20
279.22
 10
1457.93
 20
276.65999999999997
 10
1458.97
 20
274.41999999999996
 10
1459.34
 20
272.65
 10
1459.34
 20
269.14
 10
1444.04
 20
269.12
 10
1438.43
 20
269.02
 10
1433.19
 20
268.72
 10
1428.3
 20
268.21000000000004
 10
1423.76
 20
267.51
 10
1419.54
 20
266.6
 10
1415.63
 20
265.49
 10
1412.0
 20
264.15999999999997
 10
1411.23
 20
263.89
 10
1410.63
 20
263.82000000000005
 10
1410.18
 20
263.95000000000005
 10
1409.86
 20
264.30999999999995
 10
1409.65
 20
264.91999999999996
 10
1409.54
 20
265.80999999999995
 10
1409.51
 20
266.99
 10
1409.29
 20
269.33000000000004
 10
1408.65
 20
271.88
 10
1407.68
 20
274.5
 10
1406.45
 20
277.03999999999996
 10
1405.02
 20
279.36
 10
1403.46
 20
281.32000000000005
 10
1401.85
 20
282.76
 10
1400.9
 20
283.33000000000004
 10
1399.51
 20
284.01
 10
1397.77
 20
284.76
 10
1395.76
 20
285.54999999999995
 10
1393.55
 20
286.36
 10
1391.23
 20
287.15999999999997
 10
1388.87
 20
287.9
 10
1385.98
 20
288.84000000000003
 10
1383.28
 20
289.88
 10
1380.74
 20
291.03
 10
1378.33
 20
292.32000000000005
 10
1376.02
 20
293.74
 10
1373.77
 20
295.33000000000004
 10
1371.56
 20
297.1
 10
1368.49
 20
299.65999999999997
 10
1366.2
 20
301.47
 10
1364.58
 20
302.58000000000004
 10
1363.52
 20
303.03999999999996
 10
1362.89
 20
302.89
 10
1362.6
 20
302.17999999999995
 10
1362.53
 20
300.96000000000004
 10
1362.73
 20
300.22
 10
1363.32
 20
299.15
 10
1364.23
 20
297.80999999999995
 10
1365.43
 20
296.26
 10
1366.87
 20
294.57000000000005
 10
1368.5
 20
292.78999999999996
 10
1370.27
 20
290.99
 10
1373.34
 20
288.05999999999995
 10
1375.9
 20
285.84000000000003
 10
1377.91
 20
284.33000000000004
 10
1379.35
 20
283.54999999999995
 10
1380.2
 20
283.52
 10
1380.44
 20
284.24
 10
1380.05
 20
285.72
 10
1379.81
 20
286.46000000000004
 10
1379.75
 20
286.99
 10
1379.89
 20
287.34000000000003
 10
1380.28
 20
287.51
 10
1380.92
 20
287.52
 10
1381.85
 20
287.37
 10
1383.1
 20
287.08000000000004
 10
1386.41
 20
286.09000000000003
 10
1389.76
 20
284.78
 10
1393.01
 20
283.25
 10
1396.03
 20
281.54999999999995
 10
1398.69
 20
279.77
 10
1400.86
 20
277.97
 10
1402.42
 20
276.23
 10
1403.58
 20
274.41999999999996
 10
1404.43
 20
272.74
 10
1404.96
 20
271.21000000000004
 10
1405.17
 20
269.84000000000003
 10
1405.05
 20
268.66999999999996
 10
1404.6
 20
267.72
 10
1403.82
 20
267.0
 10
1403.49
 20
266.65999999999997
 10
1403.19
 20
266.07000000000005
 10
1402.93
 20
265.27
 10
1402.71
 20
264.28999999999996
 10
1402.54
 20
263.19000000000005
 10
1402.43
 20
261.99
 10
1402.39
 20
260.74
 10
1402.36
 20
258.85
 10
1402.2
 20
257.41999999999996
 10
1401.85
 20
256.35
 10
1401.22
 20
255.53999999999996
 10
1400.25
 20
254.9000000000001
 10
1398.87
 20
254.32999999999993
 10
1396.99
 20
253.73000000000002
 10
1394.74
 20
253.32999999999993
 10
1390.78
 20
252.92000000000007
 10
1385.34
 20
252.51999999999998
 10
1378.63
 20
252.1400000000001
 10
1370.9
 20
251.78999999999996
 10
1362.35
 20
251.48000000000002
 10
1353.21
 20
251.24
 10
1314.85
 20
250.3599999999999
 10
1297.76
 20
244.98000000000002
 10
1292.07
 20
243.24
 10
1287.21
 20
241.8800000000001
 10
1282.85
 20
240.8599999999999
 10
1278.67
 20
240.0999999999999
 10
1274.37
 20
239.55999999999995
 10
1269.61
 20
239.18000000000006
 10
1264.1
 20
238.9000000000001
 10
1258.54
 20
238.70000000000005
 10
1254.06
 20
238.6400000000001
 10
1250.35
 20
238.75
 10
1247.15
 20
239.04999999999995
 10
1244.18
 20
239.56999999999994
 10
1241.14
 20
240.32999999999993
 10
1237.76
 20
241.3599999999999
  0
LWPOLYLINE
  5
36
330
17
100
AcDbEntity
  8
rockery
100
AcDbPolyline
 90
17
 70
1
 10
504.72
 20
248.94000000000005
 10
493.33
 20
251.24
 10
499.74
 20
252.3900000000001
 10
504.24
 20
252.82999999999993
 10
509.63
 20
252.76999999999998
 10
515.43
 20
252.28999999999996
 10
521.15
 20
251.46000000000004
 10
526.32
 20
250.3499999999999
 10
530.47
 20
249.01999999999998
 10
533.12
 20
247.53999999999996
 10
532.9
 20
246.8699999999999
 10
530.6
 20
246.52999999999997
 10
526.71
 20
246.49
 10
521.71
 20
246.74
 10
516.06
 20
247.24
 10
510.24
 20
247.98000000000002
 10
504.72
 20
248.94000000000005
  0
LWPOLYLINE
  5
37
330
17
100
AcDbEntity
  8
rockery
100
AcDbPolyline
 90
246
 70
1
 10
1670.77
 20
248.52999999999997
 10
1667.94
 20
249.0
 10
1664.9
 20
249.51999999999998
 10
1661.77
 20
250.04999999999995
 10
1658.68
 20
250.57999999999993
 10
1655.75
 20
251.08999999999992
 10
1653.09
 20
251.55999999999995
 10
1650.84
 20
251.96000000000004
 10
1648.1
 20
252.31999999999994
 10
1644.07
 20
252.6400000000001
 10
1638.98
 20
252.93000000000006
 10
1633.07
 20
253.17000000000007
 10
1626.56
 20
253.3499999999999
 10
1619.7
 20
253.47000000000003
 10
1612.71
 20
253.51
 10
1602.03
 20
253.51999999999998
 10
1594.32
 20
253.58999999999992
 10
1589.13
 20
253.75
 10
1586.01
 20
254.04999999999995
 10
1584.52
 20
254.53999999999996
 10
1584.19
 20
255.26
 10
1584.59
 20
256.25
 10
1584.93
 20
256.99
 10
1585.24
 20
257.9
 10
1585.51
 20
258.94000000000005
 10
1585.73
 20
260.05999999999995
 10
1585.91
 20
261.22
 10
1586.02
 20
262.37
 10
1586.06
 20
263.46000000000004
 10
1585.27
 20
266.64
 10
1583.1
 20
270.36
 10
1579.88
 20
274.33000000000004
 10
1575.9
 20
278.25
 10
1571.48
 20
281.78999999999996
 10
1566.92
 20
284.66999999999996
 10
1562.55
 20
286.58000000000004
 10
1558.64
 20
287.74
 10
1555.02
 20
288.67999999999995
 10
1551.86
 20
289.39
 10
1549.35
 20
289.80999999999995
 10
1547.69
 20
289.94000000000005
 10
1547.04
 20
289.72
 10
1547.59
 20
289.14
 10
1548.21
 20
288.80999999999995
 10
1549.06
 20
288.45000000000005
 10
1550.08
 20
288.1
 10
1551.23
 20
287.75
 10
1552.47
 20
287.41999999999996
 10
1553.75
 20
287.13
 10
1555.03
 20
286.89
 10
1558.5
 20
285.9
 10
1562.52
 20
284.11
 10
1566.77
 20
281.72
 10
1570.96
 20
278.94000000000005
 10
1574.78
 20
275.96000000000004
 10
1577.94
 20
272.99
 10
1580.14
 20
270.21000000000004
 10
1581.33
 20
267.98
 10
1582.23
 20
265.62
 10
1582.84
 20
263.24
 10
1583.14
 20
260.92999999999995
 10
1583.11
 20
258.78
 10
1582.76
 20
256.86
 10
1582.06
 20
255.28999999999996
 10
1581.61
 20
254.82999999999993
 10
1580.93
 20
254.48000000000002
 10
1580.0
 20
254.25
 10
1578.8
 20
254.1199999999999
 10
1577.34
 20
254.1099999999999
 10
1575.58
 20
254.21000000000004
 10
1573.54
 20
254.42000000000007
 10
1571.04
 20
254.74
 10
1569.17
 20
255.07999999999993
 10
1567.84
 20
255.48000000000002
 10
1566.95
 20
255.99
 10
1566.43
 20
256.65999999999997
 10
1566.19
 20
257.54999999999995
 10
1566.12
 20
258.71000000000004
 10
1565.23
 20
263.38
 10
1562.69
 20
268.49
 10
1558.77
 20
273.79999999999995
 10
1553.7
 20
279.04999999999995
 10
1547.72
 20
283.99
 10
1541.09
 20
288.37
 10
1534.04
 20
291.94000000000005
 10
1530.16
 20
293.52
 10
1527.54
 20
294.41999999999996
 10
1526.2
 20
294.65999999999997
 10
1526.13
 20
294.27
 10
1527.35
 20
293.27
 10
1529.85
 20
291.71000000000004
 10
1533.64
 20
289.61
 10
1539.25
 20
286.30999999999995
 10
1544.67
 20
282.57000000000005
 10
1549.69
 20
278.55999999999995
 10
1554.12
 20
274.46000000000004
 10
1557.79
 20
270.44000000000005
 10
1560.5
 20
266.66999999999996
 10
1562.05
 20
263.34000000000003
 10
1562.41
 20
262.03
 10
1562.69
 20
260.78
 10
1562.89
 20
259.62
 10
1563.0
 20
258.6
 10
1563.01
 20
257.75
 10
1562.93
 20
257.12
 10
1562.75
 20
256.75
 10
1560.93
 20
256.30999999999995
 10
1557.44
 20
256.42999999999995
 10
1552.93
 20
256.99
 10
1548.1
 20
257.86
 10
1543.6
 20
258.92999999999995
 10
1540.1
 20
260.08000000000004
 10
1538.28
 20
261.16999999999996
 10
1537.56
 20
261.83000000000004
 10
1536.36
 20
262.42999999999995
 10
1534.65
 20
262.99
 10
1532.39
 20
263.5
 10
1529.52
 20
263.98
 10
1526.02
 20
264.44000000000005
 10
1521.84
 20
264.89
 10
1516.64
 20
265.44000000000005
 10
1511.74
 20
266.03999999999996
 10
1507.11
 20
266.70000000000005
 10
1502.75
 20
267.41999999999996
 10
1498.64
 20
268.20000000000005
 10
1494.78
 20
269.03
 10
1491.16
 20
269.92999999999995
 10
1490.76
 20
270.22
 10
1490.41
 20
270.83000000000004
 10
1490.1
 20
271.74
 10
1489.84
 20
272.91999999999996
 10
1489.64
 20
274.32000000000005
 10
1489.51
 20
275.92999999999995
 10
1489.46
 20
277.70000000000005
 10
1490.11
 20
284.30999999999995
 10
1492.13
 20
290.41999999999996
 10
1495.45
 20
295.94000000000005
 10
1500.01
 20
300.83000000000004
 10
1505.76
 20
305.01
 10
1512.63
 20
308.40999999999997
 10
1520.57
 20
310.98
 10
1523.48
 20
311.78
 10
1527.08
 20
312.86
 10
1531.18
 20
314.15999999999997
 10
1535.61
 20
315.62
 10
1540.19
 20
317.20000000000005
 10
1544.76
 20
318.83000000000004
 10
1549.13
 20
320.44000000000005
 10
1559.44
 20
324.25
 10
1568.39
 20
327.34000000000003
 10
1576.18
 20
329.75
 10
1583.01
 20
331.55999999999995
 10
1589.06
 20
332.78999999999996
 10
1594.52
 20
333.51
 10
1599.58
 20
333.76
 10
1604.06
 20
333.59000000000003
 10
1608.34
 20
332.96000000000004
 10
1612.65
 20
331.77
 10
1617.18
 20
329.95000000000005
 10
1622.15
 20
327.40999999999997
 10
1627.77
 20
324.07000000000005
 10
1634.25
 20
319.83000000000004
 10
1636.08
 20
318.65999999999997
 10
1637.93
 20
317.58000000000004
 10
1639.74
 20
316.63
 10
1641.44
 20
315.83000000000004
 10
1642.96
 20
315.22
 10
1644.24
 20
314.83000000000004
 10
1645.2
 20
314.70000000000005
 10
1645.98
 20
314.65999999999997
 10
1646.74
 20
314.57000000000005
 10
1647.45
 20
314.41999999999996
 10
1648.09
 20
314.23
 10
1648.62
 20
314.0
 10
1649.04
 20
313.74
 10
1649.3
 20
313.46000000000004
 10
1649.67
 20
313.15999999999997
 10
1650.36
 20
312.84000000000003
 10
1651.35
 20
312.53
 10
1652.58
 20
312.23
 10
1653.99
 20
311.96000000000004
 10
1655.55
 20
311.72
 10
1657.2
 20
311.53
 10
1659.28
 20
311.25
 10
1661.38
 20
310.78999999999996
 10
1663.52
 20
310.15999999999997
 10
1665.7
 20
309.34000000000003
 10
1667.92
 20
308.35
 10
1670.2
 20
307.16999999999996
 10
1672.54
 20
305.80999999999995
 10
1674.6
 20
304.61
 10
1676.86
 20
303.38
 10
1679.23
 20
302.17999999999995
 10
1681.6
 20
301.04999999999995
 10
1683.9
 20
300.03999999999996
 10
1686.01
 20
299.19000000000005
 10
1687.86
 20
298.54999999999995
 10
1689.92
 20
297.9
 10
1692.67
 20
297.04999999999995
 10
1695.95
 20
296.03999999999996
 10
1699.62
 20
294.90999999999997
 10
1703.54
 20
293.71000000000004
 10
1707.56
 20
292.48
 10
1711.53
 20
291.26
 10
1715.36
 20
290.05999999999995
 10
1718.97
 20
288.84000000000003
 10
1722.24
 20
287.65999999999997
 10
1725.08
 20
286.55999999999995
 10
1727.35
 20
285.58000000000004
 10
1728.96
 20
284.77
 10
1729.79
 20
284.16999999999996
 10
1730.26
 20
283.45000000000005
 10
1730.51
 20
282.67999999999995
 10
1730.51
 20
281.78999999999996
 10
1730.27
 20
280.72
 10
1729.75
 20
279.42999999999995
 10
1728.96
 20
277.85
 10
1727.87
 20
275.92999999999995
 10
1726.77
 20
273.95000000000005
 10
1725.94
 20
272.21000000000004
 10
1725.35
 20
270.62
 10
1725.0
 20
269.09000000000003
 10
1724.85
 20
267.54999999999995
 10
1724.89
 20
265.90999999999997
 10
1725.11
 20
264.1
 10
1725.36
 20
262.75
 10
1725.7
 20
261.38
 10
1726.11
 20
260.03999999999996
 10
1726.57
 20
258.78999999999996
 10
1727.07
 20
257.66999999999996
 10
1727.58
 20
256.73
 10
1728.09
 20
256.02
 10
1729.26
 20
254.3499999999999
 10
1729.65
 20
252.91000000000008
 10
1729.23
 20
251.67000000000007
 10
1727.96
 20
250.57999999999993
 10
1725.8
 20
249.6300000000001
 10
1722.72
 20
248.78999999999996
 10
1718.68
 20
248.01
 10
1712.75
 20
247.25
 10
1706.12
 20
246.76999999999998
 10
1699.02
 20
246.56999999999994
 10
1691.69
 20
246.6500000000001
 10
1684.38
 20
247.0
 10
1677.33
 20
247.6300000000001
 10
1670.77
 20
248.52999999999997
  0
LWPOLYLINE
  5
38
330
17
100
AcDbEntity
  8
rockery
100
AcDbPolyline
 90
31
 70
1
 10
572.35
 20
254.18000000000006
 10
572.35
 20
259.15999999999997
 10
584.81
 20
259.01
 10
590.17
 20
258.90999999999997
 10
594.37
 20
258.74
 10
597.53
 20
258.47
 10
599.78
 20
258.09000000000003
 10
601.23
 20
257.55999999999995
 10
602.01
 20
256.89
 10
602.25
 20
256.03
 10
602.1
 20
255.6500000000001
 10
601.66
 20
255.3599999999999
 10
600.93
 20
255.17000000000007
 10
599.93
 20
255.06999999999994
 10
598.65
 20
255.05999999999995
 10
597.11
 20
255.1400000000001
 10
595.31
 20
255.32999999999993
 10
593.06
 20
255.53999999999996
 10
591.1
 20
255.58999999999992
 10
589.31
 20
255.45000000000005
 10
587.59
 20
255.1199999999999
 10
585.85
 20
254.54999999999995
 10
583.97
 20
253.75
 10
581.85
 20
252.68000000000006
 10
578.63
 20
251.01999999999998
 10
576.22
 20
249.95000000000005
 10
574.52
 20
249.5
 10
573.39
 20
249.67000000000007
 10
572.73
 20
250.5
 10
572.42
 20
252.0
 10
572.35
 20
254.18000000000006
  0
LWPOLYLINE
  5
39
330
17
100
AcDbEntity
  8
rockery
100
AcDbPolyline
 90
85
 70
1
 10
963.52
 20
258.97
 10
962.3
 20
260.89
 10
961.18
 20
262.72
 10
960.19
 20
264.41999999999996
 10
959.36
 20
265.90999999999997
 10
958.73
 20
267.15
 10
958.33
 20
268.07000000000005
 10
958.18
 20
268.61
 10
957.76
 20
269.79999999999995
 10
956.55
 20
271.37
 10
954.62
 20
273.25
 10
952.07
 20
275.38
 10
948.96
 20
277.69000000000005
 10
945.39
 20
280.1
 10
941.44
 20
282.55999999999995
 10
939.42
 20
283.80999999999995
 10
937.61
 20
285.02
 10
936.05
 20
286.15999999999997
 10
934.8
 20
287.19000000000005
 10
933.89
 20
288.05999999999995
 10
933.39
 20
288.74
 10
933.34
 20
289.17999999999995
 10
934.71
 20
290.02
 10
937.37
 20
290.42999999999995
 10
941.14
 20
290.44000000000005
 10
945.79
 20
290.05999999999995
 10
951.13
 20
289.29999999999995
 10
956.95
 20
288.19000000000005
 10
963.05
 20
286.75
 10
966.4
 20
285.86
 10
969.6
 20
284.97
 10
972.55
 20
284.13
 10
975.15
 20
283.35
 10
977.31
 20
282.67999999999995
 10
978.9
 20
282.13
 10
979.84
 20
281.75
 10
981.81
 20
280.09000000000003
 10
984.47
 20
277.05999999999995
 10
987.42
 20
273.21000000000004
 10
990.29
 20
269.09000000000003
 10
992.68
 20
265.25
 10
994.22
 20
262.24
 10
994.51
 20
260.63
 10
994.22
 20
260.28999999999996
 10
993.78
 20
259.99
 10
993.23
 20
259.72
 10
992.59
 20
259.49
 10
991.88
 20
259.32000000000005
 10
991.14
 20
259.21000000000004
 10
990.37
 20
259.16999999999996
 10
989.6
 20
259.14
 10
988.84
 20
259.05999999999995
 10
988.11
 20
258.94000000000005
 10
987.45
 20
258.77
 10
986.86
 20
258.57000000000005
 10
986.4
 20
258.35
 10
986.07
 20
258.1
 10
985.53
 20
257.62
 10
984.94
 20
257.26
 10
984.13
 20
257.0
 10
982.95
 20
256.82000000000005
 10
981.25
 20
256.69000000000005
 10
978.88
 20
256.59000000000003
 10
975.7
 20
256.5
 10
973.71
 20
256.41999999999996
 10
972.2
 20
256.29999999999995
 10
971.13
 20
256.12
 10
970.48
 20
255.8699999999999
 10
970.21
 20
255.54999999999995
 10
970.3
 20
255.1300000000001
 10
970.71
 20
254.6199999999999
 10
971.52
 20
253.70000000000005
 10
972.06
 20
252.8599999999999
 10
972.32
 20
252.1199999999999
 10
972.31
 20
251.51
 10
972.03
 20
251.04999999999995
 10
971.47
 20
250.76999999999998
 10
970.64
 20
250.69000000000005
 10
970.09
 20
250.92000000000007
 10
969.32
 20
251.55999999999995
 10
968.35
 20
252.53999999999996
 10
967.25
 20
253.81999999999994
 10
966.05
 20
255.3599999999999
 10
964.79
 20
257.09000000000003
 10
963.52
 20
258.97
  0
LWPOLYLINE
  5
3A
330
17
100
AcDbEntity
  8
rockery
100
AcDbPolyline
 90
22
 70
1
 10
628.61
 20
253.32999999999993
 10
627.74
 20
253.72000000000003
 10
627.23
 20
254.05999999999995
 10
627.12
 20
254.4000000000001
 10
627.43
 20
254.75
 10
628.19
 20
255.16000000000008
 10
629.43
 20
255.6400000000001
 10
631.17
 20
256.24
 10
634.26
 20
256.86
 10
638.28
 20
257.15999999999997
 10
642.68
 20
257.15999999999997
 10
646.88
 20
256.9
 10
650.3
 20
256.40999999999997
 10
652.39
 20
255.74
 10
652.56
 20
254.91000000000008
 10
650.85
 20
254.24
 10
647.6
 20
253.66000000000008
 10
643.41
 20
253.19000000000005
 10
638.84
 20
252.8900000000001
 10
634.47
 20
252.78999999999996
 10
630.87
 20
252.92000000000007
 10
628.61
 20
253.32999999999993
  0
LWPOLYLINE
  5
3B
330
17
100
AcDbEntity
  8
rockery
100
AcDbPolyline
 90
540
 70
1
 10
1949.11
 20
255.0
 10
1946.86
 20
255.58999999999992
 10
1944.52
 20
256.13
 10
1942.18
 20
256.62
 10
1939.93
 20
257.03
 10
1937.87
 20
257.35
 10
1936.07
 20
257.55999999999995
 10
1934.62
 20
257.65
 10
1932.75
 20
257.73
 10
1931.29
 20
257.98
 10
1930.11
 20
258.51
 10
1929.08
 20
259.46000000000004
 10
1928.06
 20
260.92999999999995
 10
1926.91
 20
263.03999999999996
 10
1925.52
 20
265.92999999999995
 10
1924.5
 20
267.92999999999995
 10
1923.3
 20
270.0
 10
1921.98
 20
272.07000000000005
 10
1920.6
 20
274.04999999999995
 10
1919.2
 20
275.88
 10
1917.85
 20
277.47
 10
1916.59
 20
278.75
 10
1911.54
 20
283.38
 10
1915.31
 20
283.38
 10
1916.35
 20
283.34000000000003
 10
1917.67
 20
283.22
 10
1919.2
 20
283.04999999999995
 10
1920.86
 20
282.80999999999995
 10
1922.6
 20
282.53999999999996
 10
1924.35
 20
282.22
 10
1926.04
 20
281.88
 10
1929.21
 20
280.91999999999996
 10
1932.34
 20
279.41999999999996
 10
1935.36
 20
277.44000000000005
 10
1938.22
 20
275.02
 10
1940.88
 20
272.20000000000005
 10
1943.27
 20
269.03999999999996
 10
1945.33
 20
265.58000000000004
 10
1946.13
 20
264.08000000000004
 10
1946.71
 20
263.07000000000005
 10
1947.11
 20
262.52
 10
1947.38
 20
262.41999999999996
 10
1947.53
 20
262.76
 10
1947.6
 20
263.52
 10
1947.63
 20
264.70000000000005
 10
1947.51
 20
265.70000000000005
 10
1947.12
 20
266.85
 10
1946.47
 20
268.14
 10
1945.57
 20
269.54999999999995
 10
1944.43
 20
271.04999999999995
 10
1943.06
 20
272.64
 10
1941.47
 20
274.30999999999995
 10
1939.49
 20
276.32000000000005
 10
1938.08
 20
277.85
 10
1937.18
 20
278.97
 10
1936.79
 20
279.73
 10
1936.86
 20
280.19000000000005
 10
1937.36
 20
280.41999999999996
 10
1938.27
 20
280.47
 10
1939.1
 20
280.4
 10
1940.14
 20
280.24
 10
1941.33
 20
280.01
 10
1942.62
 20
279.70000000000005
 10
1943.97
 20
279.34000000000003
 10
1945.32
 20
278.92999999999995
 10
1946.62
 20
278.5
 10
1947.84
 20
278.09000000000003
 10
1948.96
 20
277.78999999999996
 10
1949.96
 20
277.58000000000004
 10
1950.78
 20
277.47
 10
1951.42
 20
277.47
 10
1951.82
 20
277.58000000000004
 10
1951.96
 20
277.80999999999995
 10
1951.42
 20
279.03999999999996
 10
1949.84
 20
280.20000000000005
 10
1947.28
 20
281.25
 10
1943.8
 20
282.20000000000005
 10
1939.48
 20
283.01
 10
1934.37
 20
283.67999999999995
 10
1928.54
 20
284.17999999999995
 10
1923.49
 20
284.49
 10
1919.6
 20
284.66999999999996
 10
1916.69
 20
284.67999999999995
 10
1914.58
 20
284.53
 10
1913.12
 20
284.21000000000004
 10
1912.13
 20
283.69000000000005
 10
1911.43
 20
282.97
 10
1910.88
 20
282.42999999999995
 10
1910.07
 20
281.90999999999997
 10
1909.03
 20
281.42999999999995
 10
1907.81
 20
281.0
 10
1906.44
 20
280.63
 10
1904.98
 20
280.35
 10
1903.47
 20
280.15999999999997
 10
1901.38
 20
279.97
 10
1900.05
 20
279.82000000000005
 10
1899.49
 20
279.70000000000005
 10
1899.73
 20
279.61
 10
1900.79
 20
279.52
 10
1902.69
 20
279.44000000000005
 10
1905.47
 20
279.35
 10
1908.24
 20
279.23
 10
1910.45
 20
279.02
 10
1912.23
 20
278.65999999999997
 10
1913.71
 20
278.13
 10
1915.01
 20
277.37
 10
1916.26
 20
276.33000000000004
 10
1917.58
 20
274.98
 10
1918.5
 20
273.89
 10
1919.46
 20
272.61
 10
1920.43
 20
271.19000000000005
 10
1921.36
 20
269.70000000000005
 10
1922.22
 20
268.20000000000005
 10
1922.97
 20
266.73
 10
1923.58
 20
265.37
 10
1925.82
 20
259.88
 10
1892.79
 20
259.62
 10
1859.75
 20
259.35
 10
1858.84
 20
265.05999999999995
 10
1858.32
 20
267.67999999999995
 10
1857.58
 20
270.13
 10
1856.5
 20
272.61
 10
1854.93
 20
275.36
 10
1852.77
 20
278.58000000000004
 10
1849.88
 20
282.51
 10
1846.14
 20
287.35
 10
1842.7
 20
291.61
 10
1840.29
 20
294.29999999999995
 10
1838.95
 20
295.46000000000004
 10
1838.71
 20
295.14
 10
1839.61
 20
293.38
 10
1841.67
 20
290.22
 10
1844.93
 20
285.71000000000004
 10
1847.69
 20
281.72
 10
1850.47
 20
277.17999999999995
 10
1853.08
 20
272.48
 10
1855.31
 20
268.02
 10
1856.98
 20
264.19000000000005
 10
1857.88
 20
261.39
 10
1857.82
 20
260.0
 10
1857.45
 20
259.87
 10
1856.61
 20
259.72
 10
1855.37
 20
259.55999999999995
 10
1853.79
 20
259.39
 10
1851.94
 20
259.22
 10
1849.88
 20
259.05999999999995
 10
1847.67
 20
258.90999999999997
 10
1844.43
 20
258.74
 10
1842.01
 20
258.67999999999995
 10
1840.28
 20
258.75
 10
1839.14
 20
258.99
 10
1838.46
 20
259.41999999999996
 10
1838.14
 20
260.05999999999995
 10
1838.06
 20
260.94000000000005
 10
1837.74
 20
263.1
 10
1836.81
 20
265.66999999999996
 10
1835.29
 20
268.63
 10
1833.22
 20
271.92999999999995
 10
1830.61
 20
275.51
 10
1827.5
 20
279.34000000000003
 10
1823.91
 20
283.38
 10
1820.02
 20
287.47
 10
1817.31
 20
290.12
 10
1815.81
 20
291.34000000000003
 10
1815.55
 20
291.15
 10
1816.57
 20
289.59000000000003
 10
1818.9
 20
286.65999999999997
 10
1822.56
 20
282.39
 10
1825.6
 20
278.65999999999997
 10
1828.62
 20
274.47
 10
1831.43
 20
270.15999999999997
 10
1833.82
 20
266.07000000000005
 10
1835.59
 20
262.53999999999996
 10
1836.55
 20
259.91999999999996
 10
1836.49
 20
258.54999999999995
 10
1836.09
 20
258.41999999999996
 10
1835.25
 20
258.35
 10
1834.04
 20
258.34000000000003
 10
1832.51
 20
258.39
 10
1830.72
 20
258.5
 10
1828.74
 20
258.65999999999997
 10
1826.63
 20
258.87
 10
1823.25
 20
259.26
 10
1820.8
 20
259.63
 10
1819.13
 20
260.09000000000003
 10
1818.05
 20
260.74
 10
1817.39
 20
261.69000000000005
 10
1816.98
 20
263.03
 10
1816.65
 20
264.87
 10
1815.87
 20
268.0
 10
1814.52
 20
271.58000000000004
 10
1812.72
 20
275.40999999999997
 10
1810.61
 20
279.24
 10
1808.29
 20
282.87
 10
1805.89
 20
286.05999999999995
 10
1803.54
 20
288.61
 10
1802.18
 20
289.86
 10
1801.19
 20
290.73
 10
1800.54
 20
291.21000000000004
 10
1800.21
 20
291.32000000000005
 10
1800.17
 20
291.07000000000005
 10
1800.4
 20
290.46000000000004
 10
1800.87
 20
289.51
 10
1801.28
 20
288.77
 10
1801.73
 20
288.03999999999996
 10
1802.22
 20
287.34000000000003
 10
1802.71
 20
286.71000000000004
 10
1803.19
 20
286.15999999999997
 10
1803.64
 20
285.72
 10
1804.04
 20
285.41999999999996
 10
1805.9
 20
283.79999999999995
 10
1807.82
 20
281.32000000000005
 10
1809.66
 20
278.25
 10
1811.31
 20
274.84000000000003
 10
1812.64
 20
271.34000000000003
 10
1813.53
 20
268.02
 10
1813.86
 20
265.11
 10
1813.86
 20
258.79999999999995
 10
1808.52
 20
259.67999999999995
 10
1807.23
 20
259.88
 10
1805.91
 20
260.07000000000005
 10
1804.6
 20
260.24
 10
1803.36
 20
260.38
 10
1802.24
 20
260.48
 10
1801.28
 20
260.54999999999995
 10
1800.54
 20
260.58000000000004
 10
1799.87
 20
260.63
 10
1799.33
 20
260.76
 10
1798.92
 20
260.98
 10
1798.65
 20
261.28
 10
1798.52
 20
261.65999999999997
 10
1798.53
 20
262.12
 10
1798.68
 20
262.65
 10
1798.67
 20
264.66999999999996
 10
1797.71
 20
267.75
 10
1796.02
 20
271.53
 10
1793.79
 20
275.63
 10
1791.22
 20
279.70000000000005
 10
1788.51
 20
283.36
 10
1785.86
 20
286.25
 10
1780.53
 20
291.21000000000004
 10
1784.41
 20
286.22
 10
1787.53
 20
282.14
 10
1790.09
 20
278.63
 10
1792.13
 20
275.6
 10
1793.71
 20
272.95000000000005
 10
1794.89
 20
270.6
 10
1795.72
 20
268.46000000000004
 10
1796.25
 20
266.42999999999995
 10
1797.21
 20
261.63
 10
1790.94
 20
262.55999999999995
 10
1789.17
 20
262.78
 10
1786.88
 20
262.97
 10
1784.2
 20
263.15
 10
1781.24
 20
263.28999999999996
 10
1778.12
 20
263.4
 10
1774.95
 20
263.47
 10
1771.86
 20
263.49
 10
1768.54
 20
263.52
 10
1764.75
 20
263.58000000000004
 10
1760.64
 20
263.69000000000005
 10
1756.39
 20
263.82000000000005
 10
1752.16
 20
263.98
 10
1748.13
 20
264.16999999999996
 10
1744.45
 20
264.37
 10
1739.31
 20
264.70000000000005
 10
1735.54
 20
265.01
 10
1732.93
 20
265.37
 10
1731.27
 20
265.82000000000005
 10
1730.34
 20
266.42999999999995
 10
1729.94
 20
267.25
 10
1729.86
 20
268.35
 10
1729.91
 20
269.13
 10
1730.07
 20
269.99
 10
1730.32
 20
270.89
 10
1730.64
 20
271.79999999999995
 10
1731.03
 20
272.67999999999995
 10
1731.47
 20
273.49
 10
1731.95
 20
274.20000000000005
 10
1733.0
 20
275.96000000000004
 10
1733.68
 20
277.88
 10
1733.98
 20
279.87
 10
1733.9
 20
281.84000000000003
 10
1733.45
 20
283.71000000000004
 10
1732.63
 20
285.39
 10
1731.44
 20
286.78999999999996
 10
1729.02
 20
288.09000000000003
 10
1724.44
 20
289.91999999999996
 10
1718.51
 20
291.99
 10
1712.04
 20
294.05999999999995
 10
1705.86
 20
295.86
 10
1700.77
 20
297.13
 10
1697.6
 20
297.61
 10
1695.36
 20
297.94000000000005
 10
1692.23
 20
298.80999999999995
 10
1688.55
 20
300.1
 10
1684.66
 20
301.65999999999997
 10
1680.92
 20
303.36
 10
1677.67
 20
305.04999999999995
 10
1675.25
 20
306.6
 10
1672.28
 20
308.74
 10
1669.42
 20
310.54999999999995
 10
1666.69
 20
312.03999999999996
 10
1664.07
 20
313.20000000000005
 10
1661.57
 20
314.03999999999996
 10
1659.2
 20
314.53999999999996
 10
1656.96
 20
314.72
 10
1654.63
 20
314.86
 10
1652.56
 20
315.20000000000005
 10
1650.86
 20
315.71000000000004
 10
1649.65
 20
316.29999999999995
 10
1649.05
 20
316.92999999999995
 10
1649.18
 20
317.53999999999996
 10
1650.17
 20
318.07000000000005
 10
1651.01
 20
318.34000000000003
 10
1652.5
 20
318.80999999999995
 10
1654.52
 20
319.45000000000005
 10
1656.99
 20
320.23
 10
1659.81
 20
321.11
 10
1662.87
 20
322.07000000000005
 10
1666.09
 20
323.08000000000004
 10
1669.48
 20
324.19000000000005
 10
1673.06
 20
325.44000000000005
 10
1676.67
 20
326.77
 10
1680.18
 20
328.13
 10
1683.46
 20
329.47
 10
1686.36
 20
330.74
 10
1688.74
 20
331.87
 10
1691.77
 20
333.36
 10
1694.26
 20
334.45000000000005
 10
1696.41
 20
335.17999999999995
 10
1698.42
 20
335.61
 10
1700.47
 20
335.76
 10
1702.78
 20
335.67999999999995
 10
1705.52
 20
335.41999999999996
 10
1712.01
 20
334.59000000000003
 10
1717.66
 20
333.65999999999997
 10
1722.7
 20
332.54999999999995
 10
1727.34
 20
331.22
 10
1731.82
 20
329.59000000000003
 10
1736.36
 20
327.6
 10
1741.16
 20
325.19000000000005
 10
1745.05
 20
323.17999999999995
 10
1748.15
 20
321.66999999999996
 10
1750.6
 20
320.64
 10
1752.55
 20
320.02
 10
1754.15
 20
319.77
 10
1755.52
 20
319.86
 10
1756.82
 20
320.23
 10
1757.93
 20
320.57000000000005
 10
1759.49
 20
320.92999999999995
 10
1761.41
 20
321.28999999999996
 10
1763.59
 20
321.65
 10
1765.97
 20
321.98
 10
1768.45
 20
322.28
 10
1770.93
 20
322.52
 10
1773.38
 20
322.75
 10
1775.72
 20
323.0
 10
1777.9
 20
323.26
 10
1779.82
 20
323.52
 10
1781.42
 20
323.76
 10
1782.61
 20
323.99
 10
1783.33
 20
324.17999999999995
 10
1783.91
 20
324.21000000000004
 10
1784.65
 20
323.90999999999997
 10
1785.53
 20
323.30999999999995
 10
1786.51
 20
322.42999999999995
 10
1787.59
 20
321.28999999999996
 10
1788.73
 20
319.90999999999997
 10
1789.92
 20
318.30999999999995
 10
1792.08
 20
315.5
 10
1793.7
 20
313.85
 10
1794.73
 20
313.28999999999996
 10
1795.12
 20
313.75
 10
1794.8
 20
315.16999999999996
 10
1793.72
 20
317.47
 10
1791.83
 20
320.59000000000003
 10
1790.98
 20
321.92999999999995
 10
1790.24
 20
323.20000000000005
 10
1789.63
 20
324.37
 10
1789.16
 20
325.39
 10
1788.87
 20
326.22
 10
1788.75
 20
326.83000000000004
 10
1788.84
 20
327.16999999999996
 10
1789.23
 20
327.38
 10
1790.01
 20
327.64
 10
1791.1
 20
327.91999999999996
 10
1792.45
 20
328.21000000000004
 10
1794.02
 20
328.51
 10
1795.75
 20
328.79999999999995
 10
1797.59
 20
329.05999999999995
 10
1801.61
 20
329.45000000000005
 10
1805.17
 20
329.41999999999996
 10
1808.42
 20
328.9
 10
1811.53
 20
327.84000000000003
 10
1814.66
 20
326.20000000000005
 10
1817.96
 20
323.90999999999997
 10
1821.6
 20
320.91999999999996
 10
1823.44
 20
319.4
 10
1825.57
 20
317.78
 10
1827.89
 20
316.11
 10
1830.32
 20
314.46000000000004
 10
1832.76
 20
312.89
 10
1835.1
 20
311.48
 10
1837.26
 20
310.28
 10
1841.37
 20
308.05999999999995
 10
1844.61
 20
306.15999999999997
 10
1847.09
 20
304.49
 10
1848.87
 20
302.99
 10
1850.04
 20
301.59000000000003
 10
1850.68
 20
300.23
 10
1850.88
 20
298.82000000000005
 10
1851.01
 20
298.08000000000004
 10
1851.41
 20
297.30999999999995
 10
1852.07
 20
296.52
 10
1852.98
 20
295.71000000000004
 10
1854.14
 20
294.89
 10
1855.55
 20
294.05999999999995
 10
1857.19
 20
293.24
 10
1863.5
 20
290.27
 10
1867.51
 20
293.20000000000005
 10
1868.88
 20
294.08000000000004
 10
1870.38
 20
294.79999999999995
 10
1872.09
 20
295.36
 10
1874.12
 20
295.79999999999995
 10
1876.54
 20
296.12
 10
1879.44
 20
296.36
 10
1882.91
 20
296.51
 10
1885.57
 20
296.57000000000005
 10
1888.14
 20
296.55999999999995
 10
1890.53
 20
296.5
 10
1892.65
 20
296.38
 10
1894.43
 20
296.21000000000004
 10
1895.77
 20
296.0
 10
1896.6
 20
295.75
 10
1897.27
 20
295.47
 10
1897.84
 20
295.36
 10
1898.33
 20
295.41999999999996
 10
1898.75
 20
295.65
 10
1899.1
 20
296.05999999999995
 10
1899.4
 20
296.65
 10
1899.65
 20
297.42999999999995
 10
1900.94
 20
299.05999999999995
 10
1903.8
 20
301.27
 10
1907.7
 20
303.75
 10
1912.09
 20
306.22
 10
1916.43
 20
308.35
 10
1920.18
 20
309.86
 10
1922.8
 20
310.42999999999995
 10
1923.41
 20
310.35
 10
1924.19
 20
310.12
 10
1925.09
 20
309.76
 10
1926.07
 20
309.28999999999996
 10
1927.1
 20
308.73
 10
1928.13
 20
308.09000000000003
 10
1929.12
 20
307.4
 10
1931.12
 20
306.12
 10
1933.1
 20
305.37
 10
1935.28
 20
305.15999999999997
 10
1937.84
 20
305.53999999999996
 10
1940.98
 20
306.53
 10
1944.91
 20
308.15999999999997
 10
1949.83
 20
310.46000000000004
 10
1952.78
 20
311.85
 10
1955.14
 20
312.84000000000003
 10
1957.09
 20
313.48
 10
1958.81
 20
313.78
 10
1960.48
 20
313.78999999999996
 10
1962.28
 20
313.53999999999996
 10
1964.41
 20
313.04999999999995
 10
1966.85
 20
312.17999999999995
 10
1969.41
 20
310.82000000000005
 10
1972.02
 20
309.02
 10
1974.59
 20
306.87
 10
1977.05
 20
304.40999999999997
 10
1979.32
 20
301.73
 10
1981.32
 20
298.88
 10
1981.7
 20
298.35
 10
1982.23
 20
297.72
 10
1982.88
 20
297.01
 10
1983.62
 20
296.27
 10
1984.43
 20
295.5
 10
1985.27
 20
294.76
 10
1986.11
 20
294.04999999999995
 10
1987.16
 20
293.22
 10
1987.92
 20
292.65
 10
1988.4
 20
292.34000000000003
 10
1988.6
 20
292.29999999999995
 10
1988.54
 20
292.52
 10
1988.23
 20
293.0
 10
1987.68
 20
293.73
 10
1987.26
 20
294.33000000000004
 10
1986.9
 20
294.91999999999996
 10
1986.63
 20
295.48
 10
1986.45
 20
295.99
 10
1986.36
 20
296.44000000000005
 10
1986.38
 20
296.78999999999996
 10
1986.5
 20
297.03999999999996
 10
1987.03
 20
297.11
 10
1988.17
 20
296.97
 10
1989.86
 20
296.65
 10
1992.0
 20
296.15
 10
1994.51
 20
295.5
 10
1997.3
 20
294.73
 10
2000.3
 20
293.84000000000003
 10
2005.93
 20
292.02
 10
2010.28
 20
290.24
 10
2013.67
 20
288.19000000000005
 10
2016.43
 20
285.53999999999996
 10
2018.91
 20
281.99
 10
2021.41
 20
277.22
 10
2024.29
 20
270.9
 10
2026.23
 20
266.39
 10
2027.59
 20
262.9
 10
2028.38
 20
260.29999999999995
 10
2028.64
 20
258.42999999999995
 10
2028.37
 20
257.15
 10
2027.6
 20
256.30999999999995
 10
2026.35
 20
255.76
 10
2019.02
 20
254.32999999999993
 10
2008.43
 20
253.21000000000004
 10
1996.15
 20
252.44000000000005
 10
1983.74
 20
252.07999999999993
 10
1972.78
 20
252.1500000000001
 10
1964.82
 20
252.72000000000003
 10
1961.45
 20
253.82999999999993
 10
1961.22
 20
254.3599999999999
 10
1961.05
 20
254.70000000000005
 10
1960.91
 20
254.8800000000001
 10
1960.8
 20
254.8800000000001
 10
1960.72
 20
254.70000000000005
 10
1960.66
 20
254.3599999999999
 10
1960.62
 20
253.82999999999993
 10
1960.56
 20
253.06999999999994
 10
1960.37
 20
252.57999999999993
 10
1959.79
 20
252.3900000000001
 10
1958.61
 20
252.51
 10
1956.59
 20
252.97000000000003
 10
1953.5
 20
253.78999999999996
 10
1949.11
 20
255.0
  0
LWPOLYLINE
  5
3C
330
17
100
AcDbEntity
  8
rockery
100
AcDbPolyline
 90
31
 70
1
 10
644.94
 20
259.17999999999995
 10
644.02
 20
260.15999999999997
 10
644.42
 20
261.12
 10
646.08
 20
262.03
 10
648.97
 20
262.88
 10
653.03
 20
263.65
 10
658.2
 20
264.34000000000003
 10
664.43
 20
264.91999999999996
 10
668.39
 20
265.22
 10
672.25
 20
265.49
 10
675.88
 20
265.74
 10
679.15
 20
265.95000000000005
 10
681.93
 20
266.11
 10
684.09
 20
266.21000000000004
 10
685.5
 20
266.26
 10
689.74
 20
266.28999999999996
 10
686.2
 20
262.75
 10
684.84
 20
261.5
 10
683.43
 20
260.57000000000005
 10
681.65
 20
259.9
 10
679.19
 20
259.44000000000005
 10
675.73
 20
259.13
 10
670.96
 20
258.90999999999997
 10
664.57
 20
258.72
 10
660.39
 20
258.63
 10
656.48
 20
258.6
 10
652.94
 20
258.62
 10
649.89
 20
258.69000000000005
 10
647.46
 20
258.80999999999995
 10
645.77
 20
258.98
 10
644.94
 20
259.17999999999995
  0
LWPOLYLINE
  5
3D
330
17
100
AcDbEntity
  8
rockery
100
AcDbPolyline
 90
274
 70
1
 10
602.7
 20
260.86
 10
601.95
 20
261.32000000000005
 10
601.17
 20
261.95000000000005
 10
600.39
 20
262.72
 10
599.64
 20
263.6
 10
598.95
 20
264.54999999999995
 10
598.35
 20
265.53999999999996
 10
597.87
 20
266.53
 10
596.76
 20
268.65999999999997
 10
595.09
 20
270.99
 10
592.86
 20
273.53999999999996
 10
590.05
 20
276.32000000000005
 10
586.67
 20
279.33000000000004
 10
582.7
 20
282.57000000000005
 10
578.15
 20
286.07000000000005
 10
576.31
 20
287.5
 10
574.47
 20
289.03999999999996
 10
572.71
 20
290.62
 10
571.08
 20
292.20000000000005
 10
569.65
 20
293.69000000000005
 10
568.48
 20
295.04999999999995
 10
567.65
 20
296.20000000000005
 10
565.03
 20
299.41999999999996
 10
561.74
 20
302.07000000000005
 10
557.95
 20
304.08000000000004
 10
553.87
 20
305.39
 10
549.7
 20
305.95000000000005
 10
545.63
 20
305.67999999999995
 10
541.86
 20
304.53
 10
540.61
 20
304.07000000000005
 10
539.2
 20
303.78999999999996
 10
537.52
 20
303.69000000000005
 10
535.5
 20
303.77
 10
533.05
 20
304.03
 10
530.07
 20
304.49
 10
526.48
 20
305.13
 10
523.57
 20
305.66999999999996
 10
520.49
 20
306.21000000000004
 10
517.34
 20
306.73
 10
514.27
 20
307.22
 10
511.38
 20
307.65
 10
508.79
 20
308.01
 10
506.64
 20
308.27
 10
502.62
 20
308.9
 10
499.81
 20
309.85
 10
498.18
 20
311.26
 10
497.69
 20
313.28999999999996
 10
498.3
 20
316.08000000000004
 10
499.97
 20
319.78
 10
502.68
 20
324.53999999999996
 10
504.02
 20
326.74
 10
505.34
 20
328.88
 10
506.6
 20
330.89
 10
507.75
 20
332.70000000000005
 10
508.74
 20
334.23
 10
509.54
 20
335.40999999999997
 10
510.09
 20
336.17999999999995
 10
511.75
 20
337.87
 10
514.2
 20
339.78999999999996
 10
517.28
 20
341.82000000000005
 10
520.77
 20
343.86
 10
524.52
 20
345.79999999999995
 10
528.32
 20
347.53
 10
531.99
 20
348.94000000000005
 10
537.06
 20
350.79999999999995
 10
541.1
 20
352.65
 10
544.45
 20
354.82000000000005
 10
547.45
 20
357.62
 10
550.44
 20
361.36
 10
553.74
 20
366.36
 10
557.69
 20
372.92999999999995
 10
564.22
 20
383.35
 10
570.75
 20
392.51
 10
577.2
 20
400.33000000000004
 10
583.49
 20
406.73
 10
589.56
 20
411.63
 10
595.31
 20
414.96000000000004
 10
600.68
 20
416.64
 10
602.6
 20
416.89
 10
604.22
 20
416.96000000000004
 10
605.65
 20
416.80999999999995
 10
607.01
 20
416.40999999999997
 10
608.41
 20
415.72
 10
609.97
 20
414.71000000000004
 10
611.79
 20
413.34000000000003
 10
621.2
 20
407.04999999999995
 10
630.86
 20
402.65
 10
640.79
 20
400.14
 10
651.02
 20
399.51
 10
661.57
 20
400.76
 10
672.47
 20
403.9
 10
683.73
 20
408.91999999999996
 10
686.52
 20
410.41999999999996
 10
689.31
 20
411.99
 10
692.0
 20
413.57000000000005
 10
694.49
 20
415.11
 10
696.69
 20
416.53999999999996
 10
698.49
 20
417.79999999999995
 10
699.79
 20
418.84000000000003
 10
701.43
 20
420.25
 10
702.76
 20
421.22
 10
704.01
 20
421.78999999999996
 10
705.41
 20
421.98
 10
707.16
 20
421.84000000000003
 10
709.5
 20
421.4
 10
712.64
 20
420.66999999999996
 10
717.14
 20
419.75
 10
721.44
 20
419.14
 10
725.45
 20
418.82000000000005
 10
729.05
 20
418.80999999999995
 10
732.16
 20
419.11
 10
734.65
 20
419.71000000000004
 10
736.43
 20
420.61
 10
737.56
 20
421.53999999999996
 10
738.33
 20
422.35
 10
738.75
 20
423.03999999999996
 10
738.81
 20
423.59000000000003
 10
738.52
 20
423.99
 10
737.88
 20
424.24
 10
736.87
 20
424.33000000000004
 10
735.43
 20
424.51
 10
734.49
 20
425.04999999999995
 10
734.05
 20
425.94000000000005
 10
734.11
 20
427.20000000000005
 10
734.68
 20
428.79999999999995
 10
735.74
 20
430.76
 10
737.31
 20
433.05999999999995
 10
740.39
 20
436.98
 10
743.23
 20
439.84000000000003
 10
746.16
 20
441.73
 10
749.5
 20
442.76
 10
753.59
 20
443.02
 10
758.73
 20
442.62
 10
765.27
 20
441.65
 10
769.2
 20
440.91999999999996
 10
772.72
 20
440.14
 10
775.75
 20
439.30999999999995
 10
778.22
 20
438.48
 10
780.07
 20
437.65
 10
781.23
 20
436.85
 10
781.62
 20
436.11
 10
781.41
 20
435.67999999999995
 10
780.83
 20
434.94000000000005
 10
779.93
 20
433.94000000000005
 10
778.74
 20
432.73
 10
777.32
 20
431.36
 10
775.71
 20
429.86
 10
773.96
 20
428.29999999999995
 10
768.44
 20
422.9
 10
764.13
 20
417.45000000000005
 10
761.06
 20
412.01
 10
759.24
 20
406.6
 10
758.67
 20
401.25
 10
759.37
 20
395.99
 10
761.35
 20
390.87
 10
762.27
 20
389.29999999999995
 10
763.57
 20
387.34000000000003
 10
765.2
 20
385.1
 10
767.07
 20
382.65
 10
769.11
 20
380.11
 10
771.24
 20
377.57000000000005
 10
773.4
 20
375.12
 10
775.53
 20
372.69000000000005
 10
777.58
 20
370.21000000000004
 10
779.48
 20
367.76
 10
781.18
 20
365.44000000000005
 10
782.59
 20
363.34000000000003
 10
783.66
 20
361.54999999999995
 10
784.32
 20
360.16999999999996
 10
784.77
 20
358.98
 10
785.26
 20
357.77
 10
785.75
 20
356.57000000000005
 10
786.24
 20
355.41999999999996
 10
786.69
 20
354.39
 10
787.11
 20
353.5
 10
787.45
 20
352.79999999999995
 10
787.75
 20
352.17999999999995
 10
788.03
 20
351.5
 10
788.27
 20
350.78
 10
788.47
 20
350.07000000000005
 10
788.62
 20
349.37
 10
788.72
 20
348.73
 10
788.76
 20
348.16999999999996
 10
788.9
 20
346.98
 10
789.28
 20
346.28
 10
789.82
 20
346.04999999999995
 10
790.44
 20
346.25
 10
791.06
 20
346.86
 10
791.6
 20
347.86
 10
791.97
 20
349.22
 10
792.1
 20
349.76
 10
792.21
 20
349.87
 10
792.3
 20
349.59000000000003
 10
792.37
 20
348.94000000000005
 10
792.41
 20
347.94000000000005
 10
792.43
 20
346.63
 10
792.41
 20
345.02
 10
792.32
 20
342.53
 10
792.11
 20
340.49
 10
791.73
 20
338.78
 10
791.11
 20
337.25
 10
790.2
 20
335.78
 10
788.96
 20
334.23
 10
787.32
 20
332.47
 10
784.32
 20
329.53
 10
781.45
 20
327.09000000000003
 10
778.73
 20
325.14
 10
776.17
 20
323.70000000000005
 10
773.79
 20
322.76
 10
771.61
 20
322.35
 10
769.64
 20
322.48
 10
768.71
 20
322.66999999999996
 10
767.66
 20
322.89
 10
766.55
 20
323.12
 10
765.42
 20
323.36
 10
764.31
 20
323.59000000000003
 10
763.27
 20
323.79999999999995
 10
762.34
 20
324.0
 10
761.09
 20
324.13
 10
759.83
 20
323.96000000000004
 10
758.46
 20
323.40999999999997
 10
756.87
 20
322.41999999999996
 10
754.97
 20
320.92999999999995
 10
752.64
 20
318.88
 10
749.8
 20
316.20000000000005
 10
746.19
 20
312.96000000000004
 10
742.57
 20
310.14
 10
738.98
 20
307.76
 10
735.48
 20
305.86
 10
732.14
 20
304.46000000000004
 10
729.0
 20
303.6
 10
726.11
 20
303.30999999999995
 10
725.37
 20
303.23
 10
724.35
 20
303.01
 10
723.11
 20
302.66999999999996
 10
721.7
 20
302.21000000000004
 10
720.18
 20
301.66999999999996
 10
718.61
 20
301.05999999999995
 10
717.04
 20
300.39
 10
715.01
 20
299.45000000000005
 10
713.42
 20
298.59000000000003
 10
712.23
 20
297.77
 10
711.38
 20
296.94000000000005
 10
710.83
 20
296.04999999999995
 10
710.54
 20
295.07000000000005
 10
710.45
 20
293.95000000000005
 10
710.09
 20
291.90999999999997
 10
709.12
 20
288.94000000000005
 10
707.67
 20
285.37
 10
705.91
 20
281.52
 10
703.98
 20
277.71000000000004
 10
702.03
 20
274.28999999999996
 10
700.21
 20
271.55999999999995
 10
699.37
 20
270.72
 10
698.11
 20
270.05999999999995
 10
696.21
 20
269.54999999999995
 10
693.44
 20
269.15
 10
689.58
 20
268.83000000000004
 10
684.4
 20
268.55999999999995
 10
677.68
 20
268.29999999999995
 10
668.55
 20
267.88
 10
659.64
 20
267.24
 10
651.05
 20
266.4
 10
642.9
 20
265.38
 10
635.29
 20
264.17999999999995
 10
628.35
 20
262.83000000000004
 10
622.18
 20
261.33000000000004
 10
618.49
 20
260.41999999999996
 10
615.14
 20
259.78999999999996
 10
612.11
 20
259.45000000000005
 10
609.38
 20
259.38
 10
606.91
 20
259.6
 10
604.7
 20
260.09000000000003
 10
602.7
 20
260.86
  0
LWPOLYLINE
  5
3E
330
17
100
AcDbEntity
  8
rockery
100
AcDbPolyline
 90
50
 70
1
 10
583.52
 20
261.65
 10
579.61
 20
261.84000000000003
 10
576.74
 20
262.05999999999995
 10
574.74
 20
262.38
 10
573.42
 20
262.87
 10
572.58
 20
263.59000000000003
 10
572.06
 20
264.61
 10
571.66
 20
265.99
 10
570.33
 20
268.63
 10
567.45
 20
272.98
 10
563.5
 20
278.40999999999997
 10
558.99
 20
284.27
 10
554.39
 20
289.94000000000005
 10
550.2
 20
294.78
 10
546.9
 20
298.15999999999997
 10
545.56
 20
299.53999999999996
 10
544.83
 20
300.71000000000004
 10
544.74
 20
301.65
 10
545.26
 20
302.38
 10
546.42
 20
302.9
 10
548.2
 20
303.21000000000004
 10
550.62
 20
303.30999999999995
 10
552.42
 20
303.21000000000004
 10
554.04
 20
302.87
 10
555.66
 20
302.15999999999997
 10
557.43
 20
300.99
 10
559.49
 20
299.26
 10
562.02
 20
296.87
 10
565.16
 20
293.70000000000005
 10
567.52
 20
291.30999999999995
 10
570.08
 20
288.74
 10
572.74
 20
286.1
 10
575.41
 20
283.48
 10
577.97
 20
281.0
 10
580.31
 20
278.75
 10
582.34
 20
276.84000000000003
 10
586.16
 20
273.21000000000004
 10
589.53
 20
269.82000000000005
 10
592.35
 20
266.79999999999995
 10
594.52
 20
264.27
 10
595.93
 20
262.36
 10
596.47
 20
261.19000000000005
 10
596.03
 20
260.88
 10
595.37
 20
260.96000000000004
 10
594.21
 20
261.05999999999995
 10
592.62
 20
261.16999999999996
 10
590.68
 20
261.28999999999996
 10
588.47
 20
261.40999999999997
 10
586.05
 20
261.53
 10
583.52
 20
261.65
  0
LWPOLYLINE
  5
3F
330
17
100
AcDbEntity
  8
rockery
100
AcDbPolyline
 90
36
 70
1
 10
1545.61
 20
268.89
 10
1544.04
 20
271.33000000000004
 10
1541.84
 20
273.85
 10
1539.09
 20
276.39
 10
1535.88
 20
278.89
 10
1532.27
 20
281.28999999999996
 10
1528.35
 20
283.53
 10
1524.2
 20
285.53999999999996
 10
1519.61
 20
287.45000000000005
 10
1516.33
 20
288.6
 10
1514.41
 20
289.01
 10
1513.93
 20
288.74
 10
1514.95
 20
287.79999999999995
 10
1517.53
 20
286.25
 10
1521.73
 20
284.11
 10
1527.05
 20
281.45000000000005
 10
1531.53
 20
278.95000000000005
 10
1535.24
 20
276.53999999999996
 10
1538.28
 20
274.16999999999996
 10
1540.73
 20
271.76
 10
1542.66
 20
269.25
 10
1544.16
 20
266.58000000000004
 10
1544.75
 20
265.41999999999996
 10
1545.32
 20
264.44000000000005
 10
1545.85
 20
263.65999999999997
 10
1546.33
 20
263.1
 10
1546.73
 20
262.78999999999996
 10
1547.03
 20
262.75
 10
1547.23
 20
262.99
 10
1547.3
 20
263.49
 10
1547.25
 20
264.15999999999997
 10
1547.1
 20
264.97
 10
1546.85
 20
265.88
 10
1546.51
 20
266.87
 10
1546.09
 20
267.88
 10
1545.61
 20
268.89
  0
LWPOLYLINE
  5
40
330
17
100
AcDbEntity
  8
rockery
100
AcDbPolyline
 90
38
 70
1
 10
1617.45
 20
270.28999999999996
 10
1614.93
 20
273.91999999999996
 10
1611.38
 20
277.80999999999995
 10
1607.01
 20
281.78999999999996
 10
1602.01
 20
285.72
 10
1596.6
 20
289.42999999999995
 10
1590.95
 20
292.77
 10
1585.29
 20
295.58000000000004
 10
1580.93
 20
297.28999999999996
 10
1576.5
 20
298.6
 10
1571.9
 20
299.5
 10
1567.07
 20
300.0
 10
1561.93
 20
300.11
 10
1556.42
 20
299.84000000000003
 10
1550.46
 20
299.20000000000005
 10
1539.79
 20
297.77
 10
1554.02
 20
298.47
 10
1558.52
 20
298.65
 10
1562.31
 20
298.70000000000005
 10
1565.55
 20
298.61
 10
1568.4
 20
298.36
 10
1571.03
 20
297.94000000000005
 10
1573.58
 20
297.33000000000004
 10
1576.23
 20
296.52
 10
1581.24
 20
294.67999999999995
 10
1585.93
 20
292.57000000000005
 10
1590.38
 20
290.14
 10
1594.68
 20
287.35
 10
1598.9
 20
284.14
 10
1603.11
 20
280.46000000000004
 10
1607.41
 20
276.26
 10
1610.85
 20
272.85
 10
1613.72
 20
270.23
 10
1615.98
 20
268.42999999999995
 10
1617.54
 20
267.5
 10
1618.35
 20
267.47
 10
1618.35
 20
268.39
 10
1617.45
 20
270.28999999999996
  0
LWPOLYLINE
  5
41
330
17
100
AcDbEntity
  8
rockery
100
AcDbPolyline
 90
66
 70
1
 10
1161.78
 20
268.49
 10
1161.48
 20
268.96000000000004
 10
1160.64
 20
269.98
 10
1159.32
 20
271.46000000000004
 10
1157.58
 20
273.34000000000003
 10
1155.51
 20
275.53
 10
1153.16
 20
277.97
 10
1150.6
 20
280.57000000000005
 10
1144.83
 20
286.26
 10
1139.98
 20
290.40999999999997
 10
1135.4
 20
293.26
 10
1130.42
 20
295.04999999999995
 10
1124.37
 20
296.01
 10
1116.59
 20
296.39
 10
1106.42
 20
296.40999999999997
 10
1101.4
 20
296.37
 10
1096.74
 20
296.28
 10
1092.58
 20
296.16999999999996
 10
1089.07
 20
296.03
 10
1086.33
 20
295.88
 10
1084.52
 20
295.71000000000004
 10
1083.76
 20
295.53
 10
1084.13
 20
295.35
 10
1085.5
 20
295.19000000000005
 10
1087.77
 20
295.04999999999995
 10
1090.81
 20
294.92999999999995
 10
1094.5
 20
294.84000000000003
 10
1098.73
 20
294.78999999999996
 10
1103.36
 20
294.76
 10
1108.35
 20
294.72
 10
1113.12
 20
294.6
 10
1117.55
 20
294.4
 10
1121.51
 20
294.14
 10
1124.9
 20
293.82000000000005
 10
1127.6
 20
293.45000000000005
 10
1129.47
 20
293.03999999999996
 10
1132.1
 20
291.91999999999996
 10
1135.13
 20
290.12
 10
1138.29
 20
287.87
 10
1141.27
 20
285.41999999999996
 10
1143.76
 20
283.02
 10
1145.48
 20
280.91999999999996
 10
1146.12
 20
279.36
 10
1145.92
 20
279.03
 10
1145.36
 20
278.65
 10
1144.47
 20
278.25
 10
1143.31
 20
277.82000000000005
 10
1141.92
 20
277.40999999999997
 10
1140.35
 20
277.01
 10
1138.64
 20
276.65
 10
1131.17
 20
275.21000000000004
 10
1141.6
 20
275.38
 10
1145.29
 20
275.40999999999997
 10
1148.06
 20
275.35
 10
1150.1
 20
275.13
 10
1151.62
 20
274.70000000000005
 10
1152.79
 20
274.01
 10
1153.82
 20
273.01
 10
1154.89
 20
271.63
 10
1156.05
 20
270.27
 10
1157.34
 20
269.13
 10
1158.64
 20
268.25
 10
1159.85
 20
267.70000000000005
 10
1160.85
 20
267.53
 10
1161.53
 20
267.77
 10
1161.78
 20
268.49
  0
LWPOLYLINE
  5
42
330
17
100
AcDbEntity
  8
rockery
100
AcDbPolyline
 90
196
 70
1
 10
1462.19
 20
275.90999999999997
 10
1462.25
 20
276.41999999999996
 10
1462.42
 20
276.79999999999995
 10
1462.71
 20
277.07000000000005
 10
1463.12
 20
277.22
 10
1463.64
 20
277.25
 10
1464.28
 20
277.16999999999996
 10
1465.04
 20
276.97
 10
1466.44
 20
276.65
 10
1467.34
 20
276.69000000000005
 10
1467.76
 20
277.03
 10
1467.7
 20
277.64
 10
1467.16
 20
278.44000000000005
 10
1466.15
 20
279.38
 10
1464.68
 20
280.41999999999996
 10
1463.76
 20
281.03999999999996
 10
1462.54
 20
281.94000000000005
 10
1461.08
 20
283.07000000000005
 10
1459.46
 20
284.37
 10
1457.74
 20
285.78999999999996
 10
1455.97
 20
287.28999999999996
 10
1454.23
 20
288.79999999999995
 10
1451.66
 20
290.96000000000004
 10
1449.19
 20
292.75
 10
1446.54
 20
294.30999999999995
 10
1443.43
 20
295.75
 10
1439.59
 20
297.21000000000004
 10
1434.74
 20
298.82000000000005
 10
1428.6
 20
300.71000000000004
 10
1424.22
 20
301.98
 10
1419.84
 20
303.16999999999996
 10
1415.62
 20
304.25
 10
1411.71
 20
305.16999999999996
 10
1408.27
 20
305.90999999999997
 10
1405.45
 20
306.40999999999997
 10
1403.4
 20
306.65999999999997
 10
1401.06
 20
306.85
 10
1399.25
 20
307.11
 10
1397.86
 20
307.53
 10
1396.77
 20
308.15
 10
1395.86
 20
309.05999999999995
 10
1395.03
 20
310.30999999999995
 10
1394.15
 20
311.96000000000004
 10
1393.38
 20
313.28999999999996
 10
1392.43
 20
314.58000000000004
 10
1391.31
 20
315.80999999999995
 10
1390.03
 20
316.99
 10
1388.59
 20
318.09000000000003
 10
1387.02
 20
319.12
 10
1385.31
 20
320.05999999999995
 10
1382.35
 20
321.62
 10
1380.29
 20
322.90999999999997
 10
1379.09
 20
323.95000000000005
 10
1378.74
 20
324.80999999999995
 10
1379.23
 20
325.51
 10
1380.54
 20
326.1
 10
1382.65
 20
326.62
 10
1390.05
 20
327.86
 10
1396.87
 20
328.5
 10
1403.0
 20
328.57000000000005
 10
1408.33
 20
328.07000000000005
 10
1412.76
 20
327.01
 10
1416.17
 20
325.4
 10
1418.45
 20
323.25
 10
1419.02
 20
322.63
 10
1419.84
 20
322.0
 10
1420.84
 20
321.38
 10
1422.0
 20
320.80999999999995
 10
1423.27
 20
320.29999999999995
 10
1424.59
 20
319.88
 10
1425.93
 20
319.57000000000005
 10
1431.58
 20
318.49
 10
1427.31
 20
316.65999999999997
 10
1426.23
 20
316.24
 10
1425.04
 20
315.85
 10
1423.78
 20
315.5
 10
1422.51
 20
315.21000000000004
 10
1421.28
 20
314.98
 10
1420.13
 20
314.83000000000004
 10
1419.12
 20
314.76
 10
1418.23
 20
314.72
 10
1417.4
 20
314.61
 10
1416.68
 20
314.46000000000004
 10
1416.07
 20
314.27
 10
1415.61
 20
314.03999999999996
 10
1415.31
 20
313.78
 10
1415.21
 20
313.51
 10
1416.04
 20
312.99
 10
1418.3
 20
312.90999999999997
 10
1421.65
 20
313.24
 10
1425.77
 20
313.9
 10
1430.32
 20
314.86
 10
1434.96
 20
316.04999999999995
 10
1439.36
 20
317.40999999999997
 10
1441.43
 20
318.1
 10
1443.53
 20
318.72
 10
1445.6
 20
319.28
 10
1447.54
 20
319.74
 10
1449.28
 20
320.1
 10
1450.75
 20
320.33000000000004
 10
1451.87
 20
320.40999999999997
 10
1452.95
 20
320.47
 10
1454.3
 20
320.63
 10
1455.86
 20
320.88
 10
1457.55
 20
321.22
 10
1459.31
 20
321.61
 10
1461.07
 20
322.05999999999995
 10
1462.77
 20
322.53999999999996
 10
1464.56
 20
323.03
 10
1466.58
 20
323.49
 10
1468.74
 20
323.90999999999997
 10
1470.94
 20
324.27
 10
1473.12
 20
324.54999999999995
 10
1475.17
 20
324.75
 10
1477.01
 20
324.85
 10
1479.45
 20
324.91999999999996
 10
1481.14
 20
325.0
 10
1482.1
 20
325.09000000000003
 10
1482.37
 20
325.22
 10
1481.96
 20
325.4
 10
1480.93
 20
325.64
 10
1479.28
 20
325.95000000000005
 10
1474.29
 20
326.86
 10
1479.13
 20
328.61
 10
1481.71
 20
329.46000000000004
 10
1484.07
 20
330.0
 10
1486.45
 20
330.22
 10
1489.07
 20
330.11
 10
1492.17
 20
329.65999999999997
 10
1495.99
 20
328.86
 10
1500.76
 20
327.71000000000004
 10
1503.28
 20
327.08000000000004
 10
1505.79
 20
326.45000000000005
 10
1508.21
 20
325.85
 10
1510.46
 20
325.28999999999996
 10
1512.43
 20
324.79999999999995
 10
1514.05
 20
324.40999999999997
 10
1515.23
 20
324.12
 10
1516.12
 20
323.86
 10
1516.94
 20
323.52
 10
1517.67
 20
323.12
 10
1518.28
 20
322.67999999999995
 10
1518.74
 20
322.22
 10
1519.04
 20
321.75
 10
1519.14
 20
321.28999999999996
 10
1519.26
 20
320.74
 10
1519.62
 20
320.33000000000004
 10
1520.27
 20
320.04999999999995
 10
1521.22
 20
319.89
 10
1522.52
 20
319.84000000000003
 10
1524.19
 20
319.9
 10
1526.26
 20
320.07000000000005
 10
1529.47
 20
320.23
 10
1531.74
 20
320.04999999999995
 10
1533.04
 20
319.58000000000004
 10
1533.36
 20
318.9
 10
1532.64
 20
318.07000000000005
 10
1530.88
 20
317.15
 10
1528.04
 20
316.20000000000005
 10
1526.77
 20
315.86
 10
1525.51
 20
315.53999999999996
 10
1524.31
 20
315.27
 10
1523.2
 20
315.03999999999996
 10
1522.23
 20
314.86
 10
1521.45
 20
314.75
 10
1520.89
 20
314.71000000000004
 10
1520.19
 20
314.62
 10
1518.99
 20
314.38
 10
1517.37
 20
314.0
 10
1515.4
 20
313.5
 10
1513.17
 20
312.90999999999997
 10
1510.75
 20
312.23
 10
1508.23
 20
311.5
 10
1497.37
 20
308.30999999999995
 10
1490.46
 20
297.87
 10
1487.84
 20
293.77
 10
1485.9
 20
290.32000000000005
 10
1484.59
 20
287.36
 10
1483.87
 20
284.75
 10
1483.69
 20
282.33000000000004
 10
1484.02
 20
279.92999999999995
 10
1484.8
 20
277.41999999999996
 10
1485.22
 20
276.20000000000005
 10
1485.31
 20
275.33000000000004
 10
1484.86
 20
274.74
 10
1483.7
 20
274.37
 10
1481.65
 20
274.16999999999996
 10
1478.52
 20
274.08000000000004
 10
1474.12
 20
274.03999999999996
 10
1470.56
 20
274.03999999999996
 10
1467.73
 20
274.12
 10
1465.56
 20
274.27
 10
1463.98
 20
274.52
 10
1462.94
 20
274.87
 10
1462.37
 20
275.33000000000004
 10
1462.19
 20
275.90999999999997
  0
LWPOLYLINE
  5
43
330
17
100
AcDbEntity
  8
rockery
100
AcDbPolyline
 90
36
 70
1
 10
656.22
 20
290.25
 10
658.64
 20
299.15999999999997
 10
658.14
 20
310.25
 10
655.11
 20
322.54999999999995
 10
649.94
 20
335.09000000000003
 10
643.03
 20
346.92999999999995
 10
634.78
 20
357.09000000000003
 10
625.58
 20
364.63
 10
622.77
 20
366.26
 10
621.0
 20
367.08000000000004
 10
620.25
 20
367.12
 10
620.51
 20
366.44000000000005
 10
621.74
 20
365.09000000000003
 10
623.94
 20
363.12
 10
627.09
 20
360.57000000000005
 10
633.35
 20
354.74
 10
639.21
 20
347.52
 10
644.46
 20
339.30999999999995
 10
648.9
 20
330.52
 10
652.31
 20
321.54999999999995
 10
654.51
 20
312.82000000000005
 10
655.27
 20
304.73
 10
655.22
 20
302.51
 10
655.1
 20
300.27
 10
654.91
 20
298.09000000000003
 10
654.67
 20
296.04999999999995
 10
654.38
 20
294.22
 10
654.05
 20
292.70000000000005
 10
653.69
 20
291.55999999999995
 10
653.17
 20
289.89
 10
653.05
 20
288.65
 10
653.26
 20
287.89
 10
653.75
 20
287.64
 10
654.44
 20
287.92999999999995
 10
655.29
 20
288.78
 10
656.22
 20
290.25
  0
LWPOLYLINE
  5
44
330
17
100
AcDbEntity
  8
rockery
100
AcDbPolyline
 90
22
 70
1
 10
1064.85
 20
294.25
 10
1063.88
 20
294.55999999999995
 10
1060.54
 20
294.70000000000005
 10
1055.56
 20
294.66999999999996
 10
1049.71
 20
294.51
 10
1043.72
 20
294.22
 10
1038.35
 20
293.84000000000003
 10
1034.35
 20
293.39
 10
1033.0
 20
293.12
 10
1032.68
 20
292.91999999999996
 10
1033.38
 20
292.79999999999995
 10
1035.07
 20
292.74
 10
1037.71
 20
292.75
 10
1041.28
 20
292.84000000000003
 10
1045.74
 20
293.0
 10
1049.99
 20
293.17999999999995
 10
1053.93
 20
293.37
 10
1057.43
 20
293.57000000000005
 10
1060.4
 20
293.77
 10
1062.7
 20
293.95000000000005
 10
1064.22
 20
294.11
 10
1064.85
 20
294.25
  0
LWPOLYLINE
  5
45
330
17
100
AcDbEntity
  8
rockery
100
AcDbPolyline
 90
1788
 70
1
 10
916.89
 20
298.23
 10
914.4
 20
299.26
 10
912.02
 20
300.26
 10
909.82
 20
301.21000000000004
 10
907.88
 20
302.07000000000005
 10
906.28
 20
302.80999999999995
 10
905.1
 20
303.38
 10
904.4
 20
303.77
 10
902.47
 20
305.80999999999995
 10
899.42
 20
309.87
 10
895.77
 20
315.1
 10
892.08
 20
320.70000000000005
 10
888.89
 20
325.84000000000003
 10
886.73
 20
329.69000000000005
 10
886.17
 20
331.42999999999995
 10
886.36
 20
331.58000000000004
 10
886.53
 20
331.64
 10
886.68
 20
331.62
 10
886.81
 20
331.52
 10
886.91
 20
331.34000000000003
 10
886.97
 20
331.09000000000003
 10
887.0
 20
330.77
 10
887.2
 20
330.28999999999996
 10
887.8
 20
329.57000000000005
 10
888.72
 20
328.65
 10
889.94
 20
327.58000000000004
 10
891.39
 20
326.40999999999997
 10
893.04
 20
325.15999999999997
 10
894.83
 20
323.89
 10
896.62
 20
322.63
 10
898.27
 20
321.44000000000005
 10
899.73
 20
320.34000000000003
 10
900.95
 20
319.37
 10
901.88
 20
318.58000000000004
 10
902.48
 20
318.0
 10
902.7
 20
317.65999999999997
 10
903.13
 20
316.65999999999997
 10
904.19
 20
315.20000000000005
 10
905.64
 20
313.51
 10
907.25
 20
311.85
 10
908.78
 20
310.45000000000005
 10
910.0
 20
309.55999999999995
 10
910.67
 20
309.42999999999995
 10
910.78
 20
309.70000000000005
 10
910.76
 20
310.13
 10
910.61
 20
310.71000000000004
 10
910.36
 20
311.4
 10
910.0
 20
312.16999999999996
 10
909.55
 20
313.0
 10
909.01
 20
313.86
 10
907.68
 20
316.07000000000005
 10
907.28
 20
317.20000000000005
 10
907.79
 20
317.27
 10
909.23
 20
316.28
 10
911.58
 20
314.22
 10
914.84
 20
311.11
 10
919.01
 20
306.94000000000005
 10
922.78
 20
303.13
 10
925.64
 20
300.38
 10
927.83
 20
298.53999999999996
 10
929.61
 20
297.44000000000005
 10
931.22
 20
296.94000000000005
 10
932.9
 20
296.87
 10
934.92
 20
297.1
 10
939.48
 20
298.12
 10
944.34
 20
299.9
 10
949.5
 20
302.45000000000005
 10
954.96
 20
305.78
 10
960.72
 20
309.87
 10
966.78
 20
314.75
 10
973.15
 20
320.39
 10
986.19
 20
332.32000000000005
 10
997.9
 20
342.72
 10
1008.49
 20
351.75
 10
1018.16
 20
359.6
 10
1027.11
 20
366.41999999999996
 10
1035.57
 20
372.39
 10
1043.72
 20
377.65999999999997
 10
1051.91
 20
382.6
 10
1058.94
 20
386.57000000000005
 10
1064.81
 20
389.57000000000005
 10
1069.5
 20
391.61
 10
1073.04
 20
392.67999999999995
 10
1075.41
 20
392.78999999999996
 10
1076.62
 20
391.94000000000005
 10
1076.92
 20
391.52
 10
1077.56
 20
390.80999999999995
 10
1078.5
 20
389.86
 10
1079.67
 20
388.70000000000005
 10
1081.05
 20
387.38
 10
1082.58
 20
385.95000000000005
 10
1084.21
 20
384.46000000000004
 10
1091.3
 20
378.05999999999995
 10
1084.24
 20
385.53
 10
1077.17
 20
393.0
 10
1083.09
 20
393.0
 10
1084.46
 20
392.96000000000004
 10
1085.78
 20
392.85
 10
1086.99
 20
392.65999999999997
 10
1088.06
 20
392.41999999999996
 10
1088.93
 20
392.14
 10
1089.58
 20
391.80999999999995
 10
1089.95
 20
391.46000000000004
 10
1091.33
 20
390.13
 10
1093.67
 20
388.76
 10
1096.73
 20
387.44000000000005
 10
1100.24
 20
386.27
 10
1103.95
 20
385.32000000000005
 10
1107.6
 20
384.69000000000005
 10
1110.91
 20
384.46000000000004
 10
1114.86
 20
384.77
 10
1119.97
 20
385.6
 10
1125.61
 20
386.78
 10
1131.12
 20
388.15999999999997
 10
1135.86
 20
389.55999999999995
 10
1139.17
 20
390.84000000000003
 10
1140.42
 20
391.82000000000005
 10
1140.31
 20
392.01
 10
1139.99
 20
392.13
 10
1139.48
 20
392.16999999999996
 10
1138.82
 20
392.13
 10
1138.03
 20
392.02
 10
1137.13
 20
391.83000000000004
 10
1136.15
 20
391.58000000000004
 10
1135.18
 20
391.30999999999995
 10
1134.28
 20
391.1
 10
1133.49
 20
390.92999999999995
 10
1132.82
 20
390.82000000000005
 10
1132.32
 20
390.77
 10
1131.99
 20
390.78999999999996
 10
1131.88
 20
390.88
 10
1133.41
 20
392.49
 10
1137.49
 20
395.34000000000003
 10
1143.34
 20
398.99
 10
1150.17
 20
402.97
 10
1157.23
 20
406.85
 10
1163.73
 20
410.15999999999997
 10
1168.9
 20
412.45000000000005
 10
1171.62
 20
413.52
 10
1174.03
 20
414.5
 10
1176.07
 20
415.37
 10
1177.68
 20
416.1
 10
1178.79
 20
416.65999999999997
 10
1179.33
 20
417.03
 10
1179.25
 20
417.15999999999997
 10
1176.78
 20
416.75
 10
1172.91
 20
415.51
 10
1167.99
 20
413.6
 10
1162.35
 20
411.15999999999997
 10
1156.32
 20
408.33000000000004
 10
1150.23
 20
405.26
 10
1144.41
 20
402.09000000000003
 10
1134.32
 20
396.57000000000005
 10
1125.89
 20
392.57000000000005
 10
1118.77
 20
390.03
 10
1112.56
 20
388.88
 10
1106.91
 20
389.03999999999996
 10
1101.42
 20
390.45000000000005
 10
1095.74
 20
393.03999999999996
 10
1091.02
 20
395.44000000000005
 10
1086.39
 20
397.57000000000005
 10
1081.82
 20
399.41999999999996
 10
1077.26
 20
401.03
 10
1072.68
 20
402.39
 10
1068.05
 20
403.53
 10
1063.33
 20
404.44000000000005
 10
1058.55
 20
405.02
 10
1053.81
 20
405.09000000000003
 10
1049.02
 20
404.63
 10
1044.11
 20
403.63
 10
1038.99
 20
402.05999999999995
 10
1033.57
 20
399.91999999999996
 10
1027.76
 20
397.17999999999995
 10
1018.95
 20
392.73
 10
1013.84
 20
395.53999999999996
 10
1010.93
 20
396.99
 10
1007.57
 20
398.40999999999997
 10
1003.87
 20
399.77
 10
999.97
 20
401.02
 10
995.99
 20
402.13
 10
992.06
 20
403.03999999999996
 10
988.3
 20
403.73
 10
982.12
 20
404.69000000000005
 10
986.88
 20
407.52
 10
990.1
 20
409.74
 10
993.95
 20
412.9
 10
998.25
 20
416.82000000000005
 10
1002.81
 20
421.32000000000005
 10
1007.44
 20
426.21000000000004
 10
1011.97
 20
431.29999999999995
 10
1016.2
 20
436.42999999999995
 10
1018.18
 20
438.89
 10
1020.33
 20
441.53
 10
1022.58
 20
444.22
 10
1024.82
 20
446.87
 10
1026.97
 20
449.37
 10
1028.94
 20
451.62
 10
1030.65
 20
453.51
 10
1037.2
 20
460.63
 10
1028.89
 20
452.79999999999995
 10
1026.88
 20
450.84000000000003
 10
1024.81
 20
448.71000000000004
 10
1022.76
 20
446.5
 10
1020.81
 20
444.28999999999996
 10
1019.03
 20
442.16999999999996
 10
1017.5
 20
440.24
 10
1016.3
 20
438.55999999999995
 10
1015.04
 20
436.82000000000005
 10
1013.31
 20
434.69000000000005
 10
1011.23
 20
432.26
 10
1008.87
 20
429.65
 10
1006.34
 20
426.95000000000005
 10
1003.73
 20
424.27
 10
1001.12
 20
421.72
 10
997.64
 20
418.47
 10
994.41
 20
415.69000000000005
 10
991.29
 20
413.25
 10
988.13
 20
411.07000000000005
 10
984.79
 20
409.03999999999996
 10
981.11
 20
407.05999999999995
 10
976.94
 20
405.02
 10
973.93
 20
403.54999999999995
 10
971.21
 20
402.14
 10
968.84
 20
400.80999999999995
 10
966.91
 20
399.63
 10
965.5
 20
398.64
 10
964.67
 20
397.88
 10
964.51
 20
397.4
 10
964.88
 20
397.14
 10
965.53
 20
397.05999999999995
 10
966.43
 20
397.14
 10
967.56
 20
397.37
 10
968.88
 20
397.76
 10
970.36
 20
398.28999999999996
 10
971.98
 20
398.96000000000004
 10
974.17
 20
399.87
 10
976.17
 20
400.54999999999995
 10
978.1
 20
401.0
 10
980.1
 20
401.25
 10
982.29
 20
401.32000000000005
 10
984.8
 20
401.21000000000004
 10
987.76
 20
400.95000000000005
 10
992.54
 20
400.14
 10
997.84
 20
398.75
 10
1003.16
 20
396.98
 10
1007.98
 20
395.03
 10
1011.8
 20
393.12
 10
1014.08
 20
391.45000000000005
 10
1014.32
 20
390.24
 10
1013.78
 20
389.75
 10
1012.82
 20
388.94000000000005
 10
1011.51
 20
387.85
 10
1009.9
 20
386.53999999999996
 10
1008.07
 20
385.04999999999995
 10
1006.08
 20
383.45000000000005
 10
1003.98
 20
381.77
 10
1001.79
 20
379.97
 10
999.52
 20
378.0
 10
997.27
 20
375.95000000000005
 10
995.1
 20
373.89
 10
993.12
 20
371.9
 10
991.41
 20
370.08000000000004
 10
990.04
 20
368.49
 10
987.8
 20
365.32000000000005
 10
985.32
 20
361.14
 10
982.69
 20
356.14
 10
980.04
 20
350.57000000000005
 10
977.45
 20
344.63
 10
975.04
 20
338.53999999999996
 10
972.91
 20
332.52
 10
972.09
 20
330.35
 10
971.06
 20
328.22
 10
969.8
 20
326.08000000000004
 10
968.27
 20
323.9
 10
966.44
 20
321.62
 10
964.28
 20
319.20000000000005
 10
961.77
 20
316.6
 10
957.86
 20
312.92999999999995
 10
954.13
 20
309.98
 10
950.5
 20
307.71000000000004
 10
946.84
 20
306.05999999999995
 10
943.06
 20
304.99
 10
939.04
 20
304.46000000000004
 10
934.69
 20
304.4
 10
933.45
 20
304.42999999999995
 10
932.41
 20
304.41999999999996
 10
931.61
 20
304.37
 10
931.05
 20
304.28
 10
930.78
 20
304.15999999999997
 10
930.8
 20
304.02
 10
931.13
 20
303.85
 10
931.68
 20
303.65
 10
932.29
 20
303.44000000000005
 10
932.94
 20
303.21000000000004
 10
933.6
 20
302.97
 10
934.25
 20
302.74
 10
934.86
 20
302.53
 10
935.4
 20
302.34000000000003
 10
935.97
 20
302.1
 10
936.29
 20
301.86
 10
936.37
 20
301.61
 10
936.2
 20
301.33000000000004
 10
935.78
 20
301.03
 10
935.1
 20
300.67999999999995
 10
934.15
 20
300.29999999999995
 10
932.53
 20
299.80999999999995
 10
931.08
 20
299.75
 10
929.68
 20
300.20000000000005
 10
928.22
 20
301.22
 10
926.6
 20
302.90999999999997
 10
924.69
 20
305.33000000000004
 10
922.39
 20
308.58000000000004
 10
920.13
 20
311.45000000000005
 10
917.25
 20
314.45000000000005
 10
913.84
 20
317.5
 10
910.0
 20
320.52
 10
905.84
 20
323.42999999999995
 10
901.46
 20
326.15
 10
896.94
 20
328.61
 10
895.22
 20
329.57000000000005
 10
893.12
 20
330.89
 10
890.76
 20
332.5
 10
888.22
 20
334.32000000000005
 10
885.61
 20
336.28999999999996
 10
883.04
 20
338.33000000000004
 10
880.59
 20
340.36
 10
874.74
 20
345.16999999999996
 10
869.59
 20
348.94000000000005
 10
864.88
 20
351.77
 10
860.37
 20
353.78
 10
855.81
 20
355.08000000000004
 10
850.95
 20
355.78
 10
845.54
 20
355.99
 10
841.84
 20
356.02
 10
838.93
 20
356.15
 10
836.64
 20
356.4
 10
834.8
 20
356.84000000000003
 10
833.24
 20
357.49
 10
831.78
 20
358.39
 10
830.26
 20
359.59000000000003
 10
829.15
 20
360.65
 10
828.06
 20
361.94000000000005
 10
826.99
 20
363.42999999999995
 10
825.99
 20
365.09000000000003
 10
825.06
 20
366.86
 10
824.23
 20
368.72
 10
823.53
 20
370.62
 10
822.86
 20
372.48
 10
822.04
 20
374.49
 10
821.11
 20
376.58000000000004
 10
820.1
 20
378.65
 10
819.06
 20
380.64
 10
818.02
 20
382.45000000000005
 10
817.02
 20
384.01
 10
815.3
 20
386.65999999999997
 10
814.08
 20
388.87
 10
813.36
 20
390.71000000000004
 10
813.12
 20
392.26
 10
813.36
 20
393.6
 10
814.05
 20
394.78999999999996
 10
815.19
 20
395.92999999999995
 10
816.39
 20
396.57000000000005
 10
817.88
 20
396.69000000000005
 10
819.72
 20
396.26
 10
821.97
 20
395.26
 10
824.68
 20
393.65999999999997
 10
827.92
 20
391.42999999999995
 10
831.74
 20
388.54999999999995
 10
833.03
 20
387.62
 10
834.38
 20
386.77
 10
835.75
 20
386.02
 10
837.07
 20
385.40999999999997
 10
838.31
 20
384.94000000000005
 10
839.39
 20
384.65999999999997
 10
840.28
 20
384.58000000000004
 10
841.31
 20
384.64
 10
841.95
 20
384.74
 10
842.18
 20
384.91999999999996
 10
842.0
 20
385.19000000000005
 10
841.38
 20
385.57000000000005
 10
840.32
 20
386.1
 10
838.8
 20
386.78
 10
835.91
 20
388.28
 10
832.3
 20
390.49
 10
828.41
 20
393.1
 10
824.7
 20
395.78
 10
821.6
 20
398.20000000000005
 10
819.57
 20
400.04999999999995
 10
819.05
 20
401.0
 10
821.38
 20
401.15
 10
826.82
 20
400.95000000000005
 10
834.18
 20
400.49
 10
842.28
 20
399.86
 10
849.91
 20
399.15
 10
855.87
 20
398.46000000000004
 10
858.98
 20
397.89
 10
859.53
 20
397.62
 10
860.03
 20
397.25
 10
860.48
 20
396.79999999999995
 10
860.86
 20
396.28999999999996
 10
861.16
 20
395.75
 10
861.35
 20
395.19000000000005
 10
861.43
 20
394.63
 10
861.82
 20
392.41999999999996
 10
862.82
 20
389.38
 10
864.28
 20
385.84000000000003
 10
866.05
 20
382.11
 10
867.97
 20
378.52
 10
869.89
 20
375.37
 10
871.66
 20
373.0
 10
872.81
 20
371.83000000000004
 10
874.13
 20
370.77
 10
875.62
 20
369.78999999999996
 10
877.31
 20
368.9
 10
879.19
 20
368.09000000000003
 10
881.27
 20
367.35
 10
883.57
 20
366.69000000000005
 10
885.5
 20
366.15999999999997
 10
887.34
 20
365.6
 10
889.04
 20
365.03
 10
890.54
 20
364.48
 10
891.79
 20
363.96000000000004
 10
892.71
 20
363.49
 10
893.26
 20
363.11
 10
893.66
 20
362.78
 10
894.17
 20
362.48
 10
894.77
 20
362.22
 10
895.43
 20
362.0
 10
896.13
 20
361.83000000000004
 10
896.83
 20
361.72
 10
897.51
 20
361.67999999999995
 10
898.24
 20
361.6
 10
899.08
 20
361.38
 10
899.98
 20
361.02
 10
900.91
 20
360.55999999999995
 10
901.83
 20
360.01
 10
902.71
 20
359.38
 10
903.51
 20
358.70000000000005
 10
905.02
 20
357.48
 10
906.52
 20
356.74
 10
908.11
 20
356.52
 10
909.91
 20
356.82000000000005
 10
912.02
 20
357.66999999999996
 10
914.56
 20
359.09000000000003
 10
917.64
 20
361.08000000000004
 10
918.97
 20
361.92999999999995
 10
920.46
 20
362.76
 10
922.05
 20
363.57000000000005
 10
923.67
 20
364.30999999999995
 10
925.25
 20
364.96000000000004
 10
926.74
 20
365.49
 10
928.07
 20
365.86
 10
933.27
 20
367.09000000000003
 10
927.83
 20
367.23
 10
922.39
 20
367.38
 10
937.79
 20
382.08000000000004
 10
941.45
 20
385.57000000000005
 10
945.06
 20
389.01
 10
948.51
 20
392.28999999999996
 10
951.68
 20
395.28999999999996
 10
954.43
 20
397.9
 10
956.64
 20
399.99
 10
958.18
 20
401.44000000000005
 10
963.17
 20
406.09000000000003
 10
958.18
 20
402.78999999999996
 10
956.72
 20
401.73
 10
954.76
 20
400.16999999999996
 10
952.39
 20
398.21000000000004
 10
949.74
 20
395.91999999999996
 10
946.89
 20
393.40999999999997
 10
943.96
 20
390.76
 10
941.05
 20
388.05999999999995
 10
932.74
 20
380.32000000000005
 10
925.94
 20
374.15
 10
920.52
 20
369.44000000000005
 10
916.32
 20
366.09000000000003
 10
913.21
 20
363.97
 10
911.06
 20
362.99
 10
909.73
 20
363.02
 10
908.84
 20
363.38
 10
907.24
 20
363.90999999999997
 10
905.02
 20
364.59000000000003
 10
902.3
 20
365.38
 10
899.18
 20
366.26
 10
895.78
 20
367.17999999999995
 10
892.19
 20
368.13
 10
885.39
 20
370.03
 10
880.09
 20
371.88
 10
875.99
 20
373.9
 10
872.8
 20
376.33000000000004
 10
870.23
 20
379.37
 10
867.97
 20
383.27
 10
865.75
 20
388.23
 10
864.93
 20
390.17999999999995
 10
864.11
 20
392.05999999999995
 10
863.32
 20
393.79999999999995
 10
862.59
 20
395.35
 10
861.95
 20
396.65
 10
861.42
 20
397.63
 10
861.04
 20
398.23
 10
859.44
 20
399.15999999999997
 10
856.3
 20
400.14
 10
852.2
 20
401.09000000000003
 10
847.72
 20
401.89
 10
843.43
 20
402.44000000000005
 10
839.91
 20
402.64
 10
837.72
 20
402.39
 10
837.01
 20
402.23
 10
835.96
 20
402.12
 10
834.64
 20
402.07000000000005
 10
833.1
 20
402.08000000000004
 10
831.41
 20
402.14
 10
829.62
 20
402.27
 10
827.8
 20
402.46000000000004
 10
824.5
 20
402.92999999999995
 10
822.18
 20
403.53999999999996
 10
820.78
 20
404.45000000000005
 10
820.22
 20
405.78999999999996
 10
820.46
 20
407.72
 10
821.43
 20
410.39
 10
823.07
 20
413.94000000000005
 10
825.29
 20
417.86
 10
828.05
 20
421.67999999999995
 10
831.14
 20
425.22
 10
834.37
 20
428.28999999999996
 10
837.56
 20
430.71000000000004
 10
840.51
 20
432.29999999999995
 10
843.02
 20
432.87
 10
847.19
 20
433.27
 10
851.27
 20
434.45000000000005
 10
855.27
 20
436.42999999999995
 10
859.16
 20
439.17999999999995
 10
862.96
 20
442.71000000000004
 10
866.65
 20
447.02
 10
870.22
 20
452.09000000000003
 10
871.29
 20
453.74
 10
872.31
 20
455.28999999999996
 10
873.25
 20
456.69000000000005
 10
874.08
 20
457.90999999999997
 10
874.76
 20
458.88
 10
875.27
 20
459.57000000000005
 10
875.56
 20
459.91999999999996
 10
875.79
 20
460.19000000000005
 10
876.1
 20
460.63
 10
876.48
 20
461.22
 10
876.9
 20
461.92999999999995
 10
877.36
 20
462.73
 10
877.84
 20
463.59000000000003
 10
878.31
 20
464.49
 10
880.11
 20
467.53999999999996
 10
882.18
 20
470.24
 10
884.56
 20
472.62
 10
887.27
 20
474.70000000000005
 10
890.34
 20
476.49
 10
893.79
 20
478.01
 10
897.66
 20
479.29999999999995
 10
900.98
 20
480.29999999999995
 10
903.61
 20
481.28
 10
905.83
 20
482.44000000000005
 10
907.9
 20
483.99
 10
910.07
 20
486.1
 10
912.63
 20
489.0
 10
915.82
 20
492.86
 10
918.38
 20
495.87
 10
921.03
 20
498.75
 10
923.78
 20
501.5
 10
926.59
 20
504.1
 10
929.48
 20
506.53999999999996
 10
932.42
 20
508.82000000000005
 10
935.4
 20
510.92999999999995
 10
939.06
 20
513.32
 10
942.08
 20
515.15
 10
944.7
 20
516.5
 10
947.16
 20
517.48
 10
949.69
 20
518.15
 10
952.53
 20
518.64
 10
955.9
 20
519.01
 10
964.64
 20
520.19
 10
972.57
 20
522.02
 10
979.77
 20
524.55
 10
986.33
 20
527.8
 10
992.32
 20
531.83
 10
997.82
 20
536.66
 10
1002.91
 20
542.35
 10
1007.07
 20
547.14
 10
1011.13
 20
550.83
 10
1015.51
 20
553.54
 10
1020.62
 20
555.45
 10
1026.85
 20
556.7
 10
1034.61
 20
557.43
 10
1044.32
 20
557.82
 10
1049.0
 20
557.93
 10
1053.53
 20
558.04
 10
1057.76
 20
558.15
 10
1061.55
 20
558.24
 10
1064.74
 20
558.33
 10
1067.19
 20
558.4
 10
1068.75
 20
558.45
 10
1069.97
 20
558.41
 10
1071.45
 20
558.21
 10
1073.14
 20
557.88
 10
1074.95
 20
557.42
 10
1076.82
 20
556.87
 10
1078.67
 20
556.23
 10
1080.44
 20
555.53
 10
1084.56
 20
554.0
 10
1088.97
 20
552.82
 10
1093.53
 20
551.98
 10
1098.1
 20
551.52
 10
1102.55
 20
551.44
 10
1106.74
 20
551.75
 10
1110.53
 20
552.47
 10
1112.16
 20
552.89
 10
1113.99
 20
553.33
 10
1115.94
 20
553.77
 10
1117.93
 20
554.21
 10
1119.87
 20
554.63
 10
1121.7
 20
555.0
 10
1123.34
 20
555.3
 10
1124.66
 20
555.59
 10
1125.08
 20
555.79
 10
1124.62
 20
555.93
 10
1123.28
 20
555.99
 10
1121.07
 20
555.98
 10
1118.0
 20
555.89
 10
1114.08
 20
555.73
 10
1108.98
 20
555.54
 10
1104.62
 20
555.49
 10
1100.78
 20
555.6
 10
1097.21
 20
555.9
 10
1093.66
 20
556.41
 10
1089.9
 20
557.14
 10
1085.68
 20
558.11
 10
1082.17
 20
558.91
 10
1078.77
 20
559.57
 10
1075.49
 20
560.1
 10
1072.35
 20
560.48
 10
1069.37
 20
560.72
 10
1066.56
 20
560.81
 10
1063.96
 20
560.76
 10
1061.91
 20
560.67
 10
1060.03
 20
560.63
 10
1058.36
 20
560.63
 10
1056.97
 20
560.67
 10
1055.91
 20
560.75
 10
1055.23
 20
560.87
 10
1055.0
 20
561.03
 10
1055.19
 20
561.28
 10
1055.72
 20
561.69
 10
1056.57
 20
562.23
 10
1057.67
 20
562.87
 10
1059.0
 20
563.58
 10
1060.5
 20
564.35
 10
1062.13
 20
565.14
 10
1065.46
 20
566.86
 10
1068.48
 20
568.68
 10
1071.12
 20
570.53
 10
1073.3
 20
572.37
 10
1074.95
 20
574.12
 10
1075.99
 20
575.72
 10
1076.36
 20
577.12
 10
1076.05
 20
578.73
 10
1075.16
 20
580.49
 10
1073.76
 20
582.33
 10
1071.89
 20
584.21
 10
1069.62
 20
586.05
 10
1067.01
 20
587.8
 10
1064.11
 20
589.4
 10
1061.86
 20
590.41
 10
1059.4
 20
591.3
 10
1056.63
 20
592.07
 10
1053.48
 20
592.76
 10
1049.85
 20
593.37
 10
1045.66
 20
593.93
 10
1040.82
 20
594.45
 10
1035.35
 20
595.01
 10
1031.41
 20
595.46
 10
1028.86
 20
595.83
 10
1027.57
 20
596.17
 10
1027.44
 20
596.5
 10
1028.31
 20
596.86
 10
1030.08
 20
597.28
 10
1031.34
 20
597.57
 10
1032.4
 20
597.87
 10
1033.25
 20
598.16
 10
1033.86
 20
598.44
 10
1034.2
 20
598.7
 10
1034.26
 20
598.91
 10
1034.0
 20
599.08
 10
1033.42
 20
599.16
 10
1032.54
 20
599.12
 10
1031.41
 20
598.98
 10
1030.08
 20
598.73
 10
1028.61
 20
598.39
 10
1027.06
 20
597.98
 10
1025.46
 20
597.5
 10
1023.76
 20
596.97
 10
1021.91
 20
596.44
 10
1019.98
 20
595.92
 10
1018.05
 20
595.44
 10
1016.19
 20
595.0
 10
1014.48
 20
594.63
 10
1013.0
 20
594.36
 10
1008.04
 20
593.19
 10
1002.76
 20
591.34
 10
997.32
 20
588.89
 10
991.87
 20
585.92
 10
986.56
 20
582.52
 10
981.54
 20
578.77
 10
976.97
 20
574.76
 10
972.73
 20
570.88
 10
968.64
 20
567.54
 10
964.74
 20
564.74
 10
961.08
 20
562.52
 10
957.7
 20
560.91
 10
954.65
 20
559.92
 10
951.95
 20
559.58
 10
950.87
 20
559.71
 10
949.35
 20
560.09
 10
947.47
 20
560.68
 10
945.32
 20
561.45
 10
942.97
 20
562.38
 10
940.52
 20
563.43
 10
938.05
 20
564.57
 10
935.13
 20
565.91
 10
932.43
 20
567.03
 10
929.95
 20
567.92
 10
927.68
 20
568.6
 10
925.59
 20
569.06
 10
923.67
 20
569.31
 10
921.92
 20
569.36
 10
916.18
 20
569.17
 10
922.59
 20
568.15
 10
924.36
 20
567.78
 10
926.56
 20
567.15
 10
929.1
 20
566.32
 10
931.86
 20
565.33
 10
934.74
 20
564.2
 10
937.61
 20
562.98
 10
940.39
 20
561.72
 10
951.78
 20
556.3
 10
943.08
 20
554.47
 10
932.99
 20
551.87
 10
923.6
 20
548.53
 10
915.02
 20
544.51
 10
907.4
 20
539.9
 10
900.87
 20
534.77
 10
895.54
 20
529.2
 10
891.55
 20
523.28
 10
887.71
 20
516.16
 10
875.35
 20
514.93
 10
862.99
 20
513.7
 10
845.47
 20
526.84
 10
841.21
 20
529.99
 10
836.82
 20
533.15
 10
832.45
 20
536.22
 10
828.28
 20
539.09
 10
824.46
 20
541.63
 10
821.16
 20
543.75
 10
818.54
 20
545.31
 10
815.18
 20
547.19
 10
812.54
 20
548.54
 10
810.37
 20
549.41
 10
808.43
 20
549.88
 10
806.47
 20
550.0
 10
804.22
 20
549.84
 10
801.44
 20
549.45
 10
799.3
 20
549.14
 10
796.61
 20
548.79
 10
793.49
 20
548.41
 10
790.09
 20
548.02
 10
786.54
 20
547.64
 10
782.96
 20
547.27
 10
779.5
 20
546.94
 10
773.34
 20
546.28
 10
766.65
 20
545.39
 10
759.79
 20
544.35
 10
753.09
 20
543.2
 10
746.87
 20
542.01
 10
741.49
 20
540.82
 10
737.27
 20
539.71
 10
734.87
 20
539.44
 10
732.16
 20
540.05
 10
729.03
 20
541.6
 10
725.38
 20
544.16
 10
721.11
 20
547.81
 10
716.14
 20
552.61
 10
710.35
 20
558.64
 10
698.65
 20
571.14
 10
703.66
 20
576.4
 10
708.34
 20
581.75
 10
712.6
 20
587.53
 10
716.32
 20
593.47
 10
719.37
 20
599.34
 10
721.62
 20
604.88
 10
722.94
 20
609.86
 10
723.21
 20
614.01
 10
722.92
 20
618.0
 10
723.04
 20
620.99
 10
723.93
 20
623.36
 10
725.92
 20
625.48
 10
729.39
 20
627.73
 10
734.67
 20
630.48
 10
742.13
 20
634.11
 10
750.68
 20
638.13
 10
757.54
 20
641.04
 10
763.04
 20
642.91
 10
767.51
 20
643.81
 10
771.29
 20
643.79
 10
774.7
 20
642.92
 10
778.08
 20
641.28
 10
784.33
 20
637.86
 10
789.82
 20
635.41
 10
795.04
 20
633.86
 10
800.47
 20
633.15
 10
806.61
 20
633.22
 10
813.93
 20
634.01
 10
822.93
 20
635.45
 10
826.78
 20
636.05
 10
830.69
 20
636.54
 10
834.64
 20
636.92
 10
838.63
 20
637.17
 10
842.64
 20
637.3
 10
846.66
 20
637.31
 10
850.69
 20
637.21
 10
857.75
 20
637.06
 10
863.73
 20
637.36
 10
869.04
 20
638.22
 10
874.07
 20
639.77
 10
879.23
 20
642.14
 10
884.93
 20
645.44
 10
891.55
 20
649.8
 10
902.2
 20
656.98
 10
910.38
 20
662.21
 10
916.67
 20
665.72
 10
921.63
 20
667.74
 10
925.82
 20
668.5
 10
929.81
 20
668.23
 10
934.15
 20
667.16
 10
936.43
 20
666.58
 10
939.11
 20
666.09
 10
942.17
 20
665.68
 10
945.58
 20
665.36
 10
949.33
 20
665.13
 10
953.37
 20
664.99
 10
957.71
 20
664.94
 10
963.32
 20
664.98
 10
967.87
 20
665.13
 10
971.73
 20
665.47
 10
975.31
 20
666.05
 10
978.98
 20
666.94
 10
983.15
 20
668.2
 10
988.21
 20
669.9
 10
995.91
 20
672.63
 10
1002.21
 20
675.08
 10
1007.36
 20
677.39
 10
1011.62
 20
679.69
 10
1015.24
 20
682.12
 10
1018.49
 20
684.83
 10
1021.62
 20
687.95
 10
1023.64
 20
690.18
 10
1025.2
 20
692.07
 10
1026.34
 20
693.74
 10
1027.13
 20
695.29
 10
1027.62
 20
696.85
 10
1027.88
 20
698.52
 10
1027.95
 20
700.42
 10
1027.49
 20
704.53
 10
1025.99
 20
708.22
 10
1023.28
 20
711.62
 10
1019.17
 20
714.89
 10
1013.48
 20
718.17
 10
1006.02
 20
721.6
 10
996.62
 20
725.33
 10
993.68
 20
726.46
 10
991.56
 20
727.32
 10
990.23
 20
727.96
 10
989.64
 20
728.4
 10
989.74
 20
728.68
 10
990.5
 20
728.84
 10
991.85
 20
728.91
 10
996.57
 20
728.43
 10
1002.77
 20
726.98
 10
1009.89
 20
724.77
 10
1017.32
 20
722.02
 10
1024.51
 20
718.94
 10
1030.85
 20
715.74
 10
1035.78
 20
712.64
 10
1036.83
 20
711.9
 10
1037.96
 20
711.16
 10
1039.1
 20
710.46
 10
1040.23
 20
709.83
 10
1041.28
 20
709.28
 10
1042.23
 20
708.84
 10
1043.03
 20
708.54
 10
1046.23
 20
707.04
 10
1048.89
 20
704.83
 10
1050.92
 20
702.13
 10
1052.22
 20
699.13
 10
1052.71
 20
696.04
 10
1052.3
 20
693.06
 10
1050.9
 20
690.4
 10
1048.87
 20
688.38
 10
1045.82
 20
686.11
 10
1041.91
 20
683.66
 10
1037.31
 20
681.14
 10
1032.2
 20
678.64
 10
1026.75
 20
676.25
 10
1021.13
 20
674.07
 10
1017.75
 20
672.83
 10
1015.43
 20
671.95
 10
1014.12
 20
671.38
 10
1013.76
 20
671.08
 10
1014.32
 20
671.01
 10
1015.74
 20
671.12
 10
1017.98
 20
671.38
 10
1023.23
 20
672.33
 10
1029.48
 20
673.94
 10
1036.22
 20
676.03
 10
1042.9
 20
678.4
 10
1048.98
 20
680.86
 10
1053.93
 20
683.23
 10
1057.21
 20
685.3
 10
1059.76
 20
687.73
 10
1061.41
 20
690.13
 10
1062.16
 20
692.55
 10
1062.0
 20
695.06
 10
1060.93
 20
697.72
 10
1058.95
 20
700.61
 10
1056.04
 20
703.77
 10
1050.16
 20
708.6
 10
1042.39
 20
713.51
 10
1033.23
 20
718.27
 10
1023.23
 20
722.65
 10
1012.91
 20
726.43
 10
1002.8
 20
729.36
 10
993.42
 20
731.22
 10
991.09
 20
731.4
 10
987.44
 20
731.46
 10
982.68
 20
731.43
 10
977.05
 20
731.31
 10
970.76
 20
731.09
 10
964.04
 20
730.8
 10
957.11
 20
730.42
 10
947.82
 20
729.82
 10
939.97
 20
729.22
 10
933.25
 20
728.56
 10
927.33
 20
727.8
 10
921.9
 20
726.91
 10
916.63
 20
725.85
 10
911.2
 20
724.57
 10
907.33
 20
723.63
 10
903.53
 20
722.77
 10
899.94
 20
722.01
 10
896.67
 20
721.37
 10
893.85
 20
720.89
 10
891.62
 20
720.58
 10
890.11
 20
720.47
 10
888.71
 20
720.62
 10
886.79
 20
721.06
 10
884.47
 20
721.74
 10
881.84
 20
722.63
 10
879.01
 20
723.7
 10
876.08
 20
724.91
 10
873.15
 20
726.23
 10
869.13
 20
728.06
 10
865.48
 20
729.54
 10
861.98
 20
730.76
 10
858.41
 20
731.75
 10
854.55
 20
732.6
 10
850.19
 20
733.35
 10
845.1
 20
734.07
 10
837.14
 20
734.86
 10
828.77
 20
735.22
 10
820.27
 20
735.18
 10
811.9
 20
734.73
 10
803.91
 20
733.91
 10
796.59
 20
732.72
 10
790.18
 20
731.17
 10
784.07
 20
729.38
 10
779.59
 20
728.19
 10
776.26
 20
727.6
 10
773.58
 20
727.61
 10
771.05
 20
728.22
 10
768.19
 20
729.43
 10
764.48
 20
731.25
 10
762.2
 20
732.44
 10
759.8
 20
733.77
 10
757.38
 20
735.19
 10
755.03
 20
736.64
 10
752.85
 20
738.07
 10
750.93
 20
739.42
 10
749.35
 20
740.63
 10
747.96
 20
741.75
 10
746.55
 20
742.87
 10
745.17
 20
743.93
 10
743.88
 20
744.89
 10
742.73
 20
745.73
 10
741.76
 20
746.4
 10
741.03
 20
746.87
 10
740.28
 20
747.43
 10
739.97
 20
748.06
 10
740.18
 20
748.85
 10
740.97
 20
749.89
 10
742.43
 20
751.29
 10
744.62
 20
753.13
 10
747.61
 20
755.52
 10
753.16
 20
759.72
 10
758.7
 20
763.57
 10
764.29
 20
767.12
 10
770.01
 20
770.4
 10
775.93
 20
773.45
 10
782.11
 20
776.3199999999999
 10
788.63
 20
779.04
 10
791.74
 20
780.3199999999999
 10
794.58
 20
781.5699999999999
 10
797.08
 20
782.75
 10
799.14
 20
783.8199999999999
 10
800.69
 20
784.73
 10
801.65
 20
785.44
 10
801.93
 20
785.9200000000001
 10
802.01
 20
786.27
 10
802.4
 20
786.5799999999999
 10
803.09
 20
786.85
 10
804.02
 20
787.0699999999999
 10
805.19
 20
787.24
 10
806.55
 20
787.35
 10
808.07
 20
787.38
 10
810.8
 20
787.19
 10
813.5
 20
786.5899999999999
 10
816.2
 20
785.5899999999999
 10
818.93
 20
784.1600000000001
 10
821.71
 20
782.29
 10
824.58
 20
779.97
 10
827.55
 20
777.1800000000001
 10
829.35
 20
775.8
 10
831.64
 20
774.73
 10
834.32
 20
773.99
 10
837.34
 20
773.5899999999999
 10
840.62
 20
773.53
 10
844.08
 20
773.8299999999999
 10
847.65
 20
774.49
 10
853.23
 20
775.25
 10
859.16
 20
775.05
 10
865.22
 20
773.96
 10
871.21
 20
772.04
 10
876.9
 20
769.36
 10
882.11
 20
765.99
 10
886.61
 20
762.0
 10
888.47
 20
760.12
 10
890.11
 20
758.67
 10
891.7
 20
757.58
 10
893.39
 20
756.77
 10
895.32
 20
756.17
 10
897.64
 20
755.71
 10
900.52
 20
755.32
 10
902.52
 20
755.04
 10
904.46
 20
754.72
 10
906.26
 20
754.35
 10
907.86
 20
753.97
 10
909.21
 20
753.58
 10
910.24
 20
753.19
 10
910.88
 20
752.83
 10
911.57
 20
752.5
 10
912.7
 20
752.24
 10
914.22
 20
752.06
 10
916.07
 20
751.97
 10
918.22
 20
751.95
 10
920.62
 20
752.02
 10
923.22
 20
752.18
 10
926.72
 20
752.42
 10
929.44
 20
752.52
 10
931.52
 20
752.46
 10
933.1
 20
752.22
 10
934.31
 20
751.79
 10
935.31
 20
751.14
 10
936.23
 20
750.24
 10
938.18
 20
748.56
 10
940.66
 20
747.2
 10
943.57
 20
746.18
 10
946.81
 20
745.51
 10
950.27
 20
745.22
 10
953.86
 20
745.32
 10
957.46
 20
745.85
 10
959.27
 20
746.21
 10
961.26
 20
746.58
 10
963.35
 20
746.96
 10
965.47
 20
747.32
 10
967.53
 20
747.66
 10
969.44
 20
747.95
 10
971.12
 20
748.18
 10
973.0
 20
748.55
 10
975.19
 20
749.19
 10
977.64
 20
750.06
 10
980.3
 20
751.16
 10
983.11
 20
752.46
 10
986.0
 20
753.93
 10
988.92
 20
755.55
 10
992.29
 20
757.42
 10
996.91
 20
759.91
 10
1002.53
 20
762.87
 10
1008.9
 20
766.17
 10
1015.78
 20
769.69
 10
1022.9
 20
773.29
 10
1030.02
 20
776.85
 10
1040.79
 20
782.1700000000001
 10
1048.81
 20
786.04
 10
1054.7
 20
788.6800000000001
 10
1059.08
 20
790.3299999999999
 10
1062.56
 20
791.22
 10
1065.76
 20
791.5799999999999
 10
1069.29
 20
791.65
 10
1072.44
 20
791.6
 10
1075.18
 20
791.39
 10
1077.7
 20
790.99
 10
1080.19
 20
790.35
 10
1082.82
 20
789.4100000000001
 10
1085.79
 20
788.14
 10
1089.29
 20
786.48
 10
1097.01
 20
782.75
 10
1103.0
 20
780.0899999999999
 10
1107.82
 20
778.4100000000001
 10
1112.03
 20
777.5799999999999
 10
1116.18
 20
777.49
 10
1120.83
 20
778.04
 10
1126.55
 20
779.11
 10
1137.06
 20
781.1600000000001
 10
1146.25
 20
782.8
 10
1154.25
 20
784.06
 10
1161.22
 20
784.94
 10
1167.31
 20
785.47
 10
1172.66
 20
785.6700000000001
 10
1177.44
 20
785.55
 10
1180.4
 20
785.39
 10
1182.68
 20
785.3199999999999
 10
1184.3
 20
785.3299999999999
 10
1185.27
 20
785.4300000000001
 10
1185.63
 20
785.62
 10
1185.38
 20
785.9
 10
1184.56
 20
786.27
 10
1181.85
 20
786.8199999999999
 10
1177.45
 20
787.06
 10
1171.43
 20
787.01
 10
1163.89
 20
786.6700000000001
 10
1154.91
 20
786.04
 10
1144.57
 20
785.13
 10
1132.97
 20
783.9300000000001
 10
1125.28
 20
783.11
 10
1119.56
 20
782.5699999999999
 10
1115.31
 20
782.3399999999999
 10
1112.03
 20
782.4100000000001
 10
1109.23
 20
782.81
 10
1106.41
 20
783.54
 10
1103.07
 20
784.62
 10
1100.87
 20
785.39
 10
1098.52
 20
786.28
 10
1096.13
 20
787.24
 10
1093.78
 20
788.24
 10
1091.57
 20
789.23
 10
1089.58
 20
790.1800000000001
 10
1087.92
 20
791.05
 10
1086.26
 20
791.89
 10
1084.51
 20
792.64
 10
1082.71
 20
793.28
 10
1080.91
 20
793.79
 10
1079.14
 20
794.1800000000001
 10
1077.45
 20
794.4200000000001
 10
1075.89
 20
794.5
 10
1070.08
 20
794.5
 10
1075.67
 20
800.23
 10
1077.14
 20
801.63
 10
1078.85
 20
803.1
 10
1080.73
 20
804.5799999999999
 10
1082.69
 20
806.02
 10
1084.67
 20
807.35
 10
1086.58
 20
808.52
 10
1088.35
 20
809.48
 10
1089.93
 20
810.31
 10
1091.24
 20
811.06
 10
1092.23
 20
811.71
 10
1092.89
 20
812.25
 10
1093.19
 20
812.6600000000001
 10
1093.12
 20
812.9100000000001
 10
1092.65
 20
813.0
 10
1091.24
 20
812.8399999999999
 10
1089.62
 20
812.3299999999999
 10
1087.67
 20
811.39
 10
1085.31
 20
809.98
 10
1082.42
 20
808.02
 10
1078.9
 20
805.46
 10
1074.64
 20
802.22
 10
1072.75
 20
800.8399999999999
 10
1070.68
 20
799.48
 10
1068.52
 20
798.1800000000001
 10
1066.36
 20
796.99
 10
1064.27
 20
795.95
 10
1062.36
 20
795.11
 10
1060.69
 20
794.53
 10
1058.95
 20
793.95
 10
1056.79
 20
793.12
 10
1054.34
 20
792.1
 10
1051.69
 20
790.9200000000001
 10
1048.95
 20
789.64
 10
1046.22
 20
788.3
 10
1043.61
 20
786.95
 10
1033.4
 20
781.53
 10
1026.09
 20
777.75
 10
1021.38
 20
775.51
 10
1018.96
 20
774.7
 10
1018.52
 20
775.23
 10
1019.77
 20
777.0
 10
1022.41
 20
779.9100000000001
 10
1025.21
 20
783.0
 10
1027.78
 20
786.06
 10
1030.16
 20
789.13
 10
1032.38
 20
792.25
 10
1034.46
 20
795.46
 10
1036.43
 20
798.81
 10
1038.32
 20
802.3299999999999
 10
1040.26
 20
805.64
 10
1042.46
 20
808.51
 10
1044.93
 20
810.95
 10
1047.68
 20
812.97
 10
1050.71
 20
814.5799999999999
 10
1054.05
 20
815.79
 10
1057.7
 20
816.6
 10
1061.15
 20
817.25
 10
1064.32
 20
818.0699999999999
 10
1067.3
 20
819.11
 10
1070.19
 20
820.39
 10
1073.07
 20
821.97
 10
1076.05
 20
823.89
 10
1079.2
 20
826.1700000000001
 10
1080.8
 20
827.3299999999999
 10
1082.51
 20
828.48
 10
1084.27
 20
829.5799999999999
 10
1086.01
 20
830.5899999999999
 10
1087.67
 20
831.48
 10
1089.17
 20
832.19
 10
1090.45
 20
832.7
 10
1093.7
 20
833.49
 10
1097.8
 20
834.0
 10
1102.36
 20
834.24
 10
1106.96
 20
834.21
 10
1111.2
 20
833.9200000000001
 10
1114.69
 20
833.36
 10
1117.02
 20
832.54
 10
1119.65
 20
830.8399999999999
 10
1122.47
 20
828.75
 10
1125.27
 20
826.47
 10
1127.84
 20
824.19
 10
1129.94
 20
822.11
 10
1131.36
 20
820.4300000000001
 10
1131.88
 20
819.3299999999999
 10
1132.12
 20
818.25
 10
1132.98
 20
817.4200000000001
 10
1134.69
 20
816.8
 10
1137.45
 20
816.37
 10
1141.49
 20
816.0799999999999
 10
1147.03
 20
815.9100000000001
 10
1154.29
 20
815.8199999999999
 10
1168.71
 20
815.7
 10
1179.06
 20
815.74
 10
1186.52
 20
816.13
 10
1192.26
 20
817.0699999999999
 10
1197.47
 20
818.73
 10
1203.32
 20
821.3199999999999
 10
1211.01
 20
825.03
 10
1215.41
 20
827.12
 10
1219.63
 20
829.06
 10
1223.52
 20
830.8
 10
1226.97
 20
832.26
 10
1229.82
 20
833.4100000000001
 10
1231.94
 20
834.1700000000001
 10
1233.2
 20
834.5
 10
1235.87
 20
834.5799999999999
 10
1239.26
 20
834.36
 10
1243.17
 20
833.86
 10
1247.39
 20
833.14
 10
1251.71
 20
832.22
 10
1255.92
 20
831.13
 10
1259.81
 20
829.9200000000001
 10
1264.21
 20
828.5799999999999
 10
1268.22
 20
827.74
 10
1272.01
 20
827.4200000000001
 10
1275.73
 20
827.63
 10
1279.53
 20
828.38
 10
1283.57
 20
829.6700000000001
 10
1288.01
 20
831.52
 10
1290.46
 20
832.5699999999999
 10
1292.92
 20
833.49
 10
1295.32
 20
834.28
 10
1297.63
 20
834.9200000000001
 10
1299.78
 20
835.39
 10
1301.73
 20
835.69
 10
1303.42
 20
835.79
 10
1307.38
 20
835.53
 10
1311.57
 20
834.77
 10
1315.9
 20
833.55
 10
1320.27
 20
831.9100000000001
 10
1324.59
 20
829.87
 10
1328.77
 20
827.46
 10
1332.73
 20
824.74
 10
1336.92
 20
821.85
 10
1342.03
 20
818.8
 10
1347.86
 20
815.6800000000001
 10
1354.17
 20
812.6
 10
1360.76
 20
809.6600000000001
 10
1367.42
 20
806.97
 10
1373.92
 20
804.63
 10
1379.43
 20
802.6800000000001
 10
1384.26
 20
800.72
 10
1388.45
 20
798.74
 10
1392.07
 20
796.69
 10
1395.16
 20
794.54
 10
1397.8
 20
792.27
 10
1400.02
 20
789.8399999999999
 10
1401.58
 20
787.88
 10
1402.66
 20
786.3199999999999
 10
1403.32
 20
784.9300000000001
 10
1403.59
 20
783.49
 10
1403.52
 20
781.78
 10
1403.14
 20
779.5699999999999
 10
1402.5
 20
776.64
 10
1401.81
 20
772.45
 10
1401.61
 20
768.3299999999999
 10
1401.93
 20
764.27
 10
1402.75
 20
760.26
 10
1404.09
 20
756.28
 10
1405.94
 20
752.31
 10
1408.31
 20
748.35
 10
1409.71
 20
746.36
 10
1411.08
 20
744.69
 10
1412.5
 20
743.29
 10
1414.06
 20
742.08
 10
1415.83
 20
741.01
 10
1417.9
 20
740.02
 10
1420.33
 20
739.04
 10
1422.15
 20
738.38
 10
1423.9
 20
737.76
 10
1425.52
 20
737.22
 10
1426.95
 20
736.77
 10
1428.13
 20
736.43
 10
1429.02
 20
736.2
 10
1429.56
 20
736.13
 10
1430.03
 20
736.05
 10
1430.74
 20
735.84
 10
1431.65
 20
735.51
 10
1432.72
 20
735.08
 10
1433.9
 20
734.56
 10
1435.16
 20
733.98
 10
1436.45
 20
733.34
 10
1438.37
 20
732.31
 10
1439.82
 20
731.33
 10
1440.91
 20
730.23
 10
1441.74
 20
728.85
 10
1442.41
 20
727.02
 10
1443.01
 20
724.57
 10
1443.65
 20
721.33
 10
1444.03
 20
719.19
 10
1444.34
 20
717.17
 10
1444.58
 20
715.31
 10
1444.73
 20
713.7
 10
1444.8
 20
712.38
 10
1444.77
 20
711.43
 10
1444.65
 20
710.92
 10
1444.53
 20
710.39
 10
1444.51
 20
709.42
 10
1444.58
 20
708.07
 10
1444.75
 20
706.4
 10
1444.99
 20
704.49
 10
1445.31
 20
702.4
 10
1445.7
 20
700.19
 10
1446.76
 20
695.7
 10
1448.27
 20
691.4
 10
1450.37
 20
687.06
 10
1453.18
 20
682.5
 10
1456.83
 20
677.49
 10
1461.45
 20
671.83
 10
1467.17
 20
665.31
 10
1469.45
 20
662.69
 10
1471.46
 20
660.23
 10
1473.17
 20
657.97
 10
1474.55
 20
655.95
 10
1475.58
 20
654.22
 10
1476.21
 20
652.82
 10
1476.43
 20
651.78
 10
1476.35
 20
650.85
 10
1476.14
 20
649.61
 10
1475.8
 20
648.13
 10
1475.36
 20
646.47
 10
1474.83
 20
644.71
 10
1474.24
 20
642.89
 10
1473.59
 20
641.1
 10
1472.9
 20
639.01
 10
1472.23
 20
636.52
 10
1471.62
 20
633.72
 10
1471.07
 20
630.69
 10
1470.61
 20
627.53
 10
1470.24
 20
624.32
 10
1469.99
 20
621.17
 10
1469.5
 20
613.74
 10
1469.01
 20
608.21
 10
1468.43
 20
604.23
 10
1467.66
 20
601.46
 10
1466.62
 20
599.59
 10
1465.21
 20
598.27
 10
1463.33
 20
597.17
 10
1457.97
 20
594.03
 10
1452.37
 20
590.12
 10
1446.82
 20
585.69
 10
1441.6
 20
581.0
 10
1436.99
 20
576.3
 10
1433.27
 20
571.83
 10
1430.74
 20
567.87
 10
1429.29
 20
564.59
 10
1427.89
 20
560.58
 10
1426.59
 20
556.11
 10
1425.47
 20
551.46
 10
1424.58
 20
546.89
 10
1423.99
 20
542.68
 10
1423.77
 20
539.1
 10
1423.67
 20
537.07
 10
1423.22
 20
535.22
 10
1422.23
 20
533.28
 10
1420.46
 20
530.94
 10
1417.72
 20
527.94
 10
1413.79
 20
523.99
 10
1408.44
 20
518.8
 10
1404.87
 20
515.41
 10
1401.44
 20
512.26
 10
1398.26
 20
509.45000000000005
 10
1395.44
 20
507.08000000000004
 10
1393.1
 20
505.23
 10
1391.35
 20
503.99
 10
1390.29
 20
503.47
 10
1389.34
 20
503.29999999999995
 10
1387.88
 20
503.05999999999995
 10
1386.0
 20
502.75
 10
1383.79
 20
502.40999999999997
 10
1381.34
 20
502.03
 10
1378.73
 20
501.63
 10
1376.05
 20
501.24
 10
1369.24
 20
500.09000000000003
 10
1362.77
 20
498.70000000000005
 10
1356.7
 20
497.1
 10
1351.1
 20
495.30999999999995
 10
1346.03
 20
493.34000000000003
 10
1341.56
 20
491.22
 10
1337.75
 20
488.96000000000004
 10
1334.77
 20
487.16999999999996
 10
1331.09
 20
485.37
 10
1326.49
 20
483.47
 10
1320.77
 20
481.4
 10
1313.73
 20
479.09000000000003
 10
1305.18
 20
476.47
 10
1294.9
 20
473.46000000000004
 10
1288.56
 20
471.42999999999995
 10
1282.49
 20
469.08000000000004
 10
1276.67
 20
466.39
 10
1271.11
 20
463.37
 10
1265.79
 20
460.0
 10
1260.71
 20
456.28999999999996
 10
1255.86
 20
452.23
 10
1253.28
 20
449.95000000000005
 10
1250.6
 20
447.62
 10
1247.92
 20
445.32000000000005
 10
1245.35
 20
443.14
 10
1242.97
 20
441.16999999999996
 10
1240.91
 20
439.49
 10
1239.24
 20
438.17999999999995
 10
1236.02
 20
435.54999999999995
 10
1233.48
 20
433.03
 10
1231.55
 20
430.45000000000005
 10
1230.15
 20
427.64
 10
1229.19
 20
424.44000000000005
 10
1228.58
 20
420.67999999999995
 10
1228.25
 20
416.19000000000005
 10
1228.04
 20
412.77
 10
1227.71
 20
409.92999999999995
 10
1227.18
 20
407.41999999999996
 10
1226.34
 20
405.0
 10
1225.13
 20
402.41999999999996
 10
1223.45
 20
399.41999999999996
 10
1221.22
 20
395.76
 10
1219.67
 20
393.23
 10
1218.18
 20
390.72
 10
1216.79
 20
388.29999999999995
 10
1215.54
 20
386.05999999999995
 10
1214.49
 20
384.09000000000003
 10
1213.69
 20
382.49
 10
1213.19
 20
381.33000000000004
 10
1211.54
 20
377.45000000000005
 10
1209.69
 20
374.0
 10
1207.61
 20
370.96000000000004
 10
1205.28
 20
368.30999999999995
 10
1202.69
 20
366.02
 10
1199.81
 20
364.07000000000005
 10
1196.62
 20
362.44000000000005
 10
1192.91
 20
360.73
 10
1190.45
 20
359.47
 10
1189.24
 20
358.67999999999995
 10
1189.26
 20
358.38
 10
1190.53
 20
358.59000000000003
 10
1193.03
 20
359.35
 10
1196.77
 20
360.65999999999997
 10
1200.22
 20
362.08000000000004
 10
1203.14
 20
363.69000000000005
 10
1205.74
 20
365.72
 10
1208.22
 20
368.39
 10
1210.79
 20
371.90999999999997
 10
1213.66
 20
376.51
 10
1217.02
 20
382.4
 10
1218.41
 20
384.86
 10
1219.92
 20
387.49
 10
1221.49
 20
390.21000000000004
 10
1223.07
 20
392.89
 10
1224.59
 20
395.44000000000005
 10
1225.99
 20
397.74
 10
1227.2
 20
399.69000000000005
 10
1228.42
 20
401.75
 10
1229.5
 20
403.83000000000004
 10
1230.43
 20
405.90999999999997
 10
1231.21
 20
407.98
 10
1231.83
 20
410.01
 10
1232.28
 20
412.0
 10
1232.55
 20
413.92999999999995
 10
1233.11
 20
417.54999999999995
 10
1234.03
 20
421.26
 10
1235.21
 20
424.82000000000005
 10
1236.56
 20
427.99
 10
1237.97
 20
430.53999999999996
 10
1239.34
 20
432.25
 10
1240.58
 20
432.87
 10
1241.09
 20
432.95000000000005
 10
1241.7
 20
433.16999999999996
 10
1242.37
 20
433.53
 10
1243.09
 20
433.99
 10
1243.82
 20
434.54999999999995
 10
1244.53
 20
435.17999999999995
 10
1245.2
 20
435.87
 10
1248.21
 20
438.76
 10
1252.92
 20
442.85
 10
1258.56
 20
447.51
 10
1264.36
 20
452.13
 10
1269.55
 20
456.1
 10
1273.36
 20
458.80999999999995
 10
1275.02
 20
459.63
 10
1275.09
 20
459.29999999999995
 10
1274.98
 20
458.67999999999995
 10
1274.7
 20
457.80999999999995
 10
1274.27
 20
456.73
 10
1273.71
 20
455.48
 10
1273.03
 20
454.11
 10
1272.26
 20
452.65999999999997
 10
1268.94
 20
445.84000000000003
 10
1266.31
 20
438.74
 10
1264.41
 20
431.63
 10
1263.28
 20
424.79999999999995
 10
1262.98
 20
418.51
 10
1263.54
 20
413.03
 10
1265.01
 20
408.64
 10
1267.16
 20
404.49
 10
1258.96
 20
399.30999999999995
 10
1253.64
 20
395.33000000000004
 10
1246.84
 20
389.44000000000005
 10
1239.5
 20
382.57000000000005
 10
1232.58
 20
375.65999999999997
 10
1227.02
 20
369.66999999999996
 10
1223.76
 20
365.53
 10
1223.76
 20
364.19000000000005
 10
1224.56
 20
364.46000000000004
 10
1225.51
 20
364.97
 10
1226.57
 20
365.69000000000005
 10
1227.69
 20
366.59000000000003
 10
1228.82
 20
367.62
 10
1229.92
 20
368.75
 10
1230.95
 20
369.95000000000005
 10
1234.84
 20
374.51
 10
1239.19
 20
379.09000000000003
 10
1243.82
 20
383.54999999999995
 10
1248.56
 20
387.71000000000004
 10
1253.23
 20
391.44000000000005
 10
1257.64
 20
394.54999999999995
 10
1261.62
 20
396.90999999999997
 10
1263.66
 20
397.95000000000005
 10
1265.57
 20
398.87
 10
1267.29
 20
399.65
 10
1268.76
 20
400.27
 10
1269.93
 20
400.70000000000005
 10
1270.73
 20
400.91999999999996
 10
1271.11
 20
400.9
 10
1271.02
 20
400.48
 10
1270.51
 20
399.55999999999995
 10
1269.62
 20
398.22
 10
1268.39
 20
396.51
 10
1266.88
 20
394.5
 10
1265.14
 20
392.27
 10
1263.21
 20
389.88
 10
1261.22
 20
387.40999999999997
 10
1259.3
 20
384.95000000000005
 10
1257.52
 20
382.6
 10
1255.93
 20
380.42999999999995
 10
1254.61
 20
378.53999999999996
 10
1253.61
 20
377.01
 10
1253.0
 20
375.91999999999996
 10
1252.49
 20
374.80999999999995
 10
1252.2
 20
374.09000000000003
 10
1252.14
 20
373.76
 10
1252.34
 20
373.85
 10
1252.8
 20
374.34000000000003
 10
1253.55
 20
375.26
 10
1254.6
 20
376.6
 10
1260.87
 20
384.64
 10
1265.87
 20
390.88
 10
1269.8
 20
395.55999999999995
 10
1272.86
 20
398.86
 10
1275.24
 20
401.02
 10
1277.14
 20
402.22
 10
1278.75
 20
402.70000000000005
 10
1281.34
 20
402.74
 10
1282.97
 20
402.12
 10
1283.64
 20
400.80999999999995
 10
1283.35
 20
398.78999999999996
 10
1282.09
 20
396.03999999999996
 10
1279.85
 20
392.52
 10
1276.64
 20
388.21000000000004
 10
1274.29
 20
385.55999999999995
 10
1271.36
 20
382.9
 10
1267.91
 20
380.24
 10
1264.0
 20
377.64
 10
1259.69
 20
375.13
 10
1255.02
 20
372.73
 10
1250.05
 20
370.5
 10
1248.22
 20
369.73
 10
1246.44
 20
368.98
 10
1244.77
 20
368.27
 10
1243.28
 20
367.64
 10
1242.02
 20
367.11
 10
1241.06
 20
366.69000000000005
 10
1240.44
 20
366.42999999999995
 10
1238.99
 20
366.34000000000003
 10
1238.81
 20
367.72
 10
1239.69
 20
370.19000000000005
 10
1241.44
 20
373.39
 10
1243.85
 20
376.94000000000005
 10
1246.72
 20
380.47
 10
1249.84
 20
383.61
 10
1250.54
 20
384.27
 10
1251.18
 20
384.96000000000004
 10
1251.75
 20
385.64
 10
1252.23
 20
386.29999999999995
 10
1252.59
 20
386.9
 10
1252.82
 20
387.42999999999995
 10
1252.9
 20
387.85
 10
1252.21
 20
387.89
 10
1250.39
 20
386.35
 10
1247.84
 20
383.69000000000005
 10
1244.94
 20
380.34000000000003
 10
1242.07
 20
376.75
 10
1239.62
 20
373.37
 10
1237.98
 20
370.65
 10
1237.24
 20
369.39
 10
1236.12
 20
367.80999999999995
 10
1234.69
 20
365.99
 10
1233.0
 20
364.01
 10
1231.14
 20
361.94000000000005
 10
1229.16
 20
359.87
 10
1227.13
 20
357.87
 10
1224.01
 20
354.92999999999995
 10
1221.55
 20
352.78
 10
1219.49
 20
351.28
 10
1217.57
 20
350.29999999999995
 10
1215.52
 20
349.71000000000004
 10
1213.08
 20
349.36
 10
1209.99
 20
349.14
 10
1207.37
 20
349.03
 10
1204.98
 20
349.07000000000005
 10
1202.72
 20
349.26
 10
1200.55
 20
349.61
 10
1198.37
 20
350.13
 10
1196.12
 20
350.84000000000003
 10
1193.73
 20
351.75
 10
1191.99
 20
352.49
 10
1190.41
 20
353.23
 10
1189.06
 20
353.94000000000005
 10
1187.96
 20
354.59000000000003
 10
1187.17
 20
355.15999999999997
 10
1186.73
 20
355.62
 10
1186.67
 20
355.95000000000005
 10
1186.08
 20
356.65999999999997
 10
1183.72
 20
357.27
 10
1180.16
 20
357.74
 10
1175.93
 20
358.04999999999995
 10
1171.57
 20
358.14
 10
1167.62
 20
357.98
 10
1164.63
 20
357.53999999999996
 10
1163.2
 20
357.22
 10
1161.32
 20
356.88
 10
1159.09
 20
356.53999999999996
 10
1156.6
 20
356.20000000000005
 10
1153.97
 20
355.88
 10
1151.28
 20
355.59000000000003
 10
1148.62
 20
355.35
 10
1142.6
 20
354.72
 10
1137.41
 20
353.80999999999995
 10
1132.64
 20
352.44000000000005
 10
1127.91
 20
350.45000000000005
 10
1122.81
 20
347.67999999999995
 10
1116.94
 20
343.95000000000005
 10
1109.91
 20
339.09000000000003
 10
1102.34
 20
333.79999999999995
 10
1096.41
 20
329.82000000000005
 10
1091.76
 20
326.96000000000004
 10
1088.04
 20
325.05999999999995
 10
1084.89
 20
323.92999999999995
 10
1081.96
 20
323.38
 10
1078.89
 20
323.24
 10
1076.98
 20
323.29999999999995
 10
1075.27
 20
323.51
 10
1073.7
 20
323.88
 10
1072.2
 20
324.45000000000005
 10
1070.72
 20
325.22
 10
1069.2
 20
326.23
 10
1067.57
 20
327.49
 10
1066.11
 20
328.61
 10
1064.24
 20
329.90999999999997
 10
1062.04
 20
331.33000000000004
 10
1059.62
 20
332.82000000000005
 10
1057.06
 20
334.32000000000005
 10
1054.47
 20
335.77
 10
1051.94
 20
337.11
 10
1048.37
 20
338.88
 10
1045.4
 20
340.22
 10
1042.79
 20
341.17999999999995
 10
1040.33
 20
341.83000000000004
 10
1037.78
 20
342.21000000000004
 10
1034.91
 20
342.38
 10
1031.51
 20
342.41999999999996
 10
1029.1
 20
342.38
 10
1026.63
 20
342.28
 10
1024.18
 20
342.13
 10
1021.87
 20
341.92999999999995
 10
1019.76
 20
341.70000000000005
 10
1017.96
 20
341.44000000000005
 10
1016.56
 20
341.15999999999997
 10
1014.3
 20
340.71000000000004
 10
1013.06
 20
340.70000000000005
 10
1012.81
 20
341.1
 10
1013.54
 20
341.91999999999996
 10
1015.25
 20
343.13
 10
1017.92
 20
344.73
 10
1021.54
 20
346.70000000000005
 10
1023.07
 20
347.53
 10
1024.3
 20
348.24
 10
1025.2
 20
348.83000000000004
 10
1025.75
 20
349.27
 10
1025.94
 20
349.53999999999996
 10
1025.72
 20
349.63
 10
1025.1
 20
349.51
 10
1020.47
 20
347.73
 10
1014.38
 20
344.5
 10
1007.15
 20
340.02
 10
999.09
 20
334.51
 10
990.51
 20
328.19000000000005
 10
981.73
 20
321.27
 10
973.05
 20
313.96000000000004
 10
968.38
 20
309.97
 10
964.24
 20
306.61
 10
960.62
 20
303.87
 10
957.51
 20
301.75
 10
954.91
 20
300.24
 10
952.8
 20
299.34000000000003
 10
951.18
 20
299.03999999999996
 10
950.65
 20
298.98
 10
950.04
 20
298.80999999999995
 10
949.36
 20
298.53999999999996
 10
948.66
 20
298.19000000000005
 10
947.96
 20
297.77
 10
947.29
 20
297.29999999999995
 10
946.66
 20
296.78
 10
944.21
 20
295.29999999999995
 10
940.88
 20
294.39
 10
936.84
 20
294.04999999999995
 10
932.25
 20
294.27
 10
927.29
 20
295.04999999999995
 10
922.11
 20
296.37
 10
916.89
 20
298.23
  0
LWPOLYLINE
  5
46
330
17
100
AcDbEntity
  8
rockery
100
AcDbPolyline
 90
141
 70
1
 10
949.04
 20
294.41999999999996
 10
948.49
 20
295.11
 10
948.23
 20
295.76
 10
948.25
 20
296.36
 10
948.53
 20
296.87
 10
949.05
 20
297.26
 10
949.81
 20
297.52
 10
950.79
 20
297.61
 10
952.96
 20
297.99
 10
955.88
 20
299.03999999999996
 10
959.27
 20
300.62
 10
962.87
 20
302.59000000000003
 10
966.44
 20
304.80999999999995
 10
969.71
 20
307.13
 10
972.42
 20
309.41999999999996
 10
976.22
 20
312.88
 10
980.29
 20
316.32000000000005
 10
984.52
 20
319.67999999999995
 10
988.83
 20
322.89
 10
993.14
 20
325.88
 10
997.35
 20
328.6
 10
1001.39
 20
330.97
 10
1008.09
 20
334.24
 10
1015.11
 20
336.86
 10
1022.12
 20
338.78999999999996
 10
1028.75
 20
339.95000000000005
 10
1034.67
 20
340.28
 10
1039.53
 20
339.73
 10
1042.98
 20
338.23
 10
1043.89
 20
337.51
 10
1044.38
 20
336.97
 10
1044.41
 20
336.59000000000003
 10
1043.9
 20
336.34000000000003
 10
1042.81
 20
336.17999999999995
 10
1041.07
 20
336.09000000000003
 10
1038.63
 20
336.03
 10
1036.89
 20
335.95000000000005
 10
1035.07
 20
335.77
 10
1033.24
 20
335.51
 10
1031.47
 20
335.15999999999997
 10
1029.84
 20
334.76
 10
1028.4
 20
334.30999999999995
 10
1027.24
 20
333.83000000000004
 10
1026.33
 20
333.38
 10
1025.65
 20
333.01
 10
1025.2
 20
332.74
 10
1024.98
 20
332.55999999999995
 10
1025.0
 20
332.49
 10
1025.27
 20
332.53
 10
1025.81
 20
332.69000000000005
 10
1026.72
 20
332.92999999999995
 10
1028.05
 20
333.17999999999995
 10
1029.72
 20
333.42999999999995
 10
1031.66
 20
333.67999999999995
 10
1033.8
 20
333.91999999999996
 10
1036.05
 20
334.13
 10
1038.33
 20
334.29999999999995
 10
1041.52
 20
334.48
 10
1044.16
 20
334.51
 10
1046.39
 20
334.37
 10
1048.37
 20
334.03
 10
1050.26
 20
333.48
 10
1052.2
 20
332.66999999999996
 10
1054.35
 20
331.59000000000003
 10
1055.8
 20
330.79999999999995
 10
1057.13
 20
330.03999999999996
 10
1058.31
 20
329.32000000000005
 10
1059.3
 20
328.67999999999995
 10
1060.05
 20
328.13
 10
1060.53
 20
327.71000000000004
 10
1060.69
 20
327.45000000000005
 10
1060.45
 20
327.28
 10
1059.76
 20
327.15999999999997
 10
1058.69
 20
327.09000000000003
 10
1057.27
 20
327.04999999999995
 10
1055.58
 20
327.07000000000005
 10
1053.66
 20
327.13
 10
1051.58
 20
327.24
 10
1049.35
 20
327.33000000000004
 10
1047.02
 20
327.32000000000005
 10
1044.68
 20
327.22
 10
1042.42
 20
327.03999999999996
 10
1040.32
 20
326.78999999999996
 10
1038.48
 20
326.47
 10
1036.99
 20
326.09000000000003
 10
1032.77
 20
324.57000000000005
 10
1027.36
 20
322.39
 10
1021.4
 20
319.84000000000003
 10
1015.54
 20
317.20000000000005
 10
1010.43
 20
314.77
 10
1006.74
 20
312.84000000000003
 10
1005.1
 20
311.72
 10
1003.78
 20
310.91999999999996
 10
1000.73
 20
309.58000000000004
 10
996.37
 20
307.87
 10
991.15
 20
305.95000000000005
 10
985.48
 20
303.96000000000004
 10
979.8
 20
302.08000000000004
 10
974.56
 20
300.46000000000004
 10
972.78
 20
299.97
 10
971.87
 20
299.84000000000003
 10
971.96
 20
300.15999999999997
 10
973.19
 20
301.04999999999995
 10
975.72
 20
302.6
 10
979.69
 20
304.90999999999997
 10
985.24
 20
308.1
 10
992.11
 20
312.13
 10
999.15
 20
316.4
 10
1005.87
 20
320.59000000000003
 10
1011.79
 20
324.39
 10
1016.4
 20
327.5
 10
1019.24
 20
329.59000000000003
 10
1019.81
 20
330.36
 10
1019.06
 20
330.11
 10
1017.59
 20
329.39
 10
1015.48
 20
328.27
 10
1012.85
 20
326.78999999999996
 10
1009.8
 20
325.03
 10
1006.44
 20
323.03999999999996
 10
1002.86
 20
320.87
 10
999.11
 20
318.59000000000003
 10
995.26
 20
316.27
 10
991.46
 20
314.0
 10
987.84
 20
311.87
 10
984.56
 20
309.96000000000004
 10
981.74
 20
308.35
 10
979.54
 20
307.13
 10
977.69
 20
306.11
 10
975.89
 20
305.08000000000004
 10
974.18
 20
304.09000000000003
 10
972.63
 20
303.16999999999996
 10
971.31
 20
302.34000000000003
 10
970.27
 20
301.65999999999997
 10
969.57
 20
301.15999999999997
 10
967.38
 20
299.80999999999995
 10
964.17
 20
298.35
 10
960.4
 20
296.9
 10
956.53
 20
295.63
 10
953.04
 20
294.70000000000005
 10
950.39
 20
294.24
 10
949.04
 20
294.41999999999996
  0
LWPOLYLINE
  5
47
330
17
100
AcDbEntity
  8
rockery
100
AcDbPolyline
 90
50
 70
1
 10
677.66
 20
313.27
 10
676.0
 20
319.15999999999997
 10
673.51
 20
325.67999999999995
 10
670.36
 20
332.51
 10
666.72
 20
339.35
 10
662.76
 20
345.88
 10
658.63
 20
351.80999999999995
 10
654.5
 20
356.82000000000005
 10
650.33
 20
361.19000000000005
 10
646.39
 20
364.94000000000005
 10
642.56
 20
368.14
 10
638.73
 20
370.87
 10
634.78
 20
373.23
 10
630.59
 20
375.28999999999996
 10
626.04
 20
377.13
 10
621.61
 20
378.74
 10
618.71
 20
379.67999999999995
 10
617.35
 20
379.97
 10
617.54
 20
379.59000000000003
 10
619.26
 20
378.54999999999995
 10
622.53
 20
376.85
 10
627.34
 20
374.48
 10
633.75
 20
371.01
 10
639.77
 20
367.0
 10
645.41
 20
362.41999999999996
 10
650.69
 20
357.27
 10
655.63
 20
351.53
 10
660.24
 20
345.16999999999996
 10
664.53
 20
338.19000000000005
 10
667.6
 20
332.37
 10
670.4
 20
326.25
 10
672.85
 20
320.11
 10
674.83
 20
314.28
 10
676.24
 20
309.05999999999995
 10
676.99
 20
304.75
 10
676.95
 20
301.65999999999997
 10
676.84
 20
300.92999999999995
 10
676.8
 20
300.16999999999996
 10
676.81
 20
299.41999999999996
 10
676.88
 20
298.70000000000005
 10
677.0
 20
298.04999999999995
 10
677.17
 20
297.49
 10
677.39
 20
297.04999999999995
 10
678.08
 20
296.64
 10
678.56
 20
297.63
 10
678.83
 20
299.72
 10
678.88
 20
302.63
 10
678.7
 20
306.05999999999995
 10
678.3
 20
309.71000000000004
 10
677.66
 20
313.27
  0
LWPOLYLINE
  5
48
330
17
100
AcDbEntity
  8
rockery
100
AcDbPolyline
 90
568
 70
1
 10
1865.97
 20
311.49
 10
1867.05
 20
314.4
 10
1868.05
 20
317.17999999999995
 10
1868.92
 20
319.74
 10
1869.65
 20
322.01
 10
1870.2
 20
323.88
 10
1870.54
 20
325.27
 10
1870.66
 20
326.09000000000003
 10
1870.57
 20
326.39
 10
1870.37
 20
326.29999999999995
 10
1870.05
 20
325.85
 10
1869.64
 20
325.08000000000004
 10
1869.15
 20
324.01
 10
1868.61
 20
322.66999999999996
 10
1868.01
 20
321.1
 10
1865.04
 20
313.28999999999996
 10
1862.45
 20
307.39
 10
1860.18
 20
303.30999999999995
 10
1858.14
 20
300.95000000000005
 10
1856.25
 20
300.23
 10
1854.44
 20
301.05999999999995
 10
1852.61
 20
303.33000000000004
 10
1851.98
 20
304.1
 10
1850.97
 20
305.01
 10
1849.64
 20
306.02
 10
1848.06
 20
307.1
 10
1846.29
 20
308.20000000000005
 10
1844.38
 20
309.27
 10
1842.42
 20
310.27
 10
1838.36
 20
312.30999999999995
 10
1834.7
 20
314.30999999999995
 10
1831.34
 20
316.34000000000003
 10
1828.14
 20
318.5
 10
1824.98
 20
320.87
 10
1821.75
 20
323.51
 10
1818.32
 20
326.53
 10
1812.1
 20
332.15
 10
1798.11
 20
331.47
 10
1784.12
 20
330.79999999999995
 10
1778.14
 20
336.9
 10
1774.71
 20
340.09000000000003
 10
1771.41
 20
342.32000000000005
 10
1767.85
 20
343.62
 10
1763.62
 20
344.03
 10
1758.34
 20
343.59000000000003
 10
1751.61
 20
342.33000000000004
 10
1743.04
 20
340.28999999999996
 10
1736.41
 20
338.65
 10
1731.35
 20
337.5
 10
1727.39
 20
336.79999999999995
 10
1724.02
 20
336.49
 10
1720.76
 20
336.53
 10
1717.1
 20
336.89
 10
1712.57
 20
337.51
 10
1707.97
 20
338.11
 10
1704.09
 20
338.49
 10
1700.73
 20
338.63
 10
1697.69
 20
338.53
 10
1694.79
 20
338.17999999999995
 10
1691.81
 20
337.58000000000004
 10
1688.57
 20
336.71000000000004
 10
1687.34
 20
336.37
 10
1686.56
 20
336.25
 10
1686.24
 20
336.40999999999997
 10
1686.4
 20
336.90999999999997
 10
1687.07
 20
337.80999999999995
 10
1688.26
 20
339.17999999999995
 10
1689.99
 20
341.08000000000004
 10
1696.79
 20
348.15999999999997
 10
1703.09
 20
353.99
 10
1709.2
 20
358.74
 10
1715.44
 20
362.64
 10
1722.11
 20
365.86
 10
1729.55
 20
368.62
 10
1738.06
 20
371.1
 10
1739.32
 20
371.78999999999996
 10
1740.36
 20
373.08000000000004
 10
1741.15
 20
374.85
 10
1741.66
 20
376.97
 10
1741.87
 20
379.35
 10
1741.75
 20
381.85
 10
1741.27
 20
384.37
 10
1739.92
 20
387.74
 10
1737.46
 20
392.41999999999996
 10
1734.19
 20
397.92999999999995
 10
1730.43
 20
403.78
 10
1726.51
 20
409.48
 10
1722.73
 20
414.52
 10
1719.4
 20
418.42999999999995
 10
1716.26
 20
421.54999999999995
 10
1712.63
 20
424.71000000000004
 10
1708.54
 20
427.89
 10
1704.0
 20
431.11
 10
1699.01
 20
434.34000000000003
 10
1693.59
 20
437.58000000000004
 10
1687.75
 20
440.82000000000005
 10
1675.04
 20
447.63
 10
1657.25
 20
448.51
 10
1651.43
 20
448.83000000000004
 10
1646.72
 20
449.20000000000005
 10
1642.88
 20
449.65
 10
1639.66
 20
450.22
 10
1636.81
 20
450.97
 10
1634.1
 20
451.92999999999995
 10
1631.28
 20
453.15
 10
1623.11
 20
456.9
 10
1623.99
 20
463.33000000000004
 10
1624.22
 20
465.45000000000005
 10
1624.27
 20
467.34000000000003
 10
1624.11
 20
469.09000000000003
 10
1623.72
 20
470.85
 10
1623.07
 20
472.72
 10
1622.13
 20
474.82000000000005
 10
1620.87
 20
477.28999999999996
 10
1619.7
 20
479.63
 10
1618.74
 20
481.88
 10
1617.98
 20
484.09000000000003
 10
1617.39
 20
486.35
 10
1616.96
 20
488.73
 10
1616.66
 20
491.28
 10
1616.49
 20
494.09000000000003
 10
1616.36
 20
496.35
 10
1616.15
 20
498.69000000000005
 10
1615.87
 20
501.03999999999996
 10
1615.55
 20
503.28999999999996
 10
1615.19
 20
505.37
 10
1614.8
 20
507.17999999999995
 10
1614.4
 20
508.64
 10
1613.89
 20
510.30999999999995
 10
1613.56
 20
511.69000000000005
 10
1613.41
 20
512.84
 10
1613.44
 20
513.81
 10
1613.64
 20
514.67
 10
1614.03
 20
515.46
 10
1614.61
 20
516.25
 10
1616.92
 20
518.54
 10
1621.07
 20
522.27
 10
1626.3
 20
526.78
 10
1631.82
 20
531.43
 10
1636.87
 20
535.56
 10
1640.66
 20
538.52
 10
1642.42
 20
539.65
 10
1642.6
 20
539.51
 10
1642.73
 20
539.11
 10
1642.79
 20
538.47
 10
1642.79
 20
537.65
 10
1642.73
 20
536.65
 10
1642.6
 20
535.53
 10
1642.42
 20
534.31
 10
1642.11
 20
532.43
 10
1641.94
 20
531.13
 10
1641.92
 20
530.35
 10
1642.08
 20
530.07
 10
1642.42
 20
530.24
 10
1642.99
 20
530.84
 10
1643.79
 20
531.82
 10
1644.4
 20
532.7
 10
1644.87
 20
533.66
 10
1645.2
 20
534.69
 10
1645.4
 20
535.83
 10
1645.47
 20
537.07
 10
1645.42
 20
538.44
 10
1645.24
 20
539.95
 10
1645.02
 20
541.72
 10
1644.99
 20
543.22
 10
1645.18
 20
544.56
 10
1645.63
 20
545.84
 10
1646.38
 20
547.16
 10
1647.46
 20
548.63
 10
1648.91
 20
550.34
 10
1650.05
 20
551.57
 10
1651.33
 20
552.81
 10
1652.68
 20
554.03
 10
1654.06
 20
555.17
 10
1655.42
 20
556.19
 10
1656.68
 20
557.04
 10
1657.81
 20
557.69
 10
1662.01
 20
560.05
 10
1665.34
 20
562.56
 10
1667.92
 20
565.4
 10
1669.85
 20
568.76
 10
1671.25
 20
572.81
 10
1672.2
 20
577.74
 10
1672.82
 20
583.73
 10
1673.62
 20
594.36
 10
1682.16
 20
599.13
 10
1686.46
 20
601.77
 10
1690.67
 20
604.76
 10
1694.54
 20
607.9
 10
1697.85
 20
610.97
 10
1700.38
 20
613.76
 10
1701.88
 20
616.06
 10
1702.14
 20
617.64
 10
1702.01
 20
618.05
 10
1701.96
 20
618.39
 10
1701.98
 20
618.64
 10
1702.07
 20
618.8
 10
1702.23
 20
618.88
 10
1702.46
 20
618.85
 10
1702.74
 20
618.71
 10
1703.15
 20
618.69
 10
1703.72
 20
619.02
 10
1704.42
 20
619.64
 10
1705.22
 20
620.53
 10
1706.09
 20
621.65
 10
1707.0
 20
622.97
 10
1707.91
 20
624.45
 10
1709.3
 20
626.76
 10
1710.43
 20
628.44
 10
1711.42
 20
629.56
 10
1712.4
 20
630.2
 10
1713.51
 20
630.44
 10
1714.87
 20
630.38
 10
1716.61
 20
630.1
 10
1718.2
 20
629.88
 10
1719.69
 20
629.85
 10
1721.17
 20
630.05
 10
1722.71
 20
630.51
 10
1724.42
 20
631.24
 10
1726.38
 20
632.27
 10
1728.68
 20
633.64
 10
1735.91
 20
638.08
 10
1739.64
 20
634.59
 10
1742.23
 20
632.39
 10
1744.97
 20
630.51
 10
1747.99
 20
628.9
 10
1751.38
 20
627.53
 10
1755.25
 20
626.35
 10
1759.71
 20
625.31
 10
1764.88
 20
624.38
 10
1770.77
 20
623.29
 10
1776.69
 20
621.95
 10
1782.34
 20
620.46
 10
1787.43
 20
618.89
 10
1791.68
 20
617.35
 10
1794.79
 20
615.91
 10
1796.47
 20
614.67
 10
1797.32
 20
612.73
 10
1798.49
 20
608.92
 10
1799.86
 20
603.67
 10
1801.33
 20
597.42
 10
1802.8
 20
590.6
 10
1804.17
 20
583.67
 10
1805.33
 20
577.05
 10
1806.48
 20
571.0
 10
1807.94
 20
566.2
 10
1810.02
 20
562.32
 10
1813.05
 20
559.0
 10
1817.34
 20
555.91
 10
1823.19
 20
552.69
 10
1830.92
 20
549.02
 10
1831.82
 20
548.49
 10
1832.74
 20
547.74
 10
1833.63
 20
546.8
 10
1834.49
 20
545.69
 10
1835.29
 20
544.46
 10
1836.0
 20
543.12
 10
1836.61
 20
541.7
 10
1837.99
 20
538.51
 10
1839.85
 20
534.82
 10
1842.05
 20
530.89
 10
1844.43
 20
526.96
 10
1846.83
 20
523.3
 10
1849.09
 20
520.16
 10
1851.07
 20
517.8
 10
1851.84
 20
516.89
 10
1852.75
 20
515.66
 10
1853.76
 20
514.16
 10
1854.83
 20
512.47
 10
1855.92
 20
510.65
 10
1856.97
 20
508.78
 10
1857.96
 20
506.9
 10
1859.37
 20
503.99
 10
1860.42
 20
501.27
 10
1861.2
 20
498.25
 10
1861.77
 20
494.45000000000005
 10
1862.2
 20
489.37
 10
1862.58
 20
482.53
 10
1862.96
 20
473.45000000000005
 10
1863.27
 20
465.27
 10
1863.44
 20
459.03999999999996
 10
1863.48
 20
454.54999999999995
 10
1863.37
 20
451.59000000000003
 10
1863.1
 20
449.92999999999995
 10
1862.66
 20
449.36
 10
1862.06
 20
449.65
 10
1861.57
 20
450.23
 10
1861.03
 20
451.07000000000005
 10
1860.47
 20
452.12
 10
1859.89
 20
453.34000000000003
 10
1859.34
 20
454.66999999999996
 10
1858.82
 20
456.07000000000005
 10
1858.37
 20
457.48
 10
1856.61
 20
463.48
 10
1857.28
 20
456.63
 10
1857.57
 20
453.89
 10
1857.67
 20
452.03
 10
1857.43
 20
450.91999999999996
 10
1856.65
 20
450.48
 10
1855.18
 20
450.61
 10
1852.84
 20
451.21000000000004
 10
1849.45
 20
452.19000000000005
 10
1848.49
 20
452.55999999999995
 10
1847.77
 20
453.15
 10
1847.26
 20
454.11
 10
1846.91
 20
455.6
 10
1846.7
 20
457.75
 10
1846.6
 20
460.71000000000004
 10
1846.56
 20
464.64
 10
1846.49
 20
467.89
 10
1846.31
 20
470.99
 10
1846.02
 20
473.92999999999995
 10
1845.62
 20
476.71000000000004
 10
1845.11
 20
479.34000000000003
 10
1844.49
 20
481.80999999999995
 10
1843.76
 20
484.12
 10
1842.45
 20
487.87
 10
1841.6
 20
490.53999999999996
 10
1841.26
 20
492.32000000000005
 10
1841.45
 20
493.39
 10
1842.2
 20
493.95000000000005
 10
1843.55
 20
494.19000000000005
 10
1845.54
 20
494.29999999999995
 10
1850.16
 20
494.52
 10
1845.89
 20
495.14
 10
1844.88
 20
495.32000000000005
 10
1843.86
 20
495.53999999999996
 10
1842.89
 20
495.80999999999995
 10
1841.99
 20
496.1
 10
1841.2
 20
496.40999999999997
 10
1840.55
 20
496.72
 10
1840.09
 20
497.03
 10
1839.68
 20
497.29999999999995
 10
1839.23
 20
497.45000000000005
 10
1838.75
 20
497.5
 10
1838.27
 20
497.42999999999995
 10
1837.78
 20
497.25
 10
1837.3
 20
496.97
 10
1836.85
 20
496.58000000000004
 10
1834.69
 20
495.48
 10
1831.23
 20
494.9
 10
1826.86
 20
494.80999999999995
 10
1821.95
 20
495.17999999999995
 10
1816.91
 20
495.99
 10
1812.13
 20
497.19000000000005
 10
1808.0
 20
498.76
 10
1805.98
 20
499.65999999999997
 10
1803.59
 20
500.62
 10
1800.95
 20
501.6
 10
1798.17
 20
502.55999999999995
 10
1795.36
 20
503.46000000000004
 10
1792.62
 20
504.27
 10
1790.07
 20
504.95000000000005
 10
1779.81
 20
507.5
 10
1776.76
 20
515.67
 10
1776.07
 20
517.57
 10
1775.47
 20
519.4
 10
1774.96
 20
521.09
 10
1774.56
 20
522.58
 10
1774.3
 20
523.82
 10
1774.17
 20
524.74
 10
1774.2
 20
525.29
 10
1774.62
 20
525.51
 10
1775.57
 20
525.48
 10
1777.02
 20
525.21
 10
1778.88
 20
524.71
 10
1781.11
 20
523.99
 10
1783.66
 20
523.09
 10
1786.45
 20
522.0
 10
1789.14
 20
520.94
 10
1791.6
 20
520.01
 10
1793.79
 20
519.24
 10
1795.61
 20
518.64
 10
1797.0
 20
518.24
 10
1797.88
 20
518.07
 10
1798.2
 20
518.15
 10
1797.84
 20
518.5
 10
1796.83
 20
519.1
 10
1795.25
 20
519.93
 10
1793.17
 20
520.93
 10
1790.69
 20
522.07
 10
1787.87
 20
523.31
 10
1784.81
 20
524.6
 10
1771.43
 20
530.17
 10
1769.68
 20
538.4
 10
1769.31
 20
540.34
 10
1769.0
 20
542.23
 10
1768.78
 20
544.01
 10
1768.63
 20
545.62
 10
1768.58
 20
546.99
 10
1768.62
 20
548.07
 10
1768.76
 20
548.78
 10
1769.14
 20
549.36
 10
1769.85
 20
550.08
 10
1770.84
 20
550.91
 10
1772.07
 20
551.8
 10
1773.48
 20
552.72
 10
1775.03
 20
553.64
 10
1776.67
 20
554.51
 10
1778.31
 20
555.37
 10
1779.86
 20
556.22
 10
1781.27
 20
557.04
 10
1782.49
 20
557.79
 10
1783.48
 20
558.45
 10
1784.18
 20
558.99
 10
1784.54
 20
559.38
 10
1784.48
 20
559.54
 10
1783.95
 20
559.44
 10
1783.02
 20
559.1
 10
1781.72
 20
558.54
 10
1780.11
 20
557.79
 10
1778.25
 20
556.87
 10
1776.18
 20
555.79
 10
1767.02
 20
550.93
 10
1766.07
 20
556.03
 10
1765.83
 20
557.18
 10
1765.58
 20
558.21
 10
1765.32
 20
559.08
 10
1765.07
 20
559.77
 10
1764.84
 20
560.25
 10
1764.63
 20
560.5
 10
1764.45
 20
560.48
 10
1764.43
 20
559.14
 10
1764.82
 20
556.0
 10
1765.5
 20
551.64
 10
1766.39
 20
546.64
 10
1767.36
 20
541.58
 10
1768.34
 20
537.04
 10
1769.2
 20
533.6
 10
1769.35
 20
532.85
 10
1769.33
 20
532.25
 10
1769.12
 20
531.79
 10
1768.68
 20
531.45
 10
1768.02
 20
531.21
 10
1767.1
 20
531.06
 10
1765.9
 20
530.99
 10
1761.89
 20
530.88
 10
1766.29
 20
528.95
 10
1767.62
 20
528.26
 10
1768.8
 20
527.43
 10
1769.87
 20
526.4
 10
1770.85
 20
525.13
 10
1771.78
 20
523.57
 10
1772.69
 20
521.7
 10
1773.62
 20
519.45
 10
1774.32
 20
517.66
 10
1775.01
 20
515.89
 10
1775.67
 20
514.21
 10
1776.27
 20
512.67
 10
1776.8
 20
511.33000000000004
 10
1777.22
 20
510.26
 10
1777.52
 20
509.52
 10
1777.72
 20
508.87
 10
1777.78
 20
508.28999999999996
 10
1777.7
 20
507.78999999999996
 10
1777.47
 20
507.36
 10
1777.09
 20
506.99
 10
1776.56
 20
506.70000000000005
 10
1775.88
 20
506.47
 10
1775.02
 20
506.23
 10
1774.46
 20
506.02
 10
1774.2
 20
505.83000000000004
 10
1774.25
 20
505.63
 10
1774.61
 20
505.40999999999997
 10
1775.29
 20
505.14
 10
1776.29
 20
504.79999999999995
 10
1777.24
 20
504.30999999999995
 10
1778.18
 20
503.40999999999997
 10
1779.14
 20
502.03999999999996
 10
1780.15
 20
500.15
 10
1781.25
 20
497.69000000000005
 10
1782.47
 20
494.58000000000004
 10
1783.83
 20
490.77
 10
1787.02
 20
482.62
 10
1790.59
 20
475.92999999999995
 10
1794.85
 20
470.42999999999995
 10
1800.12
 20
465.82000000000005
 10
1806.73
 20
461.84000000000003
 10
1815.0
 20
458.20000000000005
 10
1825.25
 20
454.62
 10
1829.56
 20
453.26
 10
1833.99
 20
451.92999999999995
 10
1838.39
 20
450.66999999999996
 10
1842.57
 20
449.51
 10
1846.38
 20
448.52
 10
1849.66
 20
447.72
 10
1852.23
 20
447.17999999999995
 10
1857.12
 20
446.04999999999995
 10
1862.17
 20
444.5
 10
1867.15
 20
442.65
 10
1871.82
 20
440.58000000000004
 10
1875.95
 20
438.4
 10
1879.32
 20
436.22
 10
1881.7
 20
434.14
 10
1882.58
 20
433.02
 10
1883.73
 20
431.34000000000003
 10
1885.1
 20
429.19000000000005
 10
1886.62
 20
426.66999999999996
 10
1888.24
 20
423.89
 10
1889.89
 20
420.94000000000005
 10
1891.52
 20
417.91999999999996
 10
1893.22
 20
414.74
 10
1895.07
 20
411.35
 10
1897.0
 20
407.88
 10
1898.93
 20
404.45000000000005
 10
1900.78
 20
401.22
 10
1902.49
 20
398.30999999999995
 10
1903.97
 20
395.85
 10
1908.45
 20
388.48
 10
1911.46
 20
383.02
 10
1913.0
 20
378.96000000000004
 10
1913.1
 20
375.75
 10
1911.78
 20
372.87
 10
1909.04
 20
369.78
 10
1904.91
 20
365.95000000000005
 10
1896.28
 20
358.12
 10
1892.96
 20
337.48
 10
1891.5
 20
328.63
 10
1890.16
 20
321.20000000000005
 10
1888.94
 20
315.1
 10
1887.8
 20
310.24
 10
1886.74
 20
306.53
 10
1885.72
 20
303.9
 10
1884.73
 20
302.24
 10
1883.61
 20
301.49
 10
1881.83
 20
300.92999999999995
 10
1879.7
 20
300.59000000000003
 10
1877.51
 20
300.47
 10
1875.57
 20
300.59000000000003
 10
1874.18
 20
300.97
 10
1873.66
 20
301.63
 10
1873.75
 20
302.21000000000004
 10
1874.02
 20
303.35
 10
1874.43
 20
304.97
 10
1874.98
 20
306.99
 10
1875.64
 20
309.32000000000005
 10
1876.38
 20
311.89
 10
1877.19
 20
314.63
 10
1878.02
 20
317.58000000000004
 10
1878.81
 20
320.78
 10
1879.55
 20
324.09000000000003
 10
1880.21
 20
327.38
 10
1880.75
 20
330.53
 10
1881.16
 20
333.40999999999997
 10
1881.41
 20
335.88
 10
1882.08
 20
345.30999999999995
 10
1880.15
 20
334.57000000000005
 10
1878.93
 20
328.45000000000005
 10
1877.5
 20
322.4
 10
1875.93
 20
316.65
 10
1874.3
 20
311.45000000000005
 10
1872.69
 20
307.04999999999995
 10
1871.18
 20
303.67999999999995
 10
1869.83
 20
301.59000000000003
 10
1869.22
 20
301.01
 10
1868.5
 20
300.47
 10
1867.69
 20
300.0
 10
1866.85
 20
299.6
 10
1865.99
 20
299.29999999999995
 10
1865.16
 20
299.1
 10
1864.38
 20
299.03999999999996
 10
1863.24
 20
299.08000000000004
 10
1862.51
 20
299.34000000000003
 10
1862.21
 20
300.04999999999995
 10
1862.39
 20
301.4
 10
1863.05
 20
303.62
 10
1864.24
 20
306.90999999999997
 10
1865.97
 20
311.49
  0
LWPOLYLINE
  5
49
330
17
100
AcDbEntity
  8
rockery
100
AcDbPolyline
 90
156
 70
1
 10
1887.89
 20
302.0
 10
1887.97
 20
302.64
 10
1888.18
 20
303.78999999999996
 10
1888.5
 20
305.37
 10
1888.94
 20
307.29999999999995
 10
1889.45
 20
309.51
 10
1890.04
 20
311.91999999999996
 10
1890.67
 20
314.46000000000004
 10
1891.35
 20
317.30999999999995
 10
1892.06
 20
320.63
 10
1892.78
 20
324.26
 10
1893.48
 20
328.04999999999995
 10
1894.13
 20
331.85
 10
1894.69
 20
335.52
 10
1895.16
 20
338.9
 10
1895.61
 20
342.08000000000004
 10
1896.13
 20
345.16999999999996
 10
1896.7
 20
348.08000000000004
 10
1897.3
 20
350.69000000000005
 10
1897.9
 20
352.9
 10
1898.49
 20
354.62
 10
1899.02
 20
355.74
 10
1899.71
 20
356.62
 10
1900.73
 20
357.66999999999996
 10
1902.01
 20
358.85
 10
1903.5
 20
360.11
 10
1905.14
 20
361.39
 10
1906.88
 20
362.64
 10
1908.64
 20
363.82000000000005
 10
1910.37
 20
364.99
 10
1912.01
 20
366.21000000000004
 10
1913.51
 20
367.42999999999995
 10
1914.8
 20
368.62
 10
1915.86
 20
369.71000000000004
 10
1916.61
 20
370.66999999999996
 10
1917.01
 20
371.44000000000005
 10
1917.27
 20
373.28
 10
1916.98
 20
375.54999999999995
 10
1916.1
 20
378.33000000000004
 10
1914.59
 20
381.69000000000005
 10
1912.42
 20
385.73
 10
1909.56
 20
390.51
 10
1905.97
 20
396.11
 10
1904.04
 20
399.12
 10
1901.97
 20
402.48
 10
1899.85
 20
406.04999999999995
 10
1897.75
 20
409.66999999999996
 10
1895.76
 20
413.21000000000004
 10
1893.96
 20
416.53
 10
1892.43
 20
419.47
 10
1889.46
 20
425.16999999999996
 10
1886.7
 20
429.89
 10
1884.06
 20
433.75
 10
1881.44
 20
436.87
 10
1878.75
 20
439.36
 10
1875.89
 20
441.34000000000003
 10
1872.77
 20
442.90999999999997
 10
1866.71
 20
445.51
 10
1866.69
 20
457.05999999999995
 10
1866.65
 20
459.92999999999995
 10
1866.58
 20
463.0
 10
1866.46
 20
466.15999999999997
 10
1866.3
 20
469.28
 10
1866.12
 20
472.23
 10
1865.92
 20
474.9
 10
1865.69
 20
477.15999999999997
 10
1864.73
 20
485.70000000000005
 10
1870.33
 20
482.78
 10
1871.94
 20
482.03
 10
1874.02
 20
481.19000000000005
 10
1876.49
 20
480.28999999999996
 10
1879.22
 20
479.37
 10
1882.12
 20
478.46000000000004
 10
1885.07
 20
477.61
 10
1887.97
 20
476.84000000000003
 10
1893.05
 20
475.48
 10
1897.39
 20
474.14
 10
1901.0
 20
472.78999999999996
 10
1903.9
 20
471.45000000000005
 10
1906.11
 20
470.09000000000003
 10
1907.64
 20
468.71000000000004
 10
1908.51
 20
467.30999999999995
 10
1908.78
 20
466.44000000000005
 10
1909.21
 20
464.85
 10
1909.76
 20
462.64
 10
1910.42
 20
459.92999999999995
 10
1911.16
 20
456.83000000000004
 10
1911.95
 20
453.42999999999995
 10
1912.77
 20
449.84000000000003
 10
1915.07
 20
440.53999999999996
 10
1917.46
 20
433.1
 10
1920.14
 20
427.22
 10
1923.33
 20
422.59000000000003
 10
1927.23
 20
418.9
 10
1932.08
 20
415.83000000000004
 10
1938.07
 20
413.08000000000004
 10
1945.87
 20
409.91999999999996
 10
1952.54
 20
395.07000000000005
 10
1959.2
 20
380.22
 10
1952.9
 20
366.90999999999997
 10
1951.32
 20
363.66999999999996
 10
1949.59
 20
360.32000000000005
 10
1947.79
 20
356.97
 10
1945.98
 20
353.75
 10
1944.25
 20
350.79999999999995
 10
1942.65
 20
348.23
 10
1941.26
 20
346.17999999999995
 10
1939.92
 20
344.22
 10
1938.44
 20
341.90999999999997
 10
1936.88
 20
339.36
 10
1935.32
 20
336.66999999999996
 10
1933.81
 20
333.96000000000004
 10
1932.41
 20
331.32000000000005
 10
1931.19
 20
328.86
 10
1929.46
 20
325.32000000000005
 10
1928.1
 20
322.74
 10
1926.94
 20
320.98
 10
1925.84
 20
319.87
 10
1924.65
 20
319.27
 10
1923.2
 20
319.02
 10
1921.36
 20
318.97
 10
1919.82
 20
318.91999999999996
 10
1918.55
 20
318.77
 10
1917.51
 20
318.49
 10
1916.67
 20
318.07000000000005
 10
1916.0
 20
317.49
 10
1915.45
 20
316.72
 10
1914.99
 20
315.77
 10
1914.69
 20
315.05999999999995
 10
1914.41
 20
314.48
 10
1914.16
 20
314.02
 10
1913.95
 20
313.71000000000004
 10
1913.78
 20
313.53999999999996
 10
1913.67
 20
313.54999999999995
 10
1913.61
 20
313.73
 10
1913.37
 20
313.79999999999995
 10
1912.72
 20
313.5
 10
1911.73
 20
312.86
 10
1910.42
 20
311.92999999999995
 10
1908.87
 20
310.72
 10
1907.12
 20
309.29999999999995
 10
1905.22
 20
307.67999999999995
 10
1902.73
 20
305.57000000000005
 10
1900.55
 20
303.88
 10
1898.63
 20
302.55999999999995
 10
1896.92
 20
301.6
 10
1895.34
 20
300.94000000000005
 10
1893.86
 20
300.58000000000004
 10
1892.41
 20
300.46000000000004
 10
1891.38
 20
300.5
 10
1890.43
 20
300.62
 10
1889.59
 20
300.79999999999995
 10
1888.89
 20
301.03999999999996
 10
1888.35
 20
301.33000000000004
 10
1888.01
 20
301.65
 10
1887.89
 20
302.0
  0
LWPOLYLINE
  5
4A
330
17
100
AcDbEntity
  8
rockery
100
AcDbPolyline
 90
50
 70
1
 10
717.0
 20
318.64
 10
715.7
 20
325.15999999999997
 10
713.35
 20
332.09000000000003
 10
710.05
 20
339.26
 10
705.89
 20
346.5
 10
700.98
 20
353.63
 10
695.42
 20
360.48
 10
689.3
 20
366.88
 10
685.01
 20
370.57000000000005
 10
679.69
 20
374.51
 10
673.86
 20
378.38
 10
668.04
 20
381.88
 10
662.75
 20
384.69000000000005
 10
658.5
 20
386.51
 10
655.82
 20
387.01
 10
655.1
 20
386.78999999999996
 10
654.9
 20
386.40999999999997
 10
655.26
 20
385.85
 10
656.19
 20
385.07000000000005
 10
657.74
 20
384.05999999999995
 10
659.93
 20
382.78999999999996
 10
662.79
 20
381.23
 10
667.93
 20
378.33000000000004
 10
672.77
 20
375.24
 10
677.38
 20
371.9
 10
681.83
 20
368.26
 10
686.2
 20
364.27
 10
690.54
 20
359.86
 10
694.94
 20
354.98
 10
700.1
 20
348.41999999999996
 10
704.63
 20
341.47
 10
708.42
 20
334.41999999999996
 10
711.36
 20
327.53999999999996
 10
713.31
 20
321.11
 10
714.16
 20
315.41999999999996
 10
713.79
 20
310.74
 10
713.47
 20
309.40999999999997
 10
713.3
 20
308.48
 10
713.3
 20
307.91999999999996
 10
713.48
 20
307.72
 10
713.87
 20
307.84000000000003
 10
714.49
 20
308.26
 10
715.36
 20
308.95000000000005
 10
716.14
 20
309.70000000000005
 10
716.72
 20
310.53
 10
717.11
 20
311.52
 10
717.32
 20
312.74
 10
717.36
 20
314.28
 10
717.25
 20
316.22
 10
717.0
 20
318.64
  0
LWPOLYLINE
  5
4B
330
17
100
AcDbEntity
  8
rockery
100
AcDbPolyline
 90
594
 70
1
 10
484.08
 20
315.65
 10
476.19
 20
320.03999999999996
 10
470.35
 20
323.14
 10
465.72
 20
325.21000000000004
 10
461.48
 20
326.48
 10
456.8
 20
327.20000000000005
 10
450.83
 20
327.64
 10
442.76
 20
328.03
 10
438.02
 20
328.27
 10
433.51
 20
328.53
 10
429.36
 20
328.79999999999995
 10
425.72
 20
329.08000000000004
 10
422.73
 20
329.33000000000004
 10
420.54
 20
329.57000000000005
 10
419.29
 20
329.77
 10
418.31
 20
330.14
 10
417.48
 20
330.73
 10
416.76
 20
331.64
 10
416.11
 20
332.94000000000005
 10
415.5
 20
334.70000000000005
 10
414.9
 20
336.99
 10
414.25
 20
339.89
 10
413.7
 20
342.19000000000005
 10
412.99
 20
344.63
 10
412.16
 20
347.11
 10
411.24
 20
349.53
 10
410.27
 20
351.79999999999995
 10
409.29
 20
353.82000000000005
 10
408.32
 20
355.5
 10
407.42
 20
356.96000000000004
 10
406.58
 20
358.33000000000004
 10
405.84
 20
359.57000000000005
 10
405.22
 20
360.65
 10
404.75
 20
361.51
 10
404.45
 20
362.12
 10
404.35
 20
362.44000000000005
 10
405.15
 20
363.19000000000005
 10
407.25
 20
362.71000000000004
 10
410.19
 20
361.28999999999996
 10
413.53
 20
359.20000000000005
 10
416.82
 20
356.73
 10
419.59
 20
354.15999999999997
 10
421.39
 20
351.78
 10
421.8
 20
350.89
 10
422.27
 20
349.61
 10
422.78
 20
348.02
 10
423.33
 20
346.19000000000005
 10
423.87
 20
344.20000000000005
 10
424.4
 20
342.11
 10
424.88
 20
339.99
 10
426.84
 20
331.07000000000005
 10
426.98
 20
337.89
 10
426.84
 20
341.02
 10
426.31
 20
344.21000000000004
 10
425.42
 20
347.35
 10
424.22
 20
350.36
 10
422.74
 20
353.14
 10
421.02
 20
355.6
 10
419.09
 20
357.65
 10
416.72
 20
359.28999999999996
 10
412.59
 20
361.69000000000005
 10
407.17
 20
364.58000000000004
 10
400.94
 20
367.74
 10
394.4
 20
370.90999999999997
 10
388.02
 20
373.85
 10
382.28
 20
376.32000000000005
 10
378.25
 20
377.84000000000003
 10
374.3
 20
379.11
 10
370.67
 20
380.09000000000003
 10
367.58
 20
380.73
 10
365.26
 20
380.97
 10
363.93
 20
380.78
 10
363.82
 20
380.11
 10
364.09
 20
379.79999999999995
 10
364.5
 20
379.52
 10
365.03
 20
379.27
 10
365.64
 20
379.05999999999995
 10
366.33
 20
378.9
 10
367.05
 20
378.79999999999995
 10
367.79
 20
378.77
 10
371.04
 20
378.28
 10
374.69
 20
376.90999999999997
 10
378.56
 20
374.79999999999995
 10
382.44
 20
372.08000000000004
 10
386.14
 20
368.89
 10
389.47
 20
365.36
 10
392.24
 20
361.64
 10
393.98
 20
358.49
 10
395.91
 20
354.35
 10
397.87
 20
349.6
 10
399.72
 20
344.65
 10
401.32
 20
339.87
 10
402.5
 20
335.67999999999995
 10
403.13
 20
332.45000000000005
 10
403.27
 20
331.01
 10
403.26
 20
329.92999999999995
 10
403.06
 20
329.15999999999997
 10
402.62
 20
328.65
 10
401.88
 20
328.33000000000004
 10
400.81
 20
328.15999999999997
 10
399.36
 20
328.08000000000004
 10
398.27
 20
327.99
 10
397.05
 20
327.78
 10
395.75
 20
327.48
 10
394.43
 20
327.09000000000003
 10
393.13
 20
326.64
 10
391.91
 20
326.14
 10
390.82
 20
325.6
 10
389.77
 20
325.05999999999995
 10
388.67
 20
324.57000000000005
 10
387.55
 20
324.13
 10
386.46
 20
323.77
 10
385.45
 20
323.49
 10
384.55
 20
323.30999999999995
 10
383.81
 20
323.25
 10
382.85
 20
323.26
 10
382.22
 20
323.35
 10
381.92
 20
323.53999999999996
 10
381.95
 20
323.90999999999997
 10
382.33
 20
324.49
 10
383.05
 20
325.33000000000004
 10
384.11
 20
326.48
 10
387.16
 20
329.73
 10
380.45
 20
334.66999999999996
 10
378.29
 20
336.34000000000003
 10
376.53
 20
337.9
 10
375.09
 20
339.47
 10
373.89
 20
341.16999999999996
 10
372.84
 20
343.12
 10
371.87
 20
345.41999999999996
 10
370.89
 20
348.19000000000005
 10
369.0
 20
353.26
 10
366.65
 20
358.59000000000003
 10
363.89
 20
364.07000000000005
 10
360.79
 20
369.55999999999995
 10
357.43
 20
374.96000000000004
 10
353.87
 20
380.13
 10
350.19
 20
384.94000000000005
 10
348.58
 20
386.98
 10
347.09
 20
388.91999999999996
 10
345.78
 20
390.71000000000004
 10
344.69
 20
392.28999999999996
 10
343.86
 20
393.59000000000003
 10
343.33
 20
394.55999999999995
 10
343.15
 20
395.12
 10
343.45
 20
396.03999999999996
 10
344.3
 20
398.02
 10
345.63
 20
400.91999999999996
 10
347.36
 20
404.59000000000003
 10
349.43
 20
408.88
 10
351.78
 20
413.65999999999997
 10
354.33
 20
418.77
 10
357.83
 20
425.69000000000005
 10
360.6
 20
430.98
 10
362.75
 20
434.82000000000005
 10
364.36
 20
437.35
 10
365.55
 20
438.74
 10
366.4
 20
439.14
 10
367.03
 20
438.71000000000004
 10
367.5
 20
438.15999999999997
 10
367.87
 20
438.03999999999996
 10
368.16
 20
438.40999999999997
 10
368.37
 20
439.28
 10
368.52
 20
440.71000000000004
 10
368.62
 20
442.72
 10
368.67
 20
445.35
 10
368.63
 20
448.05999999999995
 10
368.45
 20
450.61
 10
368.12
 20
453.05999999999995
 10
367.63
 20
455.48
 10
366.96
 20
457.92999999999995
 10
366.1
 20
460.46000000000004
 10
365.04
 20
463.15
 10
363.37
 20
467.78999999999996
 10
362.17
 20
472.51
 10
361.45
 20
477.14
 10
361.21
 20
481.53999999999996
 10
361.46
 20
485.53999999999996
 10
362.22
 20
488.99
 10
363.49
 20
491.73
 10
364.25
 20
492.67999999999995
 10
365.4
 20
493.84000000000003
 10
366.86
 20
495.15
 10
368.56
 20
496.54999999999995
 10
370.45
 20
497.98
 10
372.45
 20
499.39
 10
374.5
 20
500.74
 10
382.41
 20
505.84000000000003
 10
388.84
 20
510.30999999999995
 10
394.02
 20
514.36
 10
398.16
 20
518.18
 10
401.47
 20
521.98
 10
404.17
 20
525.95
 10
406.47
 20
530.29
 10
408.93
 20
534.78
 10
412.04
 20
539.49
 10
415.57
 20
544.12
 10
419.27
 20
548.39
 10
422.88
 20
552.0
 10
426.16
 20
554.67
 10
428.86
 20
556.12
 10
429.57
 20
556.23
 10
430.46
 20
556.19
 10
431.48
 20
556.01
 10
432.6
 20
555.71
 10
433.76
 20
555.28
 10
434.92
 20
554.75
 10
436.05
 20
554.13
 10
440.14
 20
551.83
 10
444.03
 20
550.07
 10
447.86
 20
548.82
 10
451.75
 20
548.07
 10
455.84
 20
547.78
 10
460.26
 20
547.92
 10
465.15
 20
548.48
 10
471.61
 20
549.34
 10
476.44
 20
549.6
 10
480.09
 20
548.97
 10
483.01
 20
547.18
 10
485.65
 20
543.96
 10
488.44
 20
539.04
 10
491.83
 20
532.14
 10
493.9
 20
528.04
 10
496.37
 20
523.39
 10
499.15
 20
518.39
 10
502.1
 20
513.27
 10
505.13
 20
508.20000000000005
 10
508.1
 20
503.4
 10
510.9
 20
499.07000000000005
 10
516.25
 20
491.30999999999995
 10
521.82
 20
483.76
 10
527.22
 20
476.86
 10
532.07
 20
471.07000000000005
 10
536.0
 20
466.84000000000003
 10
538.64
 20
464.61
 10
539.6
 20
464.84000000000003
 10
539.72
 20
465.78999999999996
 10
540.07
 20
466.46000000000004
 10
540.66
 20
466.85
 10
541.48
 20
466.96000000000004
 10
542.55
 20
466.78
 10
543.85
 20
466.30999999999995
 10
545.39
 20
465.55999999999995
 10
546.05
 20
465.24
 10
546.64
 20
465.02
 10
547.15
 20
464.9
 10
547.57
 20
464.88
 10
547.88
 20
464.96000000000004
 10
548.08
 20
465.14
 10
548.14
 20
465.42999999999995
 10
548.04
 20
465.77
 10
547.73
 20
466.15
 10
547.26
 20
466.57000000000005
 10
546.64
 20
466.99
 10
545.89
 20
467.40999999999997
 10
545.05
 20
467.79999999999995
 10
544.13
 20
468.15999999999997
 10
541.6
 20
469.52
 10
538.09
 20
472.04999999999995
 10
534.0
 20
475.40999999999997
 10
529.7
 20
479.24
 10
525.57
 20
483.22
 10
522.0
 20
487.0
 10
519.37
 20
490.24
 10
516.3
 20
494.54999999999995
 10
523.32
 20
490.83000000000004
 10
526.17
 20
489.40999999999997
 10
529.26
 20
488.04999999999995
 10
532.67
 20
486.72
 10
536.47
 20
485.4
 10
540.74
 20
484.07000000000005
 10
545.56
 20
482.69000000000005
 10
550.99
 20
481.24
 10
552.22
 20
480.91999999999996
 10
553.51
 20
480.59000000000003
 10
554.81
 20
480.25
 10
556.08
 20
479.90999999999997
 10
557.27
 20
479.6
 10
558.33
 20
479.32000000000005
 10
559.19
 20
479.09000000000003
 10
561.0
 20
478.29999999999995
 10
562.61
 20
476.87
 10
564.08
 20
474.61
 10
565.5
 20
471.37
 10
566.94
 20
466.98
 10
568.47
 20
461.28
 10
570.16
 20
454.08000000000004
 10
571.25
 20
449.55999999999995
 10
572.42
 20
445.23
 10
573.67
 20
441.12
 10
575.01
 20
437.21000000000004
 10
576.43
 20
433.51
 10
577.94
 20
430.03
 10
579.52
 20
426.76
 10
585.23
 20
415.65999999999997
 10
575.59
 20
405.01
 10
573.33
 20
402.58000000000004
 10
571.15
 20
400.38
 10
569.12
 20
398.44000000000005
 10
567.32
 20
396.85
 10
565.8
 20
395.65999999999997
 10
564.65
 20
394.94000000000005
 10
563.94
 20
394.75
 10
562.57
 20
395.78
 10
561.12
 20
398.27
 10
559.62
 20
402.09000000000003
 10
558.12
 20
407.11
 10
556.65
 20
413.19000000000005
 10
555.25
 20
420.20000000000005
 10
553.97
 20
428.01
 10
553.17
 20
433.15999999999997
 10
552.4
 20
437.45000000000005
 10
551.64
 20
440.98
 10
550.85
 20
443.87
 10
550.02
 20
446.21000000000004
 10
549.11
 20
448.13
 10
548.09
 20
449.72
 10
546.44
 20
451.87
 10
545.24
 20
453.29999999999995
 10
544.5
 20
453.99
 10
544.23
 20
453.96000000000004
 10
544.47
 20
453.22
 10
545.23
 20
451.75
 10
546.52
 20
449.55999999999995
 10
547.35
 20
447.91999999999996
 10
548.17
 20
445.69000000000005
 10
548.99
 20
442.85
 10
549.81
 20
439.40999999999997
 10
550.63
 20
435.35
 10
551.44
 20
430.66999999999996
 10
552.27
 20
425.36
 10
552.99
 20
420.73
 10
553.81
 20
416.14
 10
554.67
 20
411.76
 10
555.55
 20
407.74
 10
556.41
 20
404.25
 10
557.22
 20
401.44000000000005
 10
557.94
 20
399.47
 10
560.75
 20
393.11
 10
551.6
 20
388.78999999999996
 10
549.47
 20
387.79999999999995
 10
547.45
 20
386.89
 10
545.6
 20
386.09000000000003
 10
543.99
 20
385.40999999999997
 10
542.68
 20
384.9
 10
541.73
 20
384.58000000000004
 10
541.2
 20
384.46000000000004
 10
540.89
 20
384.58000000000004
 10
540.56
 20
384.91999999999996
 10
540.23
 20
385.44000000000005
 10
539.9
 20
386.13
 10
539.58
 20
386.96000000000004
 10
539.3
 20
387.9
 10
539.07
 20
388.91999999999996
 10
538.07
 20
392.36
 10
536.49
 20
396.11
 10
534.49
 20
399.87
 10
532.26
 20
403.37
 10
529.97
 20
406.33000000000004
 10
527.8
 20
408.48
 10
525.93
 20
409.53999999999996
 10
523.74
 20
409.59000000000003
 10
521.11
 20
408.84000000000003
 10
518.22
 20
407.4
 10
515.22
 20
405.39
 10
512.27
 20
402.9
 10
509.54
 20
400.04999999999995
 10
507.18
 20
396.94000000000005
 10
505.73
 20
394.84000000000003
 10
504.5
 20
393.29999999999995
 10
503.46
 20
392.28
 10
502.57
 20
391.78
 10
501.79
 20
391.76
 10
501.08
 20
392.20000000000005
 10
500.4
 20
393.08000000000004
 10
499.89
 20
394.5
 10
499.94
 20
396.21000000000004
 10
500.54
 20
398.22
 10
501.69
 20
400.53999999999996
 10
503.4
 20
403.15999999999997
 10
505.65
 20
406.08000000000004
 10
508.46
 20
409.30999999999995
 10
510.11
 20
411.15999999999997
 10
511.59
 20
412.9
 10
512.86
 20
414.47
 10
513.87
 20
415.83000000000004
 10
514.6
 20
416.91999999999996
 10
514.98
 20
417.69000000000005
 10
515.0
 20
418.08000000000004
 10
513.96
 20
417.75
 10
511.97
 20
416.12
 10
509.37
 20
413.54999999999995
 10
506.5
 20
410.4
 10
503.69
 20
407.05999999999995
 10
501.29
 20
403.88
 10
499.62
 20
401.24
 10
497.36
 20
396.96000000000004
 10
495.42
 20
401.65999999999997
 10
494.31
 20
404.85
 10
493.74
 20
407.96000000000004
 10
493.75
 20
411.25
 10
494.38
 20
414.94000000000005
 10
495.69
 20
419.28
 10
497.69
 20
424.51
 10
500.45
 20
430.86
 10
503.73
 20
438.48
 10
505.98
 20
444.57000000000005
 10
507.2
 20
449.41999999999996
 10
507.41
 20
453.30999999999995
 10
506.64
 20
456.52
 10
504.88
 20
459.35
 10
502.17
 20
462.05999999999995
 10
500.77
 20
463.17999999999995
 10
499.14
 20
464.34000000000003
 10
497.36
 20
465.5
 10
495.49
 20
466.6
 10
493.6
 20
467.62
 10
491.78
 20
468.5
 10
490.1
 20
469.20000000000005
 10
488.34
 20
469.88
 10
486.31
 20
470.72
 10
484.09
 20
471.67999999999995
 10
481.77
 20
472.70000000000005
 10
479.46
 20
473.76
 10
477.23
 20
474.80999999999995
 10
475.18
 20
475.80999999999995
 10
473.31
 20
476.72
 10
471.58
 20
477.52
 10
470.06
 20
478.19000000000005
 10
468.79
 20
478.70000000000005
 10
467.83
 20
479.03999999999996
 10
467.21
 20
479.19000000000005
 10
466.99
 20
479.12
 10
467.41
 20
478.73
 10
468.6
 20
477.99
 10
470.47
 20
476.94000000000005
 10
472.92
 20
475.63
 10
475.85
 20
474.11
 10
479.17
 20
472.44000000000005
 10
482.77
 20
470.65999999999997
 10
492.17
 20
466.01
 10
498.72
 20
462.22
 10
502.69
 20
458.66999999999996
 10
504.36
 20
454.71000000000004
 10
503.99
 20
449.71000000000004
 10
501.85
 20
443.02
 10
498.2
 20
434.0
 10
496.53
 20
429.91999999999996
 10
494.95
 20
426.03
 10
493.52
 20
422.44000000000005
 10
492.29
 20
419.28
 10
491.31
 20
416.67999999999995
 10
490.61
 20
414.76
 10
490.26
 20
413.64
 10
490.36
 20
411.14
 10
491.4
 20
407.42999999999995
 10
493.19
 20
402.9
 10
495.54
 20
397.91999999999996
 10
498.28
 20
392.9
 10
501.23
 20
388.21000000000004
 10
504.19
 20
384.24
 10
506.7
 20
381.01
 10
508.75
 20
377.85
 10
510.35
 20
374.65999999999997
 10
511.56
 20
371.35
 10
512.41
 20
367.82000000000005
 10
512.91
 20
363.99
 10
513.12
 20
359.76
 10
513.12
 20
357.33000000000004
 10
512.99
 20
355.42999999999995
 10
512.64
 20
353.90999999999997
 10
511.99
 20
352.6
 10
510.98
 20
351.35
 10
509.53
 20
350.01
 10
507.55
 20
348.41999999999996
 10
502.95
 20
344.69000000000005
 10
499.01
 20
341.19000000000005
 10
495.71
 20
337.9
 10
493.02
 20
334.78999999999996
 10
490.92
 20
331.85
 10
489.39
 20
329.03
 10
488.41
 20
326.30999999999995
 10
487.6
 20
322.9
 10
487.22
 20
320.44000000000005
 10
487.24
 20
318.99
 10
487.61
 20
318.59000000000003
 10
488.28
 20
319.29999999999995
 10
489.2
 20
321.15999999999997
 10
490.33
 20
324.23
 10
490.98
 20
326.02
 10
491.72
 20
327.86
 10
492.53
 20
329.67999999999995
 10
493.37
 20
331.41999999999996
 10
494.22
 20
333.0
 10
495.03
 20
334.35
 10
495.78
 20
335.40999999999997
 10
497.76
 20
337.62
 10
500.24
 20
339.94000000000005
 10
502.98
 20
342.17999999999995
 10
505.71
 20
344.15999999999997
 10
508.17
 20
345.70000000000005
 10
510.1
 20
346.59000000000003
 10
511.24
 20
346.65999999999997
 10
512.25
 20
346.73
 10
513.36
 20
347.9
 10
514.49
 20
349.90999999999997
 10
515.52
 20
352.51
 10
516.36
 20
355.41999999999996
 10
516.9
 20
358.4
 10
517.03
 20
361.19000000000005
 10
517.01
 20
363.13
 10
517.13
 20
364.74
 10
517.42
 20
366.09000000000003
 10
517.94
 20
367.28999999999996
 10
518.71
 20
368.40999999999997
 10
519.79
 20
369.54999999999995
 10
521.2
 20
370.79999999999995
 10
522.27
 20
371.65
 10
523.39
 20
372.41999999999996
 10
524.51
 20
373.11
 10
525.6
 20
373.67999999999995
 10
526.61
 20
374.12
 10
527.5
 20
374.4
 10
528.21
 20
374.5
 10
529.21
 20
374.69000000000005
 10
530.9
 20
375.23
 10
533.17
 20
376.09000000000003
 10
535.9
 20
377.22
 10
539.01
 20
378.55999999999995
 10
542.36
 20
380.09000000000003
 10
545.87
 20
381.74
 10
549.34
 20
383.39
 10
552.61
 20
384.87
 10
555.58
 20
386.15999999999997
 10
558.14
 20
387.21000000000004
 10
560.2
 20
387.97
 10
561.65
 20
388.41999999999996
 10
562.39
 20
388.49
 10
562.1
 20
386.78
 10
560.23
 20
382.66999999999996
 10
557.28
 20
377.07000000000005
 10
553.77
 20
370.88
 10
550.2
 20
364.99
 10
547.09
 20
360.29999999999995
 10
544.93
 20
357.70000000000005
 10
544.19
 20
357.20000000000005
 10
542.99
 20
356.53
 10
541.4
 20
355.71000000000004
 10
539.5
 20
354.79999999999995
 10
537.36
 20
353.80999999999995
 10
535.05
 20
352.79999999999995
 10
532.65
 20
351.78999999999996
 10
530.2
 20
350.74
 10
527.72
 20
349.62
 10
525.31
 20
348.48
 10
523.06
 20
347.35
 10
521.06
 20
346.28999999999996
 10
519.39
 20
345.33000000000004
 10
518.14
 20
344.52
 10
517.12
 20
343.85
 10
516.08
 20
343.26
 10
515.08
 20
342.78
 10
514.14
 20
342.40999999999997
 10
513.3
 20
342.17999999999995
 10
512.59
 20
342.1
 10
512.07
 20
342.16999999999996
 10
511.46
 20
342.07000000000005
 10
510.6
 20
341.40999999999997
 10
509.52
 20
340.23
 10
508.23
 20
338.55999999999995
 10
506.77
 20
336.41999999999996
 10
505.15
 20
333.86
 10
503.4
 20
330.89
 10
501.8
 20
328.14
 10
500.26
 20
325.55999999999995
 10
498.84
 20
323.24
 10
497.58
 20
321.27
 10
496.53
 20
319.71000000000004
 10
495.75
 20
318.64
 10
495.28
 20
318.14
 10
495.02
 20
317.88
 10
494.82
 20
317.45000000000005
 10
494.69
 20
316.9
 10
494.63
 20
316.24
 10
494.65
 20
315.5
 10
494.74
 20
314.71000000000004
 10
494.9
 20
313.9
 10
495.24
 20
312.25
 10
495.18
 20
311.19000000000005
 10
494.58
 20
310.75
 10
493.31
 20
310.96000000000004
 10
491.23
 20
311.83000000000004
 10
488.2
 20
313.38
 10
484.08
 20
315.65
  0
LWPOLYLINE
  5
4C
330
17
100
AcDbEntity
  8
rockery
100
AcDbPolyline
 90
36
 70
1
 10
1007.49
 20
311.69000000000005
 10
1008.11
 20
312.07000000000005
 10
1009.34
 20
312.71000000000004
 10
1011.09
 20
313.57000000000005
 10
1013.27
 20
314.59000000000003
 10
1015.79
 20
315.75
 10
1018.58
 20
317.0
 10
1021.54
 20
318.29999999999995
 10
1026.03
 20
320.21000000000004
 10
1029.75
 20
321.64
 10
1033.06
 20
322.67999999999995
 10
1036.29
 20
323.39
 10
1039.81
 20
323.87
 10
1043.96
 20
324.17999999999995
 10
1049.1
 20
324.4
 10
1056.57
 20
324.53
 10
1061.71
 20
324.34000000000003
 10
1064.47
 20
323.88
 10
1064.82
 20
323.22
 10
1062.74
 20
322.41999999999996
 10
1058.18
 20
321.53
 10
1051.13
 20
320.61
 10
1047.38
 20
320.15
 10
1043.45
 20
319.58000000000004
 10
1039.5
 20
318.91999999999996
 10
1035.69
 20
318.21000000000004
 10
1032.15
 20
317.47
 10
1029.05
 20
316.74
 10
1026.52
 20
316.03
 10
1021.73
 20
314.57000000000005
 10
1017.39
 20
313.34000000000003
 10
1013.65
 20
312.37
 10
1010.64
 20
311.67999999999995
 10
1008.52
 20
311.32000000000005
 10
1007.42
 20
311.30999999999995
 10
1007.49
 20
311.69000000000005
  0
LWPOLYLINE
  5
4D
330
17
100
AcDbEntity
  8
rockery
100
AcDbPolyline
 90
36
 70
1
 10
696.21
 20
314.54999999999995
 10
695.89
 20
317.21000000000004
 10
695.02
 20
320.88
 10
693.7
 20
325.23
 10
692.06
 20
329.9
 10
690.22
 20
334.55999999999995
 10
688.3
 20
338.87
 10
686.42
 20
342.48
 10
682.23
 20
348.92999999999995
 10
677.28
 20
355.12
 10
671.65
 20
361.0
 10
665.43
 20
366.47
 10
658.7
 20
371.47
 10
651.54
 20
375.91999999999996
 10
644.04
 20
379.76
 10
640.22
 20
381.39
 10
637.52
 20
382.30999999999995
 10
635.98
 20
382.58000000000004
 10
635.65
 20
382.23
 10
636.57
 20
381.30999999999995
 10
638.78
 20
379.87
 10
642.33
 20
377.95000000000005
 10
653.42
 20
371.51
 10
663.56
 20
363.98
 10
672.55
 20
355.61
 10
680.17
 20
346.63
 10
686.24
 20
337.28
 10
690.53
 20
327.82000000000005
 10
692.85
 20
318.47
 10
693.31
 20
315.94000000000005
 10
693.9
 20
313.92999999999995
 10
694.54
 20
312.52
 10
695.17
 20
311.78999999999996
 10
695.7
 20
311.83000000000004
 10
696.07
 20
312.72
 10
696.21
 20
314.54999999999995
  0
LWPOLYLINE
  5
4E
330
17
100
AcDbEntity
  8
rockery
100
AcDbPolyline
 90
756
 70
1
 10
1641.58
 20
321.1
 10
1641.14
 20
321.59000000000003
 10
1640.67
 20
322.03999999999996
 10
1640.18
 20
322.44000000000005
 10
1639.7
 20
322.77
 10
1639.24
 20
323.02
 10
1638.82
 20
323.17999999999995
 10
1638.46
 20
323.24
 10
1637.99
 20
323.35
 10
1637.23
 20
323.67999999999995
 10
1636.24
 20
324.19000000000005
 10
1635.06
 20
324.86
 10
1633.74
 20
325.65999999999997
 10
1632.32
 20
326.55999999999995
 10
1630.86
 20
327.53999999999996
 10
1623.82
 20
332.08000000000004
 10
1617.48
 20
335.40999999999997
 10
1611.55
 20
337.58000000000004
 10
1605.71
 20
338.65999999999997
 10
1599.66
 20
338.70000000000005
 10
1593.09
 20
337.76
 10
1585.68
 20
335.9
 10
1579.94
 20
334.25
 10
1575.57
 20
333.1
 10
1572.33
 20
332.40999999999997
 10
1570.0
 20
332.15999999999997
 10
1568.36
 20
332.32000000000005
 10
1567.18
 20
332.88
 10
1566.23
 20
333.79999999999995
 10
1565.76
 20
334.30999999999995
 10
1565.25
 20
334.78999999999996
 10
1564.73
 20
335.21000000000004
 10
1564.21
 20
335.55999999999995
 10
1563.72
 20
335.82000000000005
 10
1563.27
 20
335.99
 10
1562.88
 20
336.04999999999995
 10
1562.61
 20
335.98
 10
1562.48
 20
335.78999999999996
 10
1562.48
 20
335.48
 10
1562.62
 20
335.08000000000004
 10
1562.88
 20
334.59000000000003
 10
1563.27
 20
334.04999999999995
 10
1563.77
 20
333.45000000000005
 10
1564.31
 20
332.83000000000004
 10
1564.8
 20
332.22
 10
1565.24
 20
331.64
 10
1565.61
 20
331.11
 10
1565.88
 20
330.65
 10
1566.06
 20
330.28
 10
1566.12
 20
330.03
 10
1564.73
 20
328.88
 10
1561.08
 20
327.27
 10
1556.0
 20
325.42999999999995
 10
1550.3
 20
323.64
 10
1544.79
 20
322.14
 10
1540.31
 20
321.20000000000005
 10
1537.66
 20
321.07000000000005
 10
1536.66
 20
321.30999999999995
 10
1535.4
 20
321.6
 10
1533.93
 20
321.92999999999995
 10
1532.32
 20
322.28999999999996
 10
1530.63
 20
322.65999999999997
 10
1528.92
 20
323.03
 10
1527.27
 20
323.38
 10
1525.54
 20
323.78
 10
1523.6
 20
324.29999999999995
 10
1521.54
 20
324.90999999999997
 10
1519.44
 20
325.57000000000005
 10
1517.39
 20
326.28
 10
1515.47
 20
326.99
 10
1513.76
 20
327.67999999999995
 10
1507.07
 20
330.54999999999995
 10
1510.62
 20
333.28999999999996
 10
1511.76
 20
334.08000000000004
 10
1513.44
 20
335.15
 10
1515.58
 20
336.42999999999995
 10
1518.06
 20
337.86
 10
1520.8
 20
339.39
 10
1523.69
 20
340.96000000000004
 10
1526.63
 20
342.52
 10
1539.11
 20
349.02
 10
1547.63
 20
344.47
 10
1549.58
 20
343.4
 10
1551.37
 20
342.37
 10
1552.96
 20
341.39
 10
1554.28
 20
340.52
 10
1555.29
 20
339.77
 10
1555.93
 20
339.20000000000005
 10
1556.16
 20
338.82000000000005
 10
1555.97
 20
338.42999999999995
 10
1555.43
 20
337.80999999999995
 10
1554.59
 20
336.98
 10
1553.49
 20
336.0
 10
1552.16
 20
334.9
 10
1550.67
 20
333.72
 10
1549.04
 20
332.49
 10
1545.61
 20
329.90999999999997
 10
1543.35
 20
328.08000000000004
 10
1542.26
 20
327.02
 10
1542.32
 20
326.76
 10
1543.53
 20
327.33000000000004
 10
1545.88
 20
328.74
 10
1549.38
 20
331.03
 10
1551.12
 20
332.17999999999995
 10
1552.8
 20
333.24
 10
1554.35
 20
334.16999999999996
 10
1555.74
 20
334.95000000000005
 10
1556.89
 20
335.53999999999996
 10
1557.76
 20
335.91999999999996
 10
1558.29
 20
336.04999999999995
 10
1558.67
 20
336.13
 10
1559.11
 20
336.34000000000003
 10
1559.58
 20
336.66999999999996
 10
1560.08
 20
337.1
 10
1560.58
 20
337.62
 10
1561.05
 20
338.21000000000004
 10
1561.49
 20
338.85
 10
1562.01
 20
339.70000000000005
 10
1562.34
 20
340.35
 10
1562.51
 20
340.78999999999996
 10
1562.49
 20
341.05999999999995
 10
1562.3
 20
341.15999999999997
 10
1561.93
 20
341.11
 10
1561.38
 20
340.92999999999995
 10
1559.68
 20
341.15
 10
1556.82
 20
342.28999999999996
 10
1553.34
 20
344.04999999999995
 10
1549.8
 20
346.1
 10
1546.76
 20
348.13
 10
1544.75
 20
349.79999999999995
 10
1544.34
 20
350.80999999999995
 10
1544.48
 20
351.02
 10
1544.49
 20
351.21000000000004
 10
1544.37
 20
351.38
 10
1544.14
 20
351.52
 10
1543.8
 20
351.62
 10
1543.36
 20
351.69000000000005
 10
1542.84
 20
351.71000000000004
 10
1540.51
 20
351.27
 10
1537.03
 20
350.03999999999996
 10
1532.72
 20
348.19000000000005
 10
1527.9
 20
345.86
 10
1522.91
 20
343.22
 10
1518.06
 20
340.42999999999995
 10
1513.68
 20
337.64
 10
1510.3
 20
335.47
 10
1507.29
 20
333.83000000000004
 10
1504.54
 20
332.70000000000005
 10
1501.94
 20
332.04999999999995
 10
1499.37
 20
331.85
 10
1496.72
 20
332.07000000000005
 10
1493.87
 20
332.67999999999995
 10
1492.7
 20
333.01
 10
1491.93
 20
333.34000000000003
 10
1491.6
 20
333.76
 10
1491.72
 20
334.38
 10
1492.3
 20
335.29999999999995
 10
1493.37
 20
336.6
 10
1494.94
 20
338.40999999999997
 10
1496.12
 20
339.84000000000003
 10
1497.1
 20
341.24
 10
1497.88
 20
342.61
 10
1498.47
 20
343.98
 10
1498.89
 20
345.37
 10
1499.13
 20
346.78
 10
1499.21
 20
348.25
 10
1498.96
 20
352.27
 10
1498.09
 20
355.95000000000005
 10
1496.41
 20
359.55999999999995
 10
1493.73
 20
363.35
 10
1489.87
 20
367.6
 10
1484.64
 20
372.57000000000005
 10
1477.86
 20
378.53
 10
1476.16
 20
380.04999999999995
 10
1474.88
 20
381.41999999999996
 10
1473.93
 20
382.80999999999995
 10
1473.26
 20
384.38
 10
1472.79
 20
386.28999999999996
 10
1472.45
 20
388.72
 10
1472.16
 20
391.80999999999995
 10
1471.88
 20
395.12
 10
1471.56
 20
397.54999999999995
 10
1471.11
 20
399.32000000000005
 10
1470.4
 20
400.62
 10
1469.35
 20
401.63
 10
1467.83
 20
402.57000000000005
 10
1465.75
 20
403.62
 10
1464.16
 20
404.30999999999995
 10
1462.48
 20
404.90999999999997
 10
1460.73
 20
405.39
 10
1458.93
 20
405.76
 10
1457.11
 20
406.0
 10
1455.3
 20
406.13
 10
1453.51
 20
406.12
 10
1449.93
 20
406.30999999999995
 10
1445.45
 20
407.08000000000004
 10
1440.4
 20
408.34000000000003
 10
1435.09
 20
409.97
 10
1429.86
 20
411.89
 10
1425.02
 20
413.98
 10
1420.9
 20
416.15999999999997
 10
1419.62
 20
416.97
 10
1418.18
 20
417.95000000000005
 10
1416.63
 20
419.04999999999995
 10
1415.04
 20
420.23
 10
1413.48
 20
421.45000000000005
 10
1412.0
 20
422.65
 10
1410.67
 20
423.78999999999996
 10
1409.35
 20
424.90999999999997
 10
1407.9
 20
426.07000000000005
 10
1406.4
 20
427.20000000000005
 10
1404.89
 20
428.28
 10
1403.44
 20
429.26
 10
1402.11
 20
430.1
 10
1400.94
 20
430.75
 10
1399.75
 20
431.4
 10
1398.33
 20
432.26
 10
1396.74
 20
433.27
 10
1395.06
 20
434.38
 10
1393.34
 20
435.55999999999995
 10
1391.66
 20
436.77
 10
1390.07
 20
437.95000000000005
 10
1387.05
 20
440.15999999999997
 10
1384.71
 20
441.66999999999996
 10
1383.07
 20
442.49
 10
1382.15
 20
442.6
 10
1381.95
 20
442.0
 10
1382.5
 20
440.70000000000005
 10
1383.8
 20
438.69000000000005
 10
1384.75
 20
437.59000000000003
 10
1386.16
 20
436.28
 10
1387.95
 20
434.83000000000004
 10
1390.03
 20
433.28999999999996
 10
1392.33
 20
431.74
 10
1394.76
 20
430.21000000000004
 10
1397.23
 20
428.78999999999996
 10
1399.74
 20
427.38
 10
1402.25
 20
425.91999999999996
 10
1404.68
 20
424.46000000000004
 10
1406.94
 20
423.03999999999996
 10
1408.95
 20
421.74
 10
1410.6
 20
420.6
 10
1411.82
 20
419.67999999999995
 10
1412.92
 20
418.80999999999995
 10
1414.27
 20
417.83000000000004
 10
1415.79
 20
416.78
 10
1417.42
 20
415.69000000000005
 10
1419.1
 20
414.61
 10
1420.75
 20
413.59000000000003
 10
1422.33
 20
412.65999999999997
 10
1426.47
 20
410.59000000000003
 10
1431.93
 20
408.26
 10
1438.11
 20
405.89
 10
1444.42
 20
403.67999999999995
 10
1450.26
 20
401.84000000000003
 10
1455.03
 20
400.59000000000003
 10
1458.13
 20
400.12
 10
1460.23
 20
399.9
 10
1462.22
 20
399.26
 10
1464.04
 20
398.28999999999996
 10
1465.6
 20
397.03999999999996
 10
1466.82
 20
395.57000000000005
 10
1467.61
 20
393.97
 10
1467.89
 20
392.28
 10
1467.98
 20
391.21000000000004
 10
1468.24
 20
389.65999999999997
 10
1468.65
 20
387.71000000000004
 10
1469.19
 20
385.46000000000004
 10
1469.84
 20
382.99
 10
1470.57
 20
380.4
 10
1471.37
 20
377.77
 10
1473.74
 20
369.37
 10
1475.27
 20
361.9
 10
1475.96
 20
355.27
 10
1475.81
 20
349.40999999999997
 10
1474.8
 20
344.22
 10
1472.96
 20
339.64
 10
1470.26
 20
335.57000000000005
 10
1467.84
 20
333.48
 10
1464.12
 20
331.30999999999995
 10
1459.4
 20
329.20000000000005
 10
1454.03
 20
327.26
 10
1448.32
 20
325.6
 10
1442.61
 20
324.35
 10
1437.22
 20
323.62
 10
1434.25
 20
323.41999999999996
 10
1431.77
 20
323.39
 10
1429.58
 20
323.59000000000003
 10
1427.45
 20
324.05999999999995
 10
1425.19
 20
324.84000000000003
 10
1422.59
 20
325.98
 10
1419.43
 20
327.53
 10
1416.04
 20
329.22
 10
1413.3
 20
330.41999999999996
 10
1410.86
 20
331.19000000000005
 10
1408.32
 20
331.61
 10
1405.32
 20
331.73
 10
1401.46
 20
331.61
 10
1396.37
 20
331.33000000000004
 10
1393.14
 20
331.1
 10
1390.03
 20
330.82000000000005
 10
1387.16
 20
330.51
 10
1384.62
 20
330.17999999999995
 10
1382.51
 20
329.84000000000003
 10
1380.93
 20
329.51
 10
1379.99
 20
329.19000000000005
 10
1379.26
 20
328.87
 10
1378.3
 20
328.53999999999996
 10
1377.15
 20
328.19000000000005
 10
1375.87
 20
327.86
 10
1374.5
 20
327.53999999999996
 10
1373.1
 20
327.26
 10
1371.72
 20
327.02
 10
1369.59
 20
326.73
 10
1367.95
 20
326.67999999999995
 10
1366.6
 20
326.96000000000004
 10
1365.36
 20
327.71000000000004
 10
1364.03
 20
329.03999999999996
 10
1362.43
 20
331.04999999999995
 10
1360.37
 20
333.86
 10
1359.0
 20
335.66999999999996
 10
1357.58
 20
337.4
 10
1356.15
 20
339.01
 10
1354.77
 20
340.45000000000005
 10
1353.49
 20
341.64
 10
1352.37
 20
342.53999999999996
 10
1351.47
 20
343.09000000000003
 10
1349.99
 20
343.45000000000005
 10
1347.34
 20
343.78
 10
1343.62
 20
344.05999999999995
 10
1338.96
 20
344.28
 10
1333.46
 20
344.45000000000005
 10
1327.26
 20
344.55999999999995
 10
1320.46
 20
344.6
 10
1313.74
 20
344.63
 10
1307.77
 20
344.72
 10
1302.65
 20
344.87
 10
1298.48
 20
345.08000000000004
 10
1295.38
 20
345.33000000000004
 10
1293.44
 20
345.62
 10
1292.77
 20
345.94000000000005
 10
1293.01
 20
346.53
 10
1293.7
 20
347.61
 10
1294.79
 20
349.1
 10
1296.22
 20
350.94000000000005
 10
1297.93
 20
353.04999999999995
 10
1299.87
 20
355.37
 10
1301.97
 20
357.80999999999995
 10
1304.77
 20
360.92999999999995
 10
1307.23
 20
363.49
 10
1309.43
 20
365.55999999999995
 10
1311.43
 20
367.20000000000005
 10
1313.31
 20
368.45000000000005
 10
1315.13
 20
369.39
 10
1316.99
 20
370.05999999999995
 10
1319.6
 20
371.04999999999995
 10
1321.7
 20
372.34000000000003
 10
1323.33
 20
374.01
 10
1324.55
 20
376.13
 10
1325.38
 20
378.77
 10
1325.87
 20
382.02
 10
1326.06
 20
385.92999999999995
 10
1326.03
 20
387.80999999999995
 10
1325.86
 20
389.55999999999995
 10
1325.56
 20
391.19000000000005
 10
1325.11
 20
392.73
 10
1324.5
 20
394.20000000000005
 10
1323.74
 20
395.64
 10
1322.81
 20
397.07000000000005
 10
1321.38
 20
399.40999999999997
 10
1320.61
 20
401.54999999999995
 10
1320.53
 20
403.55999999999995
 10
1321.15
 20
405.5
 10
1322.5
 20
407.44000000000005
 10
1324.6
 20
409.44000000000005
 10
1327.47
 20
411.57000000000005
 10
1328.86
 20
412.59000000000003
 10
1330.03
 20
413.58000000000004
 10
1330.97
 20
414.57000000000005
 10
1331.7
 20
415.54999999999995
 10
1332.21
 20
416.53
 10
1332.52
 20
417.51
 10
1332.62
 20
418.51
 10
1332.65
 20
419.27
 10
1332.72
 20
419.92999999999995
 10
1332.83
 20
420.45000000000005
 10
1332.98
 20
420.84000000000003
 10
1333.16
 20
421.07000000000005
 10
1333.35
 20
421.14
 10
1333.57
 20
421.01
 10
1333.83
 20
420.87
 10
1334.17
 20
420.87
 10
1334.56
 20
421.01
 10
1335.0
 20
421.27
 10
1335.45
 20
421.65
 10
1335.91
 20
422.13
 10
1336.36
 20
422.71000000000004
 10
1338.24
 20
424.6
 10
1341.52
 20
427.05999999999995
 10
1345.86
 20
429.9
 10
1350.91
 20
432.91999999999996
 10
1356.33
 20
435.9
 10
1361.77
 20
438.64
 10
1366.88
 20
440.94000000000005
 10
1372.58
 20
442.91999999999996
 10
1378.37
 20
444.20000000000005
 10
1384.3
 20
444.77
 10
1390.38
 20
444.64
 10
1396.63
 20
443.79999999999995
 10
1403.07
 20
442.25
 10
1409.73
 20
439.99
 10
1416.56
 20
437.5
 10
1422.28
 20
435.77
 10
1427.16
 20
434.80999999999995
 10
1431.49
 20
434.6
 10
1435.56
 20
435.12
 10
1439.65
 20
436.35
 10
1444.03
 20
438.28999999999996
 10
1448.15
 20
440.61
 10
1452.81
 20
443.71000000000004
 10
1457.6
 20
447.23
 10
1462.07
 20
450.83000000000004
 10
1465.81
 20
454.15999999999997
 10
1468.36
 20
456.87
 10
1469.31
 20
458.61
 10
1469.17
 20
458.76
 10
1468.78
 20
458.61
 10
1468.17
 20
458.17999999999995
 10
1467.37
 20
457.5
 10
1466.42
 20
456.59000000000003
 10
1465.33
 20
455.49
 10
1464.15
 20
454.22
 10
1462.67
 20
452.75
 10
1460.81
 20
451.15
 10
1458.65
 20
449.5
 10
1456.27
 20
447.84000000000003
 10
1453.73
 20
446.22
 10
1451.13
 20
444.71000000000004
 10
1448.53
 20
443.34000000000003
 10
1444.86
 20
441.55999999999995
 10
1441.91
 20
440.27
 10
1439.44
 20
439.39
 10
1437.18
 20
438.88
 10
1434.88
 20
438.67999999999995
 10
1432.28
 20
438.72
 10
1429.13
 20
438.95000000000005
 10
1426.85
 20
439.23
 10
1424.3
 20
439.66999999999996
 10
1421.59
 20
440.26
 10
1418.83
 20
440.95000000000005
 10
1416.12
 20
441.73
 10
1413.59
 20
442.55999999999995
 10
1411.32
 20
443.41999999999996
 10
1408.73
 20
444.42999999999995
 10
1406.22
 20
445.27
 10
1403.77
 20
445.94000000000005
 10
1401.34
 20
446.46000000000004
 10
1398.92
 20
446.82000000000005
 10
1396.48
 20
447.03999999999996
 10
1394.0
 20
447.11
 10
1390.05
 20
447.16999999999996
 10
1386.95
 20
447.37
 10
1384.59
 20
447.74
 10
1382.91
 20
448.29999999999995
 10
1381.81
 20
449.09000000000003
 10
1381.22
 20
450.14
 10
1381.04
 20
451.46000000000004
 10
1381.26
 20
452.30999999999995
 10
1381.93
 20
453.24
 10
1383.1
 20
454.28999999999996
 10
1384.79
 20
455.48
 10
1387.04
 20
456.83000000000004
 10
1389.88
 20
458.36
 10
1393.34
 20
460.1
 10
1398.33
 20
462.65
 10
1402.62
 20
465.15
 10
1406.48
 20
467.83000000000004
 10
1410.21
 20
470.94000000000005
 10
1414.1
 20
474.72
 10
1418.44
 20
479.41999999999996
 10
1423.52
 20
485.27
 10
1425.35
 20
487.37
 10
1427.2
 20
489.40999999999997
 10
1429.01
 20
491.33000000000004
 10
1430.7
 20
493.04999999999995
 10
1432.22
 20
494.51
 10
1433.5
 20
495.64
 10
1434.46
 20
496.38
 10
1437.06
 20
497.55999999999995
 10
1440.17
 20
497.98
 10
1443.89
 20
497.6
 10
1448.32
 20
496.41999999999996
 10
1453.54
 20
494.39
 10
1459.66
 20
491.51
 10
1466.77
 20
487.73
 10
1474.21
 20
483.72
 10
1480.17
 20
480.79999999999995
 10
1484.99
 20
478.89
 10
1489.0
 20
477.90999999999997
 10
1492.51
 20
477.78999999999996
 10
1495.85
 20
478.45000000000005
 10
1499.35
 20
479.79999999999995
 10
1501.51
 20
480.67999999999995
 10
1503.74
 20
481.37
 10
1506.21
 20
481.89
 10
1509.1
 20
482.25
 10
1512.58
 20
482.48
 10
1516.81
 20
482.61
 10
1521.99
 20
482.65
 10
1529.22
 20
482.53
 10
1535.63
 20
482.13
 10
1541.29
 20
481.44000000000005
 10
1546.25
 20
480.46000000000004
 10
1550.57
 20
479.17999999999995
 10
1554.3
 20
477.57000000000005
 10
1557.5
 20
475.64
 10
1559.38
 20
473.90999999999997
 10
1561.11
 20
471.52
 10
1562.68
 20
468.51
 10
1564.07
 20
464.91999999999996
 10
1565.26
 20
460.80999999999995
 10
1566.24
 20
456.20000000000005
 10
1566.99
 20
451.15
 10
1567.42
 20
448.34000000000003
 10
1568.06
 20
445.86
 10
1568.95
 20
443.59000000000003
 10
1570.15
 20
441.42999999999995
 10
1571.72
 20
439.28
 10
1573.72
 20
437.03999999999996
 10
1576.21
 20
434.61
 10
1580.41
 20
430.98
 10
1584.85
 20
427.83000000000004
 10
1589.8
 20
425.04999999999995
 10
1595.55
 20
422.49
 10
1602.4
 20
420.03
 10
1610.64
 20
417.54999999999995
 10
1620.55
 20
414.9
 10
1632.08
 20
411.82000000000005
 10
1641.57
 20
408.96000000000004
 10
1649.26
 20
406.22
 10
1655.37
 20
403.48
 10
1660.14
 20
400.64
 10
1663.82
 20
397.6
 10
1666.62
 20
394.25
 10
1668.37
 20
391.34000000000003
 10
1669.63
 20
388.36
 10
1670.39
 20
385.23
 10
1670.67
 20
381.88
 10
1670.47
 20
378.26
 10
1669.8
 20
374.28999999999996
 10
1668.65
 20
369.91999999999996
 10
1668.04
 20
367.70000000000005
 10
1667.62
 20
365.77
 10
1667.4
 20
364.0
 10
1667.38
 20
362.26
 10
1667.55
 20
360.45000000000005
 10
1667.91
 20
358.42999999999995
 10
1668.47
 20
356.1
 10
1669.12
 20
353.49
 10
1669.5
 20
351.49
 10
1669.57
 20
349.90999999999997
 10
1669.3
 20
348.53999999999996
 10
1668.64
 20
347.16999999999996
 10
1667.55
 20
345.58000000000004
 10
1665.99
 20
343.59000000000003
 10
1664.16
 20
341.04999999999995
 10
1662.62
 20
338.46000000000004
 10
1661.42
 20
335.98
 10
1660.63
 20
333.76
 10
1660.3
 20
331.98
 10
1660.48
 20
330.78999999999996
 10
1661.25
 20
330.36
 10
1661.64
 20
330.34000000000003
 10
1662.12
 20
330.27
 10
1662.65
 20
330.16999999999996
 10
1663.23
 20
330.03
 10
1663.82
 20
329.87
 10
1664.41
 20
329.69000000000005
 10
1664.96
 20
329.49
 10
1665.59
 20
329.30999999999995
 10
1666.11
 20
329.27
 10
1666.52
 20
329.39
 10
1666.83
 20
329.67999999999995
 10
1667.05
 20
330.13
 10
1667.17
 20
330.76
 10
1667.21
 20
331.55999999999995
 10
1667.37
 20
333.23
 10
1667.81
 20
335.11
 10
1668.46
 20
337.03999999999996
 10
1669.23
 20
338.84000000000003
 10
1670.06
 20
340.34000000000003
 10
1670.86
 20
341.37
 10
1671.58
 20
341.75
 10
1673.34
 20
343.36
 10
1676.17
 20
347.66999999999996
 10
1679.64
 20
353.88
 10
1683.36
 20
361.20000000000005
 10
1686.92
 20
368.83000000000004
 10
1689.93
 20
375.97
 10
1691.96
 20
381.83000000000004
 10
1693.23
 20
387.62
 10
1693.92
 20
393.84000000000003
 10
1694.03
 20
400.26
 10
1693.58
 20
406.65
 10
1692.59
 20
412.76
 10
1691.09
 20
418.38
 10
1689.07
 20
423.26
 10
1687.96
 20
425.69000000000005
 10
1687.66
 20
426.95000000000005
 10
1688.08
 20
427.12
 10
1689.14
 20
426.27
 10
1690.76
 20
424.47
 10
1692.84
 20
421.78
 10
1695.3
 20
418.28
 10
1699.63
 20
411.38
 10
1702.72
 20
405.26
 10
1704.6
 20
399.65
 10
1705.3
 20
394.28999999999996
 10
1704.87
 20
388.92999999999995
 10
1703.32
 20
383.29999999999995
 10
1700.7
 20
377.14
 10
1698.27
 20
372.65
 10
1694.95
 20
367.30999999999995
 10
1691.06
 20
361.53999999999996
 10
1686.91
 20
355.79999999999995
 10
1682.83
 20
350.51
 10
1679.13
 20
346.12
 10
1676.13
 20
343.07000000000005
 10
1674.19
 20
341.29999999999995
 10
1672.82
 20
339.85
 10
1671.99
 20
338.63
 10
1671.67
 20
337.59000000000003
 10
1671.86
 20
336.62
 10
1672.51
 20
335.65999999999997
 10
1673.62
 20
334.63
 10
1674.3
 20
334.1
 10
1674.83
 20
333.80999999999995
 10
1675.22
 20
333.77
 10
1675.48
 20
334.0
 10
1675.65
 20
334.52
 10
1675.73
 20
335.34000000000003
 10
1675.75
 20
336.49
 10
1675.85
 20
337.48
 10
1676.11
 20
338.49
 10
1676.55
 20
339.52
 10
1677.15
 20
340.53999999999996
 10
1677.9
 20
341.53999999999996
 10
1678.79
 20
342.51
 10
1679.82
 20
343.42999999999995
 10
1682.64
 20
346.07000000000005
 10
1685.97
 20
349.76
 10
1689.58
 20
354.19000000000005
 10
1693.23
 20
359.03999999999996
 10
1696.7
 20
364.01
 10
1699.75
 20
368.78999999999996
 10
1702.15
 20
373.07000000000005
 10
1704.04
 20
377.11
 10
1705.67
 20
381.27
 10
1707.02
 20
385.40999999999997
 10
1708.06
 20
389.40999999999997
 10
1708.74
 20
393.14
 10
1709.03
 20
396.47
 10
1708.91
 20
399.28
 10
1708.02
 20
402.92999999999995
 10
1706.31
 20
407.15
 10
1703.85
 20
411.80999999999995
 10
1700.71
 20
416.80999999999995
 10
1696.96
 20
422.03999999999996
 10
1692.68
 20
427.37
 10
1687.92
 20
432.70000000000005
 10
1685.67
 20
435.14
 10
1684.06
 20
436.97
 10
1683.04
 20
438.27
 10
1682.58
 20
439.1
 10
1682.66
 20
439.5
 10
1683.24
 20
439.53999999999996
 10
1684.3
 20
439.28999999999996
 10
1688.94
 20
437.52
 10
1694.08
 20
434.95000000000005
 10
1699.46
 20
431.77
 10
1704.82
 20
428.13
 10
1709.9
 20
424.22
 10
1714.45
 20
420.21000000000004
 10
1718.21
 20
416.28
 10
1721.17
 20
412.51
 10
1724.39
 20
407.9
 10
1727.66
 20
402.80999999999995
 10
1730.75
 20
397.61
 10
1733.46
 20
392.66999999999996
 10
1735.55
 20
388.35
 10
1736.82
 20
385.02
 10
1737.36
 20
381.83000000000004
 10
1737.03
 20
378.99
 10
1735.8
 20
376.49
 10
1733.65
 20
374.28999999999996
 10
1730.55
 20
372.38
 10
1726.47
 20
370.71000000000004
 10
1721.4
 20
369.27
 10
1717.75
 20
368.4
 10
1720.78
 20
371.79999999999995
 10
1722.1
 20
373.4
 10
1723.37
 20
375.12
 10
1724.53
 20
376.89
 10
1725.53
 20
378.6
 10
1726.32
 20
380.15
 10
1726.83
 20
381.47
 10
1727.01
 20
382.45000000000005
 10
1726.89
 20
382.52
 10
1726.57
 20
382.28999999999996
 10
1726.06
 20
381.77
 10
1725.39
 20
381.01
 10
1724.59
 20
380.02
 10
1723.68
 20
378.85
 10
1722.7
 20
377.52
 10
1721.56
 20
376.04999999999995
 10
1720.21
 20
374.51
 10
1718.72
 20
372.95000000000005
 10
1717.15
 20
371.41999999999996
 10
1715.56
 20
370.0
 10
1714.01
 20
368.73
 10
1712.57
 20
367.69000000000005
 10
1709.96
 20
365.83000000000004
 10
1707.06
 20
363.51
 10
1703.73
 20
360.58000000000004
 10
1699.8
 20
356.89
 10
1695.12
 20
352.30999999999995
 10
1689.55
 20
346.69000000000005
 10
1682.91
 20
339.88
 10
1680.77
 20
337.70000000000005
 10
1678.72
 20
335.70000000000005
 10
1676.83
 20
333.92999999999995
 10
1675.17
 20
332.46000000000004
 10
1673.8
 20
331.33000000000004
 10
1672.79
 20
330.61
 10
1672.21
 20
330.36
 10
1671.74
 20
330.27
 10
1671.05
 20
330.02
 10
1670.19
 20
329.62
 10
1669.19
 20
329.11
 10
1668.09
 20
328.49
 10
1666.93
 20
327.78999999999996
 10
1665.76
 20
327.03
 10
1663.29
 20
325.55999999999995
 10
1660.17
 20
324.02
 10
1656.7
 20
322.5
 10
1653.16
 20
321.12
 10
1649.85
 20
320.0
 10
1647.06
 20
319.25
 10
1645.06
 20
318.97
 10
1644.63
 20
319.03
 10
1644.13
 20
319.19000000000005
 10
1643.61
 20
319.44000000000005
 10
1643.07
 20
319.77
 10
1642.54
 20
320.16999999999996
 10
1642.03
 20
320.62
 10
1641.58
 20
321.1
  0
LWPOLYLINE
  5
4F
330
17
100
AcDbEntity
  8
rockery
100
AcDbPolyline
 90
50
 70
1
 10
1740.53
 20
328.83000000000004
 10
1737.93
 20
330.13
 10
1735.68
 20
331.35
 10
1733.81
 20
332.45000000000005
 10
1732.39
 20
333.4
 10
1731.46
 20
334.15999999999997
 10
1731.08
 20
334.70000000000005
 10
1731.28
 20
334.99
 10
1735.82
 20
336.28
 10
1740.9
 20
337.63
 10
1746.14
 20
338.94000000000005
 10
1751.15
 20
340.12
 10
1755.53
 20
341.09000000000003
 10
1758.89
 20
341.75
 10
1760.85
 20
342.0
 10
1763.05
 20
341.79999999999995
 10
1765.46
 20
341.15999999999997
 10
1767.99
 20
340.11
 10
1770.6
 20
338.69000000000005
 10
1773.22
 20
336.92999999999995
 10
1775.79
 20
334.86
 10
1778.25
 20
332.53
 10
1779.79
 20
330.88
 10
1780.92
 20
329.57000000000005
 10
1781.65
 20
328.53999999999996
 10
1782.01
 20
327.72
 10
1782.02
 20
327.07000000000005
 10
1781.71
 20
326.53
 10
1781.09
 20
326.04999999999995
 10
1780.5
 20
325.74
 10
1779.73
 20
325.46000000000004
 10
1778.83
 20
325.20000000000005
 10
1777.84
 20
324.99
 10
1776.79
 20
324.83000000000004
 10
1775.74
 20
324.72
 10
1774.7
 20
324.67999999999995
 10
1773.48
 20
324.65
 10
1771.89
 20
324.59000000000003
 10
1770.0
 20
324.51
 10
1767.9
 20
324.4
 10
1765.68
 20
324.27
 10
1763.41
 20
324.13
 10
1761.18
 20
323.97
 10
1757.9
 20
323.78
 10
1755.19
 20
323.77
 10
1752.78
 20
324.02
 10
1750.38
 20
324.58000000000004
 10
1747.73
 20
325.53
 10
1744.54
 20
326.91999999999996
 10
1740.53
 20
328.83000000000004
  0
LWPOLYLINE
  5
50
330
17
100
AcDbEntity
  8
rockery
100
AcDbPolyline
 90
36
 70
1
 10
1432.46
 20
338.19000000000005
 10
1433.06
 20
339.64
 10
1433.59
 20
341.27
 10
1434.06
 20
343.0
 10
1434.44
 20
344.77
 10
1434.72
 20
346.5
 10
1434.88
 20
348.13
 10
1434.91
 20
349.58000000000004
 10
1434.86
 20
350.87
 10
1434.79
 20
351.85
 10
1434.7
 20
352.5
 10
1434.59
 20
352.82000000000005
 10
1434.48
 20
352.79999999999995
 10
1434.35
 20
352.44000000000005
 10
1434.22
 20
351.71000000000004
 10
1433.61
 20
348.30999999999995
 10
1432.84
 20
345.04999999999995
 10
1431.92
 20
341.95000000000005
 10
1430.86
 20
339.04999999999995
 10
1429.66
 20
336.37
 10
1428.34
 20
333.94000000000005
 10
1426.91
 20
331.78
 10
1425.64
 20
330.04999999999995
 10
1424.78
 20
328.85
 10
1424.33
 20
328.14
 10
1424.29
 20
327.9
 10
1424.65
 20
328.09000000000003
 10
1425.4
 20
328.67999999999995
 10
1426.54
 20
329.65
 10
1427.36
 20
330.45000000000005
 10
1428.26
 20
331.48
 10
1429.18
 20
332.67999999999995
 10
1430.1
 20
334.01
 10
1430.98
 20
335.4
 10
1431.78
 20
336.80999999999995
 10
1432.46
 20
338.19000000000005
  0
LWPOLYLINE
  5
51
330
17
100
AcDbEntity
  8
rockery
100
AcDbPolyline
 90
50
 70
1
 10
1471.46
 20
332.22
 10
1472.58
 20
333.46000000000004
 10
1473.69
 20
334.89
 10
1474.75
 20
336.46000000000004
 10
1475.73
 20
338.1
 10
1476.58
 20
339.74
 10
1477.26
 20
341.33000000000004
 10
1477.75
 20
342.78999999999996
 10
1478.33
 20
345.94000000000005
 10
1478.59
 20
349.67999999999995
 10
1478.54
 20
353.80999999999995
 10
1478.2
 20
358.16999999999996
 10
1477.58
 20
362.53999999999996
 10
1476.7
 20
366.74
 10
1475.57
 20
370.58000000000004
 10
1475.16
 20
371.79999999999995
 10
1474.84
 20
372.91999999999996
 10
1474.6
 20
373.90999999999997
 10
1474.45
 20
374.74
 10
1474.39
 20
375.37
 10
1474.44
 20
375.78
 10
1474.59
 20
375.91999999999996
 10
1476.2
 20
375.48
 10
1478.51
 20
374.28
 10
1481.26
 20
372.53
 10
1484.18
 20
370.4
 10
1487.01
 20
368.1
 10
1489.49
 20
365.80999999999995
 10
1491.35
 20
363.73
 10
1493.52
 20
360.41999999999996
 10
1495.05
 20
357.05999999999995
 10
1495.93
 20
353.64
 10
1496.16
 20
350.19000000000005
 10
1495.74
 20
346.72
 10
1494.67
 20
343.23
 10
1492.95
 20
339.74
 10
1491.58
 20
337.51
 10
1490.32
 20
335.78
 10
1488.99
 20
334.42999999999995
 10
1487.41
 20
333.34000000000003
 10
1485.41
 20
332.39
 10
1482.82
 20
331.45000000000005
 10
1479.45
 20
330.40999999999997
 10
1474.65
 20
329.01
 10
1471.25
 20
328.12
 10
1469.15
 20
327.77
 10
1468.22
 20
327.98
 10
1468.37
 20
328.78
 10
1469.49
 20
330.17999999999995
 10
1471.46
 20
332.22
  0
LWPOLYLINE
  5
52
330
17
100
AcDbEntity
  8
rockery
100
AcDbPolyline
 90
36
 70
1
 10
403.62
 20
340.67999999999995
 10
401.83
 20
345.95000000000005
 10
400.23
 20
350.36
 10
398.72
 20
354.08000000000004
 10
397.23
 20
357.28
 10
395.68
 20
360.13
 10
393.99
 20
362.82000000000005
 10
392.08
 20
365.5
 10
390.47
 20
367.71000000000004
 10
389.42
 20
369.33000000000004
 10
388.93
 20
370.39
 10
389.0
 20
370.92999999999995
 10
389.63
 20
370.97
 10
390.83
 20
370.53999999999996
 10
392.6
 20
369.66999999999996
 10
396.83
 20
366.89
 10
400.74
 20
363.23
 10
404.25
 20
358.83000000000004
 10
407.26
 20
353.83000000000004
 10
409.7
 20
348.37
 10
411.47
 20
342.6
 10
412.49
 20
336.65999999999997
 10
412.74
 20
334.0
 10
412.86
 20
332.03
 10
412.81
 20
330.65
 10
412.56
 20
329.75
 10
412.09
 20
329.23
 10
411.38
 20
328.99
 10
410.39
 20
328.92999999999995
 10
409.44
 20
329.08000000000004
 10
408.57
 20
329.59000000000003
 10
407.73
 20
330.53999999999996
 10
406.87
 20
332.03
 10
405.93
 20
334.15999999999997
 10
404.87
 20
337.01
 10
403.62
 20
340.67999999999995
  0
LWPOLYLINE
  5
53
330
17
100
AcDbEntity
  8
rockery
100
AcDbPolyline
 90
50
 70
1
 10
1444.36
 20
333.16999999999996
 10
1446.46
 20
335.92999999999995
 10
1447.98
 20
339.17999999999995
 10
1448.91
 20
342.84000000000003
 10
1449.25
 20
346.86
 10
1448.99
 20
351.15999999999997
 10
1448.13
 20
355.66999999999996
 10
1446.66
 20
360.34000000000003
 10
1445.92
 20
362.23
 10
1445.14
 20
364.1
 10
1444.34
 20
365.89
 10
1443.56
 20
367.54999999999995
 10
1442.82
 20
369.0
 10
1442.16
 20
370.17999999999995
 10
1441.6
 20
371.02
 10
1441.22
 20
371.42999999999995
 10
1441.05
 20
371.36
 10
1441.07
 20
370.86
 10
1441.29
 20
369.97
 10
1441.68
 20
368.71000000000004
 10
1442.26
 20
367.12
 10
1442.99
 20
365.24
 10
1444.41
 20
361.22
 10
1445.47
 20
357.1
 10
1446.15
 20
353.02
 10
1446.45
 20
349.12
 10
1446.35
 20
345.53999999999996
 10
1445.85
 20
342.40999999999997
 10
1444.93
 20
339.88
 10
1444.47
 20
339.05999999999995
 10
1443.86
 20
338.11
 10
1443.13
 20
337.07000000000005
 10
1442.32
 20
335.98
 10
1441.45
 20
334.89
 10
1440.56
 20
333.83000000000004
 10
1439.68
 20
332.85
 10
1438.69
 20
331.75
 10
1437.97
 20
330.85
 10
1437.51
 20
330.13
 10
1437.3
 20
329.59000000000003
 10
1437.34
 20
329.22
 10
1437.63
 20
329.0
 10
1438.17
 20
328.92999999999995
 10
1438.76
 20
329.04999999999995
 10
1439.52
 20
329.37
 10
1440.4
 20
329.87
 10
1441.36
 20
330.53
 10
1442.36
 20
331.30999999999995
 10
1443.38
 20
332.21000000000004
 10
1444.36
 20
333.16999999999996
  0
LWPOLYLINE
  5
54
330
17
100
AcDbEntity
  8
rockery
100
AcDbPolyline
 90
59
 70
1
 10
1225.14
 20
334.13
 10
1222.83
 20
334.65
 10
1220.65
 20
335.17999999999995
 10
1218.66
 20
335.71000000000004
 10
1216.93
 20
336.21000000000004
 10
1215.53
 20
336.67999999999995
 10
1214.54
 20
337.07000000000005
 10
1214.01
 20
337.39
 10
1214.66
 20
338.84000000000003
 10
1217.3
 20
341.78
 10
1221.32
 20
345.65
 10
1226.13
 20
349.92999999999995
 10
1231.1
 20
354.07000000000005
 10
1235.64
 20
357.53
 10
1239.14
 20
359.77
 10
1240.61
 20
360.47
 10
1241.97
 20
360.9
 10
1243.4
 20
361.02
 10
1245.11
 20
360.80999999999995
 10
1247.31
 20
360.24
 10
1250.18
 20
359.29999999999995
 10
1253.94
 20
357.96000000000004
 10
1256.51
 20
356.97
 10
1259.07
 20
355.9
 10
1261.53
 20
354.77
 10
1263.81
 20
353.65
 10
1265.81
 20
352.57000000000005
 10
1267.45
 20
351.58000000000004
 10
1268.64
 20
350.72
 10
1269.64
 20
349.90999999999997
 10
1270.77
 20
349.05999999999995
 10
1271.97
 20
348.20000000000005
 10
1273.19
 20
347.37
 10
1274.39
 20
346.6
 10
1275.52
 20
345.90999999999997
 10
1276.53
 20
345.36
 10
1280.48
 20
343.29999999999995
 10
1276.57
 20
341.80999999999995
 10
1275.62
 20
341.47
 10
1274.64
 20
341.15999999999997
 10
1273.68
 20
340.88
 10
1272.77
 20
340.65
 10
1271.94
 20
340.48
 10
1271.23
 20
340.36
 10
1270.67
 20
340.32000000000005
 10
1269.87
 20
340.21000000000004
 10
1268.46
 20
339.89
 10
1266.53
 20
339.38
 10
1264.18
 20
338.72
 10
1261.5
 20
337.92999999999995
 10
1258.58
 20
337.03
 10
1255.51
 20
336.04999999999995
 10
1249.91
 20
334.28
 10
1245.47
 20
333.05999999999995
 10
1241.75
 20
332.35
 10
1238.31
 20
332.13
 10
1234.69
 20
332.38
 10
1230.45
 20
333.04999999999995
 10
1225.14
 20
334.13
  0
LWPOLYLINE
  5
55
330
17
100
AcDbEntity
  8
rockery
100
AcDbPolyline
 90
29
 70
1
 10
983.98
 20
336.40999999999997
 10
987.87
 20
341.75
 10
994.25
 20
348.4
 10
1002.11
 20
355.53999999999996
 10
1010.45
 20
362.37
 10
1018.27
 20
368.04999999999995
 10
1024.57
 20
371.76
 10
1028.34
 20
372.70000000000005
 10
1028.32
 20
372.28999999999996
 10
1027.62
 20
371.34000000000003
 10
1026.31
 20
369.91999999999996
 10
1024.46
 20
368.11
 10
1022.15
 20
365.96000000000004
 10
1019.44
 20
363.57000000000005
 10
1016.42
 20
360.99
 10
1013.13
 20
358.20000000000005
 10
1009.65
 20
355.22
 10
1006.13
 20
352.15
 10
1002.69
 20
349.13
 10
999.47
 20
346.26
 10
996.62
 20
343.66999999999996
 10
994.26
 20
341.48
 10
990.61
 20
338.15
 10
987.64
 20
335.65999999999997
 10
985.37
 20
334.03
 10
983.85
 20
333.28
 10
983.09
 20
333.40999999999997
 10
983.12
 20
334.45000000000005
 10
983.98
 20
336.40999999999997
  0
LWPOLYLINE
  5
56
330
17
100
AcDbEntity
  8
rockery
100
AcDbPolyline
 90
99
 70
1
 10
979.5
 20
340.13
 10
980.66
 20
342.04999999999995
 10
982.4
 20
344.44000000000005
 10
984.72
 20
347.28999999999996
 10
987.59
 20
350.59000000000003
 10
991.01
 20
354.33000000000004
 10
994.98
 20
358.5
 10
999.47
 20
363.07000000000005
 10
1001.24
 20
364.9
 10
1002.86
 20
366.64
 10
1004.27
 20
368.24
 10
1005.42
 20
369.64
 10
1006.28
 20
370.78999999999996
 10
1006.79
 20
371.63
 10
1006.91
 20
372.11
 10
1006.85
 20
372.36
 10
1006.87
 20
372.53999999999996
 10
1006.96
 20
372.65999999999997
 10
1007.11
 20
372.72
 10
1007.31
 20
372.70000000000005
 10
1007.56
 20
372.62
 10
1007.85
 20
372.46000000000004
 10
1008.34
 20
372.36
 10
1009.14
 20
372.45000000000005
 10
1010.2
 20
372.70000000000005
 10
1011.48
 20
373.1
 10
1012.91
 20
373.64
 10
1014.46
 20
374.28999999999996
 10
1016.07
 20
375.04999999999995
 10
1017.78
 20
375.86
 10
1019.61
 20
376.65
 10
1021.48
 20
377.4
 10
1023.32
 20
378.09000000000003
 10
1025.06
 20
378.67999999999995
 10
1026.63
 20
379.15
 10
1027.95
 20
379.47
 10
1029.7
 20
379.80999999999995
 10
1030.92
 20
380.01
 10
1031.63
 20
380.04999999999995
 10
1031.88
 20
379.9
 10
1031.68
 20
379.55999999999995
 10
1031.07
 20
378.99
 10
1030.08
 20
378.19000000000005
 10
1030.23
 20
377.95000000000005
 10
1032.72
 20
378.99
 10
1036.98
 20
381.02
 10
1042.48
 20
383.77
 10
1048.67
 20
386.97
 10
1054.98
 20
390.33000000000004
 10
1060.87
 20
393.59000000000003
 10
1062.92
 20
394.70000000000005
 10
1064.65
 20
395.53
 10
1066.13
 20
396.1
 10
1067.43
 20
396.4
 10
1068.6
 20
396.47
 10
1069.72
 20
396.32000000000005
 10
1070.84
 20
395.96000000000004
 10
1071.56
 20
395.65
 10
1072.12
 20
395.35
 10
1072.49
 20
395.09000000000003
 10
1072.67
 20
394.87
 10
1072.67
 20
394.69000000000005
 10
1072.46
 20
394.57000000000005
 10
1072.04
 20
394.52
 10
1069.88
 20
393.95000000000005
 10
1066.23
 20
392.51
 10
1061.56
 20
390.40999999999997
 10
1056.32
 20
387.89
 10
1051.0
 20
385.16999999999996
 10
1046.05
 20
382.47
 10
1041.95
 20
380.02
 10
1040.3
 20
379.03999999999996
 10
1038.54
 20
378.12
 10
1036.74
 20
377.29999999999995
 10
1034.97
 20
376.59000000000003
 10
1033.3
 20
376.03
 10
1031.79
 20
375.65
 10
1030.53
 20
375.47
 10
1029.16
 20
375.24
 10
1027.46
 20
374.75
 10
1025.49
 20
374.01
 10
1023.33
 20
373.04999999999995
 10
1021.04
 20
371.91999999999996
 10
1018.69
 20
370.63
 10
1016.35
 20
369.22
 10
1012.84
 20
366.91999999999996
 10
1009.34
 20
364.42999999999995
 10
1005.61
 20
361.53999999999996
 10
1001.39
 20
358.04999999999995
 10
996.43
 20
353.73
 10
990.48
 20
348.4
 10
983.28
 20
341.83000000000004
 10
981.61
 20
340.30999999999995
 10
980.35
 20
339.24
 10
979.5
 20
338.6
 10
979.01
 20
338.39
 10
978.87
 20
338.58000000000004
 10
979.04
 20
339.15999999999997
 10
979.5
 20
340.13
  0
LWPOLYLINE
  5
57
330
17
100
AcDbEntity
  8
rockery
100
AcDbPolyline
 90
101
 70
1
 10
1594.6
 20
347.65
 10
1594.54
 20
348.37
 10
1594.37
 20
349.20000000000005
 10
1594.11
 20
350.11
 10
1593.76
 20
351.07000000000005
 10
1593.35
 20
352.02
 10
1592.88
 20
352.95000000000005
 10
1592.37
 20
353.79999999999995
 10
1591.61
 20
354.99
 10
1591.12
 20
355.9
 10
1590.89
 20
356.6
 10
1590.93
 20
357.14
 10
1591.25
 20
357.6
 10
1591.84
 20
358.03999999999996
 10
1592.72
 20
358.51
 10
1595.47
 20
359.70000000000005
 10
1598.65
 20
360.74
 10
1602.08
 20
361.61
 10
1605.59
 20
362.26
 10
1609.01
 20
362.67999999999995
 10
1612.16
 20
362.82000000000005
 10
1614.88
 20
362.65
 10
1620.94
 20
361.82000000000005
 10
1615.96
 20
363.65999999999997
 10
1614.2
 20
364.23
 10
1612.53
 20
364.58000000000004
 10
1610.78
 20
364.66999999999996
 10
1608.74
 20
364.5
 10
1606.24
 20
364.03999999999996
 10
1603.09
 20
363.28999999999996
 10
1599.11
 20
362.22
 10
1596.16
 20
361.46000000000004
 10
1593.29
 20
360.82000000000005
 10
1590.58
 20
360.29999999999995
 10
1588.1
 20
359.91999999999996
 10
1585.91
 20
359.69000000000005
 10
1584.1
 20
359.62
 10
1582.73
 20
359.73
 10
1581.6
 20
359.9
 10
1580.72
 20
359.99
 10
1580.08
 20
359.99
 10
1579.69
 20
359.91999999999996
 10
1579.56
 20
359.76
 10
1579.67
 20
359.52
 10
1580.04
 20
359.20000000000005
 10
1580.41
 20
358.72
 10
1580.38
 20
358.04999999999995
 10
1579.91
 20
357.16999999999996
 10
1578.99
 20
356.05999999999995
 10
1577.59
 20
354.67999999999995
 10
1575.69
 20
353.02
 10
1573.27
 20
351.02
 10
1571.33
 20
349.42999999999995
 10
1569.57
 20
347.94000000000005
 10
1568.05
 20
346.58000000000004
 10
1566.82
 20
345.40999999999997
 10
1565.93
 20
344.47
 10
1565.42
 20
343.80999999999995
 10
1565.34
 20
343.48
 10
1565.73
 20
343.53
 10
1566.53
 20
343.94000000000005
 10
1567.69
 20
344.69000000000005
 10
1569.16
 20
345.73
 10
1570.88
 20
347.02
 10
1572.78
 20
348.52
 10
1574.81
 20
350.17999999999995
 10
1576.88
 20
351.85
 10
1578.89
 20
353.37
 10
1580.78
 20
354.67999999999995
 10
1582.48
 20
355.76
 10
1583.92
 20
356.54999999999995
 10
1585.03
 20
357.02
 10
1585.75
 20
357.12
 10
1586.32
 20
356.91999999999996
 10
1586.98
 20
356.54999999999995
 10
1587.71
 20
356.02
 10
1588.48
 20
355.37
 10
1589.25
 20
354.62
 10
1590.01
 20
353.79999999999995
 10
1590.71
 20
352.91999999999996
 10
1591.69
 20
351.55999999999995
 10
1592.35
 20
350.46000000000004
 10
1592.71
 20
349.49
 10
1592.77
 20
348.53999999999996
 10
1592.53
 20
347.47
 10
1592.01
 20
346.16999999999996
 10
1591.21
 20
344.52
 10
1590.11
 20
342.21000000000004
 10
1589.4
 20
340.53999999999996
 10
1589.08
 20
339.49
 10
1589.17
 20
339.07000000000005
 10
1589.65
 20
339.27
 10
1590.53
 20
340.1
 10
1591.8
 20
341.54999999999995
 10
1592.44
 20
342.39
 10
1593.03
 20
343.29999999999995
 10
1593.55
 20
344.25
 10
1593.98
 20
345.20000000000005
 10
1594.31
 20
346.11
 10
1594.53
 20
346.94000000000005
 10
1594.6
 20
347.65
  0
LWPOLYLINE
  5
58
330
17
100
AcDbEntity
  8
rockery
100
AcDbPolyline
 90
487
 70
1
 10
805.92
 20
346.71000000000004
 10
804.28
 20
347.66999999999996
 10
802.61
 20
348.84000000000003
 10
800.95
 20
350.16999999999996
 10
799.35
 20
351.64
 10
797.84
 20
353.20000000000005
 10
796.45
 20
354.82000000000005
 10
795.24
 20
356.46000000000004
 10
793.95
 20
358.25
 10
792.18
 20
360.5
 10
790.04
 20
363.09000000000003
 10
787.62
 20
365.92999999999995
 10
785.01
 20
368.89
 10
782.31
 20
371.87
 10
779.62
 20
374.75
 10
776.77
 20
377.83000000000004
 10
774.09
 20
380.91999999999996
 10
771.62
 20
383.95000000000005
 10
769.41
 20
386.86
 10
767.52
 20
389.58000000000004
 10
765.99
 20
392.03999999999996
 10
764.87
 20
394.17999999999995
 10
761.39
 20
401.78
 10
765.96
 20
410.55999999999995
 10
767.1
 20
412.66999999999996
 10
768.34
 20
414.82000000000005
 10
769.62
 20
416.90999999999997
 10
770.91
 20
418.89
 10
772.14
 20
420.65999999999997
 10
773.26
 20
422.15
 10
774.23
 20
423.28
 10
776.39
 20
425.16999999999996
 10
778.97
 20
426.78999999999996
 10
781.8
 20
428.08000000000004
 10
784.7
 20
428.99
 10
787.52
 20
429.48
 10
790.08
 20
429.47
 10
792.2
 20
428.92999999999995
 10
793.96
 20
428.29999999999995
 10
795.47
 20
428.03
 10
796.66
 20
428.09000000000003
 10
797.43
 20
428.42999999999995
 10
797.69
 20
429.01
 10
797.35
 20
429.79999999999995
 10
796.32
 20
430.75
 10
795.57
 20
431.49
 10
794.89
 20
432.59000000000003
 10
794.27
 20
434.08000000000004
 10
793.7
 20
436.0
 10
793.17
 20
438.38
 10
792.66
 20
441.27
 10
792.16
 20
444.69000000000005
 10
791.2
 20
450.54999999999995
 10
789.91
 20
455.39
 10
788.09
 20
459.48
 10
785.55
 20
463.12
 10
782.08
 20
466.57000000000005
 10
777.49
 20
470.11
 10
771.6
 20
474.03
 10
766.61
 20
477.39
 10
762.78
 20
480.49
 10
759.96
 20
483.59000000000003
 10
758.0
 20
486.94000000000005
 10
756.76
 20
490.79999999999995
 10
756.08
 20
495.40999999999997
 10
755.83
 20
501.03999999999996
 10
755.59
 20
505.9
 10
755.05
 20
510.72
 10
754.23
 20
515.37
 10
753.16
 20
519.73
 10
751.87
 20
523.69
 10
750.4
 20
527.1
 10
748.77
 20
529.86
 10
747.73
 20
531.33
 10
747.03
 20
532.4
 10
746.68
 20
533.14
 10
746.65
 20
533.59
 10
746.97
 20
533.84
 10
747.61
 20
533.94
 10
748.57
 20
533.95
 10
750.78
 20
533.26
 10
754.27
 20
531.4
 10
758.6
 20
528.66
 10
763.32
 20
525.37
 10
767.99
 20
521.84
 10
772.17
 20
518.36
 10
775.41
 20
515.25
 10
778.51
 20
511.65999999999997
 10
781.68
 20
507.5
 10
784.83
 20
502.92999999999995
 10
787.85
 20
498.08000000000004
 10
790.67
 20
493.12
 10
793.19
 20
488.17999999999995
 10
795.32
 20
483.40999999999997
 10
796.63
 20
480.07000000000005
 10
797.64
 20
477.08000000000004
 10
798.39
 20
474.23
 10
798.92
 20
471.30999999999995
 10
799.27
 20
468.09000000000003
 10
799.47
 20
464.37
 10
799.57
 20
459.91999999999996
 10
799.62
 20
456.75
 10
799.68
 20
453.69000000000005
 10
799.74
 20
450.85
 10
799.82
 20
448.30999999999995
 10
799.89
 20
446.17999999999995
 10
799.97
 20
444.55999999999995
 10
800.04
 20
443.54999999999995
 10
800.35
 20
440.70000000000005
 10
801.57
 20
443.54999999999995
 10
801.85
 20
444.51
 10
802.12
 20
446.0
 10
802.36
 20
447.91999999999996
 10
802.56
 20
450.19000000000005
 10
802.73
 20
452.72
 10
802.84
 20
455.41999999999996
 10
802.89
 20
458.19000000000005
 10
802.88
 20
462.08000000000004
 10
802.73
 20
465.42999999999995
 10
802.41
 20
468.44000000000005
 10
801.88
 20
471.32000000000005
 10
801.1
 20
474.28
 10
800.03
 20
477.52
 10
798.64
 20
481.26
 10
797.46
 20
484.14
 10
796.0
 20
487.35
 10
794.33
 20
490.76
 10
792.54
 20
494.23
 10
790.68
 20
497.62
 10
788.83
 20
500.80999999999995
 10
787.07
 20
503.64
 10
783.34
 20
508.88
 10
778.81
 20
514.52
 10
773.85
 20
520.16
 10
768.84
 20
525.39
 10
764.18
 20
529.83
 10
760.24
 20
533.05
 10
757.42
 20
534.67
 10
755.98
 20
535.25
 10
755.08
 20
535.86
 10
754.72
 20
536.49
 10
754.89
 20
537.12
 10
755.58
 20
537.7
 10
756.79
 20
538.23
 10
758.5
 20
538.68
 10
759.69
 20
538.83
 10
760.91
 20
538.8
 10
762.17
 20
538.59
 10
763.49
 20
538.19
 10
764.9
 20
537.59
 10
766.41
 20
536.79
 10
768.04
 20
535.79
 10
778.05
 20
527.99
 10
787.39
 20
518.38
 10
795.68
 20
507.53999999999996
 10
802.57
 20
496.09000000000003
 10
807.69
 20
484.62
 10
810.69
 20
473.73
 10
811.2
 20
464.03
 10
811.07
 20
462.32000000000005
 10
811.01
 20
460.87
 10
811.04
 20
459.70000000000005
 10
811.15
 20
458.82000000000005
 10
811.34
 20
458.24
 10
811.6
 20
457.97
 10
811.94
 20
458.03
 10
812.26
 20
458.52
 10
812.51
 20
459.52
 10
812.69
 20
460.98
 10
812.79
 20
462.85
 10
812.81
 20
465.08000000000004
 10
812.76
 20
467.63
 10
812.62
 20
470.44000000000005
 10
812.01
 20
476.14
 10
810.9
 20
481.71000000000004
 10
809.26
 20
487.21000000000004
 10
807.04
 20
492.74
 10
804.22
 20
498.38
 10
800.77
 20
504.21000000000004
 10
796.64
 20
510.30999999999995
 10
793.29
 20
514.7
 10
789.44
 20
519.19
 10
785.3
 20
523.58
 10
781.09
 20
527.69
 10
777.01
 20
531.29
 10
773.27
 20
534.19
 10
770.08
 20
536.18
 10
768.45
 20
537.14
 10
767.22
 20
538.09
 10
766.4
 20
539.0
 10
766.03
 20
539.82
 10
766.12
 20
540.5
 10
766.69
 20
540.99
 10
767.76
 20
541.26
 10
768.25
 20
541.31
 10
768.87
 20
541.37
 10
769.59
 20
541.44
 10
770.37
 20
541.52
 10
771.18
 20
541.61
 10
772.0
 20
541.69
 10
772.79
 20
541.78
 10
773.82
 20
541.7
 10
775.18
 20
541.31
 10
776.85
 20
540.63
 10
778.76
 20
539.67
 10
780.9
 20
538.46
 10
783.21
 20
537.02
 10
785.66
 20
535.36
 10
797.02
 20
526.13
 10
806.73
 20
515.71
 10
814.61
 20
504.42999999999995
 10
820.49
 20
492.65999999999997
 10
824.2
 20
480.73
 10
825.56
 20
468.99
 10
824.41
 20
457.78
 10
824.0
 20
455.94000000000005
 10
823.74
 20
454.61
 10
823.65
 20
453.78
 10
823.73
 20
453.4
 10
823.98
 20
453.45000000000005
 10
824.41
 20
453.89
 10
825.03
 20
454.69000000000005
 10
826.3
 20
457.0
 10
827.23
 20
459.97
 10
827.83
 20
463.47
 10
828.07
 20
467.35
 10
827.94
 20
471.47
 10
827.46
 20
475.70000000000005
 10
826.59
 20
479.89
 10
823.69
 20
489.09000000000003
 10
819.78
 20
498.14
 10
814.96
 20
506.9
 10
809.33
 20
515.22
 10
802.97
 20
522.97
 10
795.99
 20
530.01
 10
788.47
 20
536.19
 10
786.64
 20
537.58
 10
785.0
 20
538.9
 10
783.6
 20
540.11
 10
782.47
 20
541.18
 10
781.68
 20
542.05
 10
781.25
 20
542.68
 10
781.23
 20
543.04
 10
781.59
 20
543.24
 10
782.23
 20
543.43
 10
783.11
 20
543.59
 10
784.18
 20
543.73
 10
785.39
 20
543.83
 10
786.72
 20
543.9
 10
788.12
 20
543.92
 10
795.3
 20
542.74
 10
802.63
 20
539.31
 10
809.94
 20
533.8
 10
817.07
 20
526.39
 10
823.85
 20
517.25
 10
830.12
 20
506.54999999999995
 10
835.7
 20
494.47
 10
838.26
 20
488.58000000000004
 10
840.66
 20
483.82000000000005
 10
842.99
 20
480.12
 10
845.31
 20
477.38
 10
847.7
 20
475.53
 10
850.23
 20
474.49
 10
852.98
 20
474.15999999999997
 10
854.88
 20
474.35
 10
857.16
 20
474.88
 10
859.57
 20
475.63
 10
861.86
 20
476.52
 10
863.8
 20
477.46000000000004
 10
865.14
 20
478.35
 10
865.64
 20
479.09000000000003
 10
865.47
 20
479.16999999999996
 10
865.0
 20
479.13
 10
864.25
 20
478.99
 10
863.28
 20
478.74
 10
862.11
 20
478.41999999999996
 10
860.79
 20
478.01
 10
859.35
 20
477.53999999999996
 10
855.61
 20
476.53
 10
852.39
 20
476.34000000000003
 10
849.55
 20
477.02
 10
846.95
 20
478.67999999999995
 10
844.48
 20
481.39
 10
841.99
 20
485.24
 10
839.36
 20
490.32000000000005
 10
838.19
 20
492.82000000000005
 10
837.07
 20
495.35
 10
836.03
 20
497.80999999999995
 10
835.11
 20
500.11
 10
834.35
 20
502.16999999999996
 10
833.79
 20
503.88
 10
833.45
 20
505.16999999999996
 10
832.57
 20
509.58000000000004
 10
840.92
 20
508.74
 10
842.99
 20
508.47
 10
845.02
 20
508.11
 10
846.95
 20
507.65
 10
848.74
 20
507.12
 10
850.32
 20
506.53999999999996
 10
851.65
 20
505.90999999999997
 10
852.66
 20
505.27
 10
854.35
 20
504.03
 10
855.8
 20
503.23
 10
857.26
 20
502.91999999999996
 10
858.95
 20
503.11
 10
861.1
 20
503.83000000000004
 10
863.95
 20
505.1
 10
867.74
 20
506.95000000000005
 10
869.81
 20
507.90999999999997
 10
871.97
 20
508.79999999999995
 10
874.12
 20
509.59000000000003
 10
876.19
 20
510.24
 10
878.09
 20
510.74
 10
879.75
 20
511.05999999999995
 10
881.09
 20
511.16999999999996
 10
882.68
 20
511.27
 10
884.15
 20
511.57000000000005
 10
885.59
 20
512.15
 10
887.09
 20
513.06
 10
888.73
 20
514.35
 10
890.61
 20
516.07
 10
892.82
 20
518.29
 10
895.64
 20
521.06
 10
898.07
 20
523.13
 10
900.11
 20
524.5
 10
901.81
 20
525.2
 10
903.18
 20
525.22
 10
904.23
 20
524.58
 10
904.99
 20
523.28
 10
905.27
 20
522.34
 10
905.35
 20
521.4
 10
905.23
 20
520.43
 10
904.88
 20
519.35
 10
904.29
 20
518.12
 10
903.44
 20
516.69
 10
902.31
 20
515.01
 10
901.77
 20
514.18
 10
901.43
 20
513.49
 10
901.3
 20
512.92
 10
901.39
 20
512.42
 10
901.7
 20
511.96000000000004
 10
902.24
 20
511.51
 10
903.01
 20
511.03
 10
904.29
 20
509.94000000000005
 10
905.08
 20
508.44000000000005
 10
905.37
 20
506.53
 10
905.18
 20
504.24
 10
904.49
 20
501.58000000000004
 10
903.32
 20
498.57000000000005
 10
901.66
 20
495.24
 10
900.0
 20
492.45000000000005
 10
898.3
 20
490.13
 10
896.47
 20
488.23
 10
894.43
 20
486.66999999999996
 10
892.11
 20
485.40999999999997
 10
889.42
 20
484.38
 10
886.28
 20
483.52
 10
883.48
 20
482.71000000000004
 10
881.05
 20
481.65999999999997
 10
878.91
 20
480.30999999999995
 10
877.0
 20
478.55999999999995
 10
875.21
 20
476.36
 10
873.47
 20
473.61
 10
871.69
 20
470.25
 10
867.02
 20
461.34000000000003
 10
862.6
 20
454.20000000000005
 10
858.28
 20
448.69000000000005
 10
853.9
 20
444.65999999999997
 10
849.29
 20
441.97
 10
844.3
 20
440.46000000000004
 10
838.78
 20
439.99
 10
834.25
 20
440.13
 10
830.84
 20
440.55999999999995
 10
828.56
 20
441.25
 10
827.44
 20
442.19000000000005
 10
827.48
 20
443.37
 10
828.7
 20
444.78
 10
831.11
 20
446.4
 10
832.04
 20
446.95000000000005
 10
832.72
 20
447.39
 10
833.13
 20
447.72
 10
833.29
 20
447.94000000000005
 10
833.18
 20
448.04999999999995
 10
832.82
 20
448.03
 10
832.18
 20
447.89
 10
831.36
 20
447.69000000000005
 10
830.26
 20
447.44000000000005
 10
828.96
 20
447.15999999999997
 10
827.5
 20
446.85
 10
825.94
 20
446.53999999999996
 10
824.35
 20
446.22
 10
822.77
 20
445.91999999999996
 10
819.49
 20
444.99
 10
816.03
 20
443.51
 10
812.72
 20
441.70000000000005
 10
809.93
 20
439.80999999999995
 10
807.99
 20
438.05999999999995
 10
807.25
 20
436.69000000000005
 10
808.06
 20
435.95000000000005
 10
808.65
 20
435.9
 10
809.31
 20
435.97
 10
810.03
 20
436.15
 10
810.76
 20
436.41999999999996
 10
811.5
 20
436.78
 10
812.19
 20
437.22
 10
812.82
 20
437.73
 10
814.26
 20
438.72
 10
816.01
 20
439.41999999999996
 10
817.96
 20
439.82000000000005
 10
820.05
 20
439.90999999999997
 10
822.17
 20
439.69000000000005
 10
824.26
 20
439.15999999999997
 10
826.22
 20
438.32000000000005
 10
827.05
 20
437.90999999999997
 10
828.01
 20
437.5
 10
829.08
 20
437.08000000000004
 10
830.21
 20
436.69000000000005
 10
831.35
 20
436.34000000000003
 10
832.46
 20
436.03
 10
833.49
 20
435.78999999999996
 10
837.64
 20
434.94000000000005
 10
829.66
 20
425.99
 10
827.38
 20
423.33000000000004
 10
825.38
 20
420.78999999999996
 10
823.64
 20
418.30999999999995
 10
822.12
 20
415.85
 10
820.82
 20
413.38
 10
819.69
 20
410.86
 10
818.71
 20
408.23
 10
817.96
 20
406.12
 10
817.13
 20
404.0
 10
816.26
 20
401.94000000000005
 10
815.37
 20
400.02
 10
814.52
 20
398.32000000000005
 10
813.72
 20
396.9
 10
813.02
 20
395.86
 10
810.29
 20
392.30999999999995
 10
805.93
 20
396.48
 10
803.96
 20
398.29999999999995
 10
802.59
 20
399.4
 10
801.84
 20
399.82000000000005
 10
801.73
 20
399.57000000000005
 10
802.25
 20
398.66999999999996
 10
803.42
 20
397.14
 10
805.24
 20
395.0
 10
808.82
 20
390.83000000000004
 10
812.01
 20
386.78999999999996
 10
814.78
 20
382.95000000000005
 10
817.09
 20
379.37
 10
818.9
 20
376.11
 10
820.18
 20
373.22
 10
820.88
 20
370.78
 10
822.13
 20
365.39
 10
823.8
 20
361.17999999999995
 10
826.04
 20
358.01
 10
829.0
 20
355.78
 10
832.84
 20
354.38
 10
837.7
 20
353.67999999999995
 10
843.75
 20
353.58000000000004
 10
848.2
 20
353.53999999999996
 10
852.41
 20
353.23
 10
856.23
 20
352.67999999999995
 10
859.48
 20
351.94000000000005
 10
862.0
 20
351.03
 10
863.64
 20
350.0
 10
864.22
 20
348.89
 10
863.43
 20
348.28
 10
861.19
 20
347.65999999999997
 10
857.67
 20
347.04999999999995
 10
853.05
 20
346.49
 10
847.5
 20
345.98
 10
841.19
 20
345.55999999999995
 10
834.32
 20
345.23
 10
831.11
 20
345.1
 10
827.95
 20
344.95000000000005
 10
824.93
 20
344.77
 10
822.17
 20
344.59000000000003
 10
819.77
 20
344.40999999999997
 10
817.86
 20
344.23
 10
816.52
 20
344.05999999999995
 10
815.28
 20
343.96000000000004
 10
813.92
 20
344.02
 10
812.48
 20
344.24
 10
810.95
 20
344.63
 10
809.34
 20
345.16999999999996
 10
807.66
 20
345.86
 10
805.92
 20
346.71000000000004
  0
LWPOLYLINE
  5
59
330
17
100
AcDbEntity
  8
rockery
100
AcDbPolyline
 90
126
 70
1
 10
1283.62
 20
348.69000000000005
 10
1283.58
 20
349.15999999999997
 10
1283.8
 20
349.95000000000005
 10
1284.25
 20
351.0
 10
1284.92
 20
352.27
 10
1285.77
 20
353.71000000000004
 10
1286.78
 20
355.26
 10
1287.92
 20
356.88
 10
1292.99
 20
363.82000000000005
 10
1286.04
 20
356.54999999999995
 10
1279.09
 20
349.28
 10
1273.47
 20
354.03
 10
1271.95
 20
355.22
 10
1270.1
 20
356.52
 10
1268.0
 20
357.86
 10
1265.75
 20
359.20000000000005
 10
1263.43
 20
360.49
 10
1261.13
 20
361.66999999999996
 10
1258.95
 20
362.69000000000005
 10
1256.92
 20
363.6
 10
1255.05
 20
364.48
 10
1253.39
 20
365.29999999999995
 10
1252.01
 20
366.03
 10
1250.96
 20
366.64
 10
1250.29
 20
367.11
 10
1250.05
 20
367.4
 10
1250.27
 20
367.69000000000005
 10
1250.89
 20
368.15999999999997
 10
1251.85
 20
368.78999999999996
 10
1253.12
 20
369.53
 10
1254.64
 20
370.37
 10
1256.36
 20
371.28
 10
1258.23
 20
372.22
 10
1262.69
 20
374.53999999999996
 10
1266.64
 20
376.89
 10
1270.15
 20
379.35
 10
1273.31
 20
381.97
 10
1276.19
 20
384.82000000000005
 10
1278.87
 20
387.96000000000004
 10
1281.42
 20
391.45000000000005
 10
1282.61
 20
393.11
 10
1283.81
 20
394.63
 10
1284.98
 20
395.98
 10
1286.08
 20
397.1
 10
1287.07
 20
397.96000000000004
 10
1287.89
 20
398.5
 10
1288.51
 20
398.70000000000005
 10
1289.15
 20
398.77
 10
1290.0
 20
398.99
 10
1291.03
 20
399.33000000000004
 10
1292.19
 20
399.77
 10
1293.44
 20
400.29999999999995
 10
1294.72
 20
400.9
 10
1295.99
 20
401.54999999999995
 10
1298.02
 20
402.61
 10
1299.5
 20
403.26
 10
1300.52
 20
403.48
 10
1301.14
 20
403.24
 10
1301.46
 20
402.5
 10
1301.55
 20
401.23
 10
1301.49
 20
399.40999999999997
 10
1301.45
 20
398.48
 10
1301.47
 20
397.87
 10
1301.56
 20
397.6
 10
1301.75
 20
397.65
 10
1302.04
 20
398.04999999999995
 10
1302.45
 20
398.78
 10
1303.01
 20
399.87
 10
1303.55
 20
400.71000000000004
 10
1304.34
 20
401.62
 10
1305.33
 20
402.58000000000004
 10
1306.49
 20
403.53999999999996
 10
1307.76
 20
404.48
 10
1309.1
 20
405.34000000000003
 10
1310.47
 20
406.09000000000003
 10
1311.86
 20
406.80999999999995
 10
1313.26
 20
407.59000000000003
 10
1314.63
 20
408.39
 10
1315.92
 20
409.17999999999995
 10
1317.06
 20
409.92999999999995
 10
1318.03
 20
410.61
 10
1318.75
 20
411.19000000000005
 10
1319.91
 20
412.15999999999997
 10
1320.67
 20
412.67999999999995
 10
1321.04
 20
412.69000000000005
 10
1321.01
 20
412.15
 10
1320.58
 20
411.01
 10
1319.75
 20
409.23
 10
1318.51
 20
406.76
 10
1315.78
 20
401.40999999999997
 10
1319.21
 20
395.42999999999995
 10
1320.69
 20
392.47
 10
1321.74
 20
389.54999999999995
 10
1322.36
 20
386.75
 10
1322.54
 20
384.14
 10
1322.29
 20
381.78999999999996
 10
1321.58
 20
379.77
 10
1320.43
 20
378.15999999999997
 10
1319.75
 20
377.54999999999995
 10
1318.81
 20
376.80999999999995
 10
1317.67
 20
375.96000000000004
 10
1316.36
 20
375.04999999999995
 10
1314.95
 20
374.11
 10
1313.48
 20
373.17999999999995
 10
1312.0
 20
372.28999999999996
 10
1310.49
 20
371.33000000000004
 10
1308.89
 20
370.16999999999996
 10
1307.28
 20
368.87
 10
1305.71
 20
367.49
 10
1304.25
 20
366.08000000000004
 10
1302.96
 20
364.70000000000005
 10
1301.9
 20
363.4
 10
1299.64
 20
360.54999999999995
 10
1296.95
 20
357.51
 10
1294.1
 20
354.5
 10
1291.3
 20
351.76
 10
1288.79
 20
349.52
 10
1286.82
 20
348.0
 10
1285.61
 20
347.44000000000005
 10
1285.31
 20
347.48
 10
1285.0
 20
347.57000000000005
 10
1284.68
 20
347.72
 10
1284.37
 20
347.90999999999997
 10
1284.08
 20
348.15
 10
1283.83
 20
348.40999999999997
 10
1283.62
 20
348.69000000000005
  0
LWPOLYLINE
  5
5A
330
17
100
AcDbEntity
  8
rockery
100
AcDbPolyline
 90
43
 70
1
 10
1094.86
 20
357.05999999999995
 10
1093.19
 20
358.46000000000004
 10
1091.25
 20
360.12
 10
1089.14
 20
361.96000000000004
 10
1086.93
 20
363.90999999999997
 10
1084.72
 20
365.88
 10
1082.59
 20
367.79999999999995
 10
1080.63
 20
369.6
 10
1077.19
 20
372.73
 10
1074.11
 20
375.4
 10
1071.39
 20
377.61
 10
1069.05
 20
379.34000000000003
 10
1067.1
 20
380.6
 10
1065.56
 20
381.36
 10
1064.45
 20
381.61
 10
1064.3
 20
381.52
 10
1064.44
 20
381.24
 10
1064.85
 20
380.79999999999995
 10
1065.51
 20
380.23
 10
1066.39
 20
379.53999999999996
 10
1067.45
 20
378.77
 10
1068.68
 20
377.91999999999996
 10
1070.19
 20
376.85
 10
1072.06
 20
375.4
 10
1074.18
 20
373.65
 10
1076.47
 20
371.70000000000005
 10
1078.85
 20
369.61
 10
1081.21
 20
367.45000000000005
 10
1083.47
 20
365.30999999999995
 10
1087.05
 20
361.92999999999995
 10
1090.33
 20
358.96000000000004
 10
1093.27
 20
356.45000000000005
 10
1095.8
 20
354.42999999999995
 10
1097.89
 20
352.95000000000005
 10
1099.48
 20
352.03999999999996
 10
1100.52
 20
351.74
 10
1100.52
 20
351.89
 10
1100.2
 20
352.28999999999996
 10
1099.58
 20
352.92999999999995
 10
1098.7
 20
353.75
 10
1097.6
 20
354.73
 10
1096.31
 20
355.85
 10
1094.86
 20
357.05999999999995
  0
LWPOLYLINE
  5
5B
330
17
100
AcDbEntity
  8
rockery
100
AcDbPolyline
 90
57
 70
1
 10
1673.86
 20
353.73
 10
1673.7
 20
354.39
 10
1673.65
 20
355.19000000000005
 10
1673.71
 20
356.09000000000003
 10
1673.87
 20
357.07000000000005
 10
1674.13
 20
358.05999999999995
 10
1674.47
 20
359.04999999999995
 10
1674.9
 20
359.99
 10
1675.45
 20
361.20000000000005
 10
1676.16
 20
362.95000000000005
 10
1676.99
 20
365.14
 10
1677.9
 20
367.66999999999996
 10
1678.86
 20
370.45000000000005
 10
1679.83
 20
373.37
 10
1680.77
 20
376.34000000000003
 10
1681.98
 20
380.37
 10
1682.9
 20
383.83000000000004
 10
1683.55
 20
386.89
 10
1683.95
 20
389.72
 10
1684.14
 20
392.5
 10
1684.14
 20
395.40999999999997
 10
1683.97
 20
398.62
 10
1683.36
 20
403.47
 10
1682.23
 20
408.45000000000005
 10
1680.6
 20
413.49
 10
1678.5
 20
418.53999999999996
 10
1675.94
 20
423.55999999999995
 10
1672.95
 20
428.48
 10
1669.55
 20
433.26
 10
1667.99
 20
435.34000000000003
 10
1666.84
 20
437.0
 10
1666.07
 20
438.30999999999995
 10
1665.67
 20
439.29999999999995
 10
1665.61
 20
440.02
 10
1665.87
 20
440.53
 10
1666.44
 20
440.88
 10
1668.06
 20
440.99
 10
1670.13
 20
440.39
 10
1672.51
 20
439.16999999999996
 10
1675.04
 20
437.44000000000005
 10
1677.57
 20
435.29999999999995
 10
1679.95
 20
432.85
 10
1682.03
 20
430.21000000000004
 10
1685.72
 20
423.99
 10
1688.52
 20
417.35
 10
1690.39
 20
410.38
 10
1691.34
 20
403.20000000000005
 10
1691.35
 20
395.9
 10
1690.4
 20
388.59000000000003
 10
1688.49
 20
381.37
 10
1686.27
 20
375.35
 10
1683.75
 20
369.35
 10
1681.13
 20
363.78999999999996
 10
1678.62
 20
359.04999999999995
 10
1676.44
 20
355.53
 10
1674.78
 20
353.62
 10
1673.86
 20
353.73
  0
LWPOLYLINE
  5
5C
330
17
100
AcDbEntity
  8
rockery
100
AcDbPolyline
 90
66
 70
1
 10
963.83
 20
361.16999999999996
 10
964.79
 20
363.02
 10
967.3
 20
365.86
 10
970.95
 20
369.34000000000003
 10
975.32
 20
373.09000000000003
 10
979.97
 20
376.75
 10
984.49
 20
379.95000000000005
 10
988.46
 20
382.34000000000003
 10
990.28
 20
383.30999999999995
 10
991.92
 20
384.23
 10
993.35
 20
385.05999999999995
 10
994.51
 20
385.78999999999996
 10
995.37
 20
386.37
 10
995.87
 20
386.78999999999996
 10
995.97
 20
387.01
 10
994.5
 20
386.91999999999996
 10
991.56
 20
385.66999999999996
 10
987.58
 20
383.53
 10
983.03
 20
380.77
 10
978.36
 20
377.66999999999996
 10
974.02
 20
374.51
 10
970.45
 20
371.54999999999995
 10
967.6
 20
368.98
 10
965.45
 20
367.14
 10
963.84
 20
365.97
 10
962.62
 20
365.39
 10
961.64
 20
365.33000000000004
 10
960.76
 20
365.72
 10
959.81
 20
366.48
 10
958.86
 20
367.17999999999995
 10
957.69
 20
367.72
 10
956.19
 20
368.11
 10
954.29
 20
368.38
 10
951.89
 20
368.53
 10
948.91
 20
368.57000000000005
 10
945.26
 20
368.52
 10
933.27
 20
368.23
 10
943.95
 20
367.78999999999996
 10
946.47
 20
367.64
 10
948.97
 20
367.41999999999996
 10
951.34
 20
367.13
 10
953.51
 20
366.79999999999995
 10
955.39
 20
366.42999999999995
 10
956.89
 20
366.03999999999996
 10
957.93
 20
365.64
 10
959.0
 20
365.03
 10
959.78
 20
364.41999999999996
 10
960.31
 20
363.73
 10
960.6
 20
362.90999999999997
 10
960.69
 20
361.87
 10
960.58
 20
360.54999999999995
 10
960.32
 20
358.89
 10
960.01
 20
357.13
 10
959.83
 20
355.90999999999997
 10
959.81
 20
355.19000000000005
 10
959.95
 20
354.94000000000005
 10
960.29
 20
355.13
 10
960.83
 20
355.72
 10
961.59
 20
356.70000000000005
 10
962.1
 20
357.39
 10
962.56
 20
358.11
 10
962.97
 20
358.83000000000004
 10
963.32
 20
359.53
 10
963.59
 20
360.16999999999996
 10
963.76
 20
360.72
 10
963.83
 20
361.16999999999996
  0
LWPOLYLINE
  5
5D
330
17
100
AcDbEntity
  8
rockery
100
AcDbPolyline
 90
43
 70
1
 10
1572.87
 20
361.0
 10
1574.07
 20
360.79999999999995
 10
1575.12
 20
360.66999999999996
 10
1576.0
 20
360.6
 10
1576.67
 20
360.6
 10
1577.12
 20
360.66999999999996
 10
1577.32
 20
360.79999999999995
 10
1577.23
 20
361.01
 10
1575.28
 20
361.76
 10
1571.07
 20
362.86
 10
1565.52
 20
364.11
 10
1559.54
 20
365.33000000000004
 10
1554.04
 20
366.33000000000004
 10
1549.93
 20
366.91999999999996
 10
1548.12
 20
366.92999999999995
 10
1548.22
 20
366.73
 10
1548.74
 20
366.42999999999995
 10
1549.66
 20
366.03999999999996
 10
1550.9
 20
365.57000000000005
 10
1552.43
 20
365.04999999999995
 10
1554.2
 20
364.5
 10
1556.15
 20
363.92999999999995
 10
1558.46
 20
363.25
 10
1560.35
 20
362.6
 10
1561.83
 20
361.99
 10
1562.9
 20
361.4
 10
1563.58
 20
360.85
 10
1563.86
 20
360.32000000000005
 10
1563.75
 20
359.82000000000005
 10
1563.56
 20
359.45000000000005
 10
1563.51
 20
359.22
 10
1563.59
 20
359.13
 10
1563.79
 20
359.15999999999997
 10
1564.12
 20
359.33000000000004
 10
1564.57
 20
359.63
 10
1565.12
 20
360.05999999999995
 10
1565.88
 20
360.57000000000005
 10
1566.74
 20
360.95000000000005
 10
1567.7
 20
361.21000000000004
 10
1568.79
 20
361.34000000000003
 10
1570.01
 20
361.35
 10
1571.37
 20
361.24
 10
1572.87
 20
361.0
  0
LWPOLYLINE
  5
5E
330
17
100
AcDbEntity
  8
rockery
100
AcDbPolyline
 90
105
 70
1
 10
988.13
 20
361.33000000000004
 10
988.48
 20
362.19000000000005
 10
989.39
 20
363.5
 10
990.69
 20
365.09000000000003
 10
992.25
 20
366.79999999999995
 10
993.91
 20
368.45000000000005
 10
995.5
 20
369.89
 10
996.89
 20
370.94000000000005
 10
997.6
 20
371.41999999999996
 10
998.62
 20
372.17999999999995
 10
999.91
 20
373.15999999999997
 10
1001.4
 20
374.32000000000005
 10
1003.04
 20
375.61
 10
1004.77
 20
376.99
 10
1006.53
 20
378.40999999999997
 10
1008.28
 20
379.78999999999996
 10
1010.0
 20
381.07000000000005
 10
1011.62
 20
382.19000000000005
 10
1013.08
 20
383.13
 10
1014.33
 20
383.84000000000003
 10
1015.32
 20
384.29999999999995
 10
1015.97
 20
384.46000000000004
 10
1016.43
 20
384.5
 10
1016.85
 20
384.6
 10
1017.23
 20
384.77
 10
1017.54
 20
384.99
 10
1017.78
 20
385.24
 10
1017.93
 20
385.53999999999996
 10
1017.98
 20
385.86
 10
1018.79
 20
387.1
 10
1021.0
 20
388.83000000000004
 10
1024.3
 20
390.87
 10
1028.37
 20
393.04999999999995
 10
1032.89
 20
395.19000000000005
 10
1037.53
 20
397.14
 10
1041.98
 20
398.71000000000004
 10
1045.95
 20
399.87
 10
1049.46
 20
400.75
 10
1052.37
 20
401.30999999999995
 10
1054.53
 20
401.55999999999995
 10
1055.8
 20
401.46000000000004
 10
1056.03
 20
401.02
 10
1055.07
 20
400.20000000000005
 10
1054.61
 20
399.82000000000005
 10
1054.48
 20
399.5
 10
1054.71
 20
399.22
 10
1055.3
 20
398.97
 10
1056.26
 20
398.77
 10
1057.6
 20
398.59000000000003
 10
1059.33
 20
398.44000000000005
 10
1065.65
 20
397.99
 10
1050.0
 20
390.28
 10
1046.33
 20
388.5
 10
1042.77
 20
386.85
 10
1039.45
 20
385.36
 10
1036.47
 20
384.09000000000003
 10
1033.95
 20
383.09000000000003
 10
1032.02
 20
382.4
 10
1030.8
 20
382.09000000000003
 10
1029.85
 20
381.95000000000005
 10
1028.72
 20
381.78
 10
1027.47
 20
381.58000000000004
 10
1026.15
 20
381.36
 10
1024.8
 20
381.12
 10
1023.49
 20
380.89
 10
1022.25
 20
380.65999999999997
 10
1021.08
 20
380.45000000000005
 10
1019.95
 20
380.27
 10
1018.88
 20
380.13
 10
1017.93
 20
380.02
 10
1017.12
 20
379.96000000000004
 10
1016.5
 20
379.95000000000005
 10
1016.1
 20
379.99
 10
1015.85
 20
380.01
 10
1015.67
 20
379.96000000000004
 10
1015.55
 20
379.85
 10
1015.51
 20
379.66999999999996
 10
1015.53
 20
379.45000000000005
 10
1015.62
 20
379.16999999999996
 10
1015.79
 20
378.86
 10
1015.86
 20
378.48
 10
1015.69
 20
378.02
 10
1015.3
 20
377.49
 10
1014.71
 20
376.91999999999996
 10
1013.94
 20
376.33000000000004
 10
1013.02
 20
375.74
 10
1011.98
 20
375.17999999999995
 10
1007.3
 20
372.9
 10
1010.86
 20
375.95000000000005
 10
1014.42
 20
379.0
 10
1009.67
 20
376.39
 10
1008.36
 20
375.62
 10
1006.72
 20
374.55999999999995
 10
1004.84
 20
373.27
 10
1002.8
 20
371.82000000000005
 10
1000.67
 20
370.26
 10
998.55
 20
368.64
 10
996.5
 20
367.03
 10
994.58
 20
365.51
 10
992.81
 20
364.16999999999996
 10
991.25
 20
363.03999999999996
 10
989.95
 20
362.15999999999997
 10
988.97
 20
361.54999999999995
 10
988.34
 20
361.27
 10
988.13
 20
361.33000000000004
  0
LWPOLYLINE
  5
5F
330
17
100
AcDbEntity
  8
rockery
100
AcDbPolyline
 90
57
 70
1
 10
1670.95
 20
361.4
 10
1670.82
 20
361.90999999999997
 10
1670.81
 20
362.76
 10
1670.92
 20
363.91999999999996
 10
1671.13
 20
365.30999999999995
 10
1671.44
 20
366.89
 10
1671.84
 20
368.61
 10
1672.32
 20
370.39
 10
1673.79
 20
375.64
 10
1674.77
 20
379.66999999999996
 10
1675.28
 20
382.79999999999995
 10
1675.3
 20
385.35
 10
1674.85
 20
387.64
 10
1673.93
 20
390.0
 10
1672.53
 20
392.74
 10
1671.57
 20
394.64
 10
1670.82
 20
396.32000000000005
 10
1670.27
 20
397.82000000000005
 10
1669.94
 20
399.15
 10
1669.8
 20
400.32000000000005
 10
1669.87
 20
401.35
 10
1670.12
 20
402.26
 10
1670.39
 20
403.16999999999996
 10
1670.64
 20
404.52
 10
1670.87
 20
406.22
 10
1671.06
 20
408.21000000000004
 10
1671.22
 20
410.39
 10
1671.33
 20
412.69000000000005
 10
1671.38
 20
415.03
 10
1671.43
 20
418.65999999999997
 10
1671.51
 20
421.22
 10
1671.69
 20
422.83000000000004
 10
1672.0
 20
423.6
 10
1672.49
 20
423.66999999999996
 10
1673.21
 20
423.15
 10
1674.21
 20
422.15
 10
1675.74
 20
419.91999999999996
 10
1677.38
 20
416.44000000000005
 10
1679.02
 20
412.12
 10
1680.51
 20
407.36
 10
1681.73
 20
402.59000000000003
 10
1682.56
 20
398.21000000000004
 10
1682.86
 20
394.63
 10
1682.38
 20
391.48
 10
1681.12
 20
386.33000000000004
 10
1679.34
 20
380.04999999999995
 10
1677.32
 20
373.49
 10
1675.31
 20
367.5
 10
1673.58
 20
362.95000000000005
 10
1672.39
 20
360.69000000000005
 10
1672.23
 20
360.59000000000003
 10
1672.03
 20
360.54999999999995
 10
1671.82
 20
360.6
 10
1671.6
 20
360.71000000000004
 10
1671.37
 20
360.88
 10
1671.15
 20
361.11
 10
1670.95
 20
361.4
  0
LWPOLYLINE
  5
60
330
17
100
AcDbEntity
  8
rockery
100
AcDbPolyline
 90
75
 70
1
 10
513.38
 20
373.64
 10
513.06
 20
374.88
 10
512.56
 20
376.28999999999996
 10
511.9
 20
377.80999999999995
 10
511.11
 20
379.38
 10
510.23
 20
380.91999999999996
 10
509.28
 20
382.39
 10
508.3
 20
383.72
 10
504.13
 20
388.97
 10
507.78
 20
394.5
 10
510.71
 20
398.41999999999996
 10
513.87
 20
401.76
 10
517.09
 20
404.40999999999997
 10
520.21
 20
406.29999999999995
 10
523.09
 20
407.32000000000005
 10
525.56
 20
407.37
 10
527.46
 20
406.37
 10
528.41
 20
405.23
 10
529.08
 20
404.03
 10
529.48
 20
402.85
 10
529.58
 20
401.78999999999996
 10
529.39
 20
400.91999999999996
 10
528.89
 20
400.34000000000003
 10
528.08
 20
400.12
 10
526.95
 20
399.86
 10
525.51
 20
399.12
 10
523.82
 20
397.94000000000005
 10
521.95
 20
396.39
 10
519.96
 20
394.52
 10
517.92
 20
392.38
 10
515.89
 20
390.03
 10
514.56
 20
388.4
 10
513.74
 20
387.33000000000004
 10
513.46
 20
386.85
 10
513.75
 20
386.97
 10
514.65
 20
387.70000000000005
 10
516.2
 20
389.05999999999995
 10
518.43
 20
391.05999999999995
 10
520.0
 20
392.45000000000005
 10
521.6
 20
393.80999999999995
 10
523.17
 20
395.1
 10
524.65
 20
396.26
 10
525.98
 20
397.26
 10
527.11
 20
398.04999999999995
 10
527.98
 20
398.57000000000005
 10
529.04
 20
399.09000000000003
 10
529.86
 20
399.32000000000005
 10
530.51
 20
399.17999999999995
 10
531.05
 20
398.62
 10
531.54
 20
397.57000000000005
 10
532.04
 20
395.96000000000004
 10
532.63
 20
393.73
 10
533.03
 20
392.23
 10
533.47
 20
390.80999999999995
 10
533.92
 20
389.52
 10
534.37
 20
388.4
 10
534.79
 20
387.49
 10
535.18
 20
386.84000000000003
 10
535.51
 20
386.49
 10
536.33
 20
385.83000000000004
 10
536.71
 20
385.16999999999996
 10
536.67
 20
384.51
 10
536.22
 20
383.88
 10
535.36
 20
383.29999999999995
 10
534.13
 20
382.77
 10
532.52
 20
382.33000000000004
 10
531.37
 20
381.95000000000005
 10
529.95
 20
381.28
 10
528.33
 20
380.37
 10
526.59
 20
379.25
 10
524.79
 20
377.97
 10
523.0
 20
376.57000000000005
 10
521.29
 20
375.11
 10
514.29
 20
368.82000000000005
 10
513.38
 20
373.64
  0
LWPOLYLINE
  5
61
330
17
100
AcDbEntity
  8
rockery
100
AcDbPolyline
 90
106
 70
1
 10
1660.09
 20
379.84000000000003
 10
1659.91
 20
380.16999999999996
 10
1659.4
 20
380.65
 10
1658.6
 20
381.26
 10
1657.55
 20
381.95000000000005
 10
1656.3
 20
382.71000000000004
 10
1654.88
 20
383.51
 10
1653.33
 20
384.30999999999995
 10
1651.63
 20
385.26
 10
1649.77
 20
386.46000000000004
 10
1647.83
 20
387.85
 10
1645.87
 20
389.37
 10
1643.99
 20
390.95000000000005
 10
1642.26
 20
392.54999999999995
 10
1640.75
 20
394.1
 10
1638.75
 20
396.23
 10
1637.05
 20
397.85
 10
1635.5
 20
399.03
 10
1633.97
 20
399.86
 10
1632.29
 20
400.4
 10
1630.33
 20
400.75
 10
1627.94
 20
400.97
 10
1623.5
 20
401.34000000000003
 10
1619.47
 20
401.79999999999995
 10
1615.79
 20
402.35
 10
1612.39
 20
403.02
 10
1609.19
 20
403.80999999999995
 10
1606.13
 20
404.74
 10
1603.14
 20
405.82000000000005
 10
1601.24
 20
406.5
 10
1598.66
 20
407.32000000000005
 10
1595.53
 20
408.24
 10
1592.0
 20
409.23
 10
1588.2
 20
410.25
 10
1584.27
 20
411.26
 10
1580.36
 20
412.22
 10
1572.84
 20
414.21000000000004
 10
1562.12
 20
417.30999999999995
 10
1549.41
 20
421.14
 10
1535.91
 20
425.32000000000005
 10
1522.84
 20
429.49
 10
1511.39
 20
433.27
 10
1502.77
 20
436.28999999999996
 10
1502.12
 20
436.51
 10
1501.72
 20
436.59000000000003
 10
1501.58
 20
436.54999999999995
 10
1501.68
 20
436.38
 10
1502.03
 20
436.09000000000003
 10
1502.63
 20
435.66999999999996
 10
1503.48
 20
435.13
 10
1504.76
 20
434.48
 10
1506.82
 20
433.58000000000004
 10
1509.54
 20
432.49
 10
1512.8
 20
431.26
 10
1516.46
 20
429.92999999999995
 10
1520.39
 20
428.55999999999995
 10
1524.47
 20
427.19000000000005
 10
1528.64
 20
425.79999999999995
 10
1532.85
 20
424.38
 10
1536.95
 20
422.97
 10
1540.77
 20
421.64
 10
1544.19
 20
420.42999999999995
 10
1547.03
 20
419.4
 10
1549.15
 20
418.59000000000003
 10
1551.24
 20
417.82000000000005
 10
1554.02
 20
416.89
 10
1557.32
 20
415.85
 10
1561.02
 20
414.74
 10
1564.95
 20
413.59000000000003
 10
1568.97
 20
412.47
 10
1572.94
 20
411.4
 10
1581.37
 20
409.09000000000003
 10
1589.96
 20
406.54999999999995
 10
1598.33
 20
403.89
 10
1606.09
 20
401.26
 10
1612.83
 20
398.78999999999996
 10
1618.18
 20
396.61
 10
1621.74
 20
394.86
 10
1623.52
 20
393.95000000000005
 10
1625.01
 20
393.45000000000005
 10
1626.16
 20
393.33000000000004
 10
1626.9
 20
393.59000000000003
 10
1627.18
 20
394.19000000000005
 10
1626.93
 20
395.12
 10
1626.09
 20
396.36
 10
1625.62
 20
396.98
 10
1625.33
 20
397.49
 10
1625.21
 20
397.92999999999995
 10
1625.28
 20
398.29999999999995
 10
1625.53
 20
398.63
 10
1625.97
 20
398.91999999999996
 10
1626.6
 20
399.20000000000005
 10
1627.96
 20
399.58000000000004
 10
1629.27
 20
399.59000000000003
 10
1630.6
 20
399.16999999999996
 10
1632.04
 20
398.28
 10
1633.67
 20
396.86
 10
1635.58
 20
394.86
 10
1637.85
 20
392.22
 10
1641.14
 20
388.86
 10
1645.11
 20
385.63
 10
1649.34
 20
382.76
 10
1653.39
 20
380.5
 10
1656.82
 20
379.1
 10
1659.2
 20
378.79999999999995
 10
1660.09
 20
379.84000000000003
  0
LWPOLYLINE
  5
62
330
17
100
AcDbEntity
  8
rockery
100
AcDbPolyline
 90
22
 70
1
 10
1035.6
 20
390.99
 10
1039.39
 20
392.83000000000004
 10
1042.86
 20
394.53999999999996
 10
1045.94
 20
396.07000000000005
 10
1048.5
 20
397.38
 10
1050.46
 20
398.40999999999997
 10
1051.71
 20
399.12
 10
1052.15
 20
399.44000000000005
 10
1051.63
 20
399.67999999999995
 10
1050.16
 20
399.4
 10
1047.86
 20
398.64
 10
1044.86
 20
397.45000000000005
 10
1041.29
 20
395.89
 10
1037.27
 20
394.0
 10
1032.93
 20
391.84000000000003
 10
1024.84
 20
387.61
 10
1019.66
 20
384.73
 10
1017.33
 20
383.21000000000004
 10
1017.81
 20
383.05999999999995
 10
1021.04
 20
384.28999999999996
 10
1026.99
 20
386.94000000000005
 10
1035.6
 20
390.99
  0
LWPOLYLINE
  5
63
330
17
100
AcDbEntity
  8
rockery
100
AcDbPolyline
 90
59
 70
1
 10
1286.55
 20
402.65999999999997
 10
1286.56
 20
403.36
 10
1287.24
 20
404.19000000000005
 10
1288.42
 20
405.05999999999995
 10
1289.95
 20
405.88
 10
1291.66
 20
406.58000000000004
 10
1293.41
 20
407.05999999999995
 10
1295.02
 20
407.24
 10
1295.65
 20
407.30999999999995
 10
1296.5
 20
407.51
 10
1297.52
 20
407.82000000000005
 10
1298.66
 20
408.23
 10
1299.9
 20
408.73
 10
1301.17
 20
409.28
 10
1302.43
 20
409.89
 10
1303.75
 20
410.52
 10
1305.19
 20
411.14
 10
1306.67
 20
411.75
 10
1308.15
 20
412.30999999999995
 10
1309.57
 20
412.79999999999995
 10
1310.87
 20
413.20000000000005
 10
1311.99
 20
413.48
 10
1316.26
 20
414.42999999999995
 10
1312.74
 20
411.65999999999997
 10
1311.91
 20
411.03999999999996
 10
1311.09
 20
410.51
 10
1310.32
 20
410.07000000000005
 10
1309.61
 20
409.73
 10
1309.01
 20
409.52
 10
1308.53
 20
409.44000000000005
 10
1308.21
 20
409.51
 10
1307.95
 20
409.62
 10
1307.68
 20
409.64
 10
1307.39
 20
409.59000000000003
 10
1307.09
 20
409.47
 10
1306.81
 20
409.28
 10
1306.55
 20
409.03
 10
1306.33
 20
408.73
 10
1305.95
 20
408.35
 10
1305.26
 20
407.9
 10
1304.31
 20
407.4
 10
1303.13
 20
406.86
 10
1301.78
 20
406.32000000000005
 10
1300.31
 20
405.78
 10
1298.75
 20
405.28
 10
1297.16
 20
404.78999999999996
 10
1295.57
 20
404.28999999999996
 10
1294.05
 20
403.79999999999995
 10
1292.65
 20
403.34000000000003
 10
1291.42
 20
402.91999999999996
 10
1290.42
 20
402.57000000000005
 10
1289.71
 20
402.29999999999995
 10
1289.15
 20
402.12
 10
1288.59
 20
402.02
 10
1288.06
 20
402.0
 10
1287.57
 20
402.04999999999995
 10
1287.14
 20
402.19000000000005
 10
1286.79
 20
402.39
 10
1286.55
 20
402.65999999999997
  0
LWPOLYLINE
  5
64
330
17
100
AcDbEntity
  8
rockery
100
AcDbPolyline
 90
89
 70
1
 10
1661.98
 20
404.52
 10
1657.81
 20
406.67999999999995
 10
1651.68
 20
409.19000000000005
 10
1643.94
 20
411.92999999999995
 10
1634.91
 20
414.80999999999995
 10
1624.93
 20
417.71000000000004
 10
1614.33
 20
420.53999999999996
 10
1603.44
 20
423.17999999999995
 10
1597.33
 20
424.58000000000004
 10
1598.2
 20
433.35
 10
1598.8
 20
438.74
 10
1599.47
 20
443.27
 10
1600.24
 20
447.05999999999995
 10
1601.13
 20
450.20000000000005
 10
1602.18
 20
452.82000000000005
 10
1603.42
 20
455.0
 10
1604.88
 20
456.87
 10
1607.15
 20
459.45000000000005
 10
1608.96
 20
461.65
 10
1610.4
 20
463.65
 10
1611.57
 20
465.63
 10
1612.59
 20
467.75
 10
1613.55
 20
470.20000000000005
 10
1614.56
 20
473.14
 10
1617.0
 20
480.55999999999995
 10
1619.37
 20
474.95000000000005
 10
1620.06
 20
473.21000000000004
 10
1620.55
 20
471.66999999999996
 10
1620.85
 20
470.28
 10
1620.97
 20
468.99
 10
1620.91
 20
467.74
 10
1620.67
 20
466.47
 10
1620.27
 20
465.13
 10
1619.94
 20
464.01
 10
1619.63
 20
462.67999999999995
 10
1619.37
 20
461.21000000000004
 10
1619.15
 20
459.65
 10
1618.98
 20
458.07000000000005
 10
1618.88
 20
456.53
 10
1618.85
 20
455.08000000000004
 10
1618.88
 20
453.01
 10
1618.94
 20
451.57000000000005
 10
1619.07
 20
450.74
 10
1619.28
 20
450.46000000000004
 10
1619.62
 20
450.71000000000004
 10
1620.11
 20
451.45000000000005
 10
1620.79
 20
452.64
 10
1621.3
 20
453.49
 10
1621.78
 20
454.15
 10
1622.24
 20
454.6
 10
1622.65
 20
454.86
 10
1623.03
 20
454.90999999999997
 10
1623.38
 20
454.75
 10
1623.68
 20
454.4
 10
1624.78
 20
453.24
 10
1626.64
 20
451.94000000000005
 10
1629.07
 20
450.6
 10
1631.89
 20
449.28999999999996
 10
1634.91
 20
448.11
 10
1637.93
 20
447.14
 10
1640.78
 20
446.47
 10
1644.7
 20
445.48
 10
1648.92
 20
443.92999999999995
 10
1653.21
 20
441.94000000000005
 10
1657.35
 20
439.65
 10
1661.11
 20
437.17999999999995
 10
1664.25
 20
434.65999999999997
 10
1666.56
 20
432.21000000000004
 10
1667.88
 20
430.4
 10
1668.83
 20
428.78999999999996
 10
1669.48
 20
427.15
 10
1669.86
 20
425.26
 10
1670.02
 20
422.9
 10
1670.0
 20
419.84000000000003
 10
1669.85
 20
415.87
 10
1669.69
 20
413.24
 10
1669.48
 20
410.74
 10
1669.21
 20
408.47
 10
1668.91
 20
406.49
 10
1668.58
 20
404.88
 10
1668.25
 20
403.72
 10
1667.91
 20
403.1
 10
1667.44
 20
402.78
 10
1666.84
 20
402.63
 10
1666.12
 20
402.65999999999997
 10
1665.27
 20
402.86
 10
1664.3
 20
403.24
 10
1663.2
 20
403.79999999999995
 10
1661.98
 20
404.52
  0
LWPOLYLINE
  5
65
330
17
100
AcDbEntity
  8
rockery
100
AcDbPolyline
 90
38
 70
1
 10
1267.24
 20
410.66999999999996
 10
1265.62
 20
413.85
 10
1264.93
 20
418.22
 10
1265.13
 20
423.59000000000003
 10
1266.21
 20
429.78
 10
1268.11
 20
436.61
 10
1270.82
 20
443.9
 10
1274.3
 20
451.46000000000004
 10
1276.16
 20
454.84000000000003
 10
1278.06
 20
457.65999999999997
 10
1280.07
 20
459.99
 10
1282.24
 20
461.86
 10
1284.61
 20
463.30999999999995
 10
1287.25
 20
464.4
 10
1290.19
 20
465.16999999999996
 10
1294.73
 20
466.08000000000004
 10
1291.1
 20
459.79999999999995
 10
1288.79
 20
455.51
 10
1286.7
 20
450.95000000000005
 10
1284.81
 20
446.12
 10
1283.12
 20
441.02
 10
1281.63
 20
435.63
 10
1280.35
 20
429.96000000000004
 10
1279.26
 20
424.01
 10
1278.73
 20
421.0
 10
1278.16
 20
418.17999999999995
 10
1277.55
 20
415.63
 10
1276.94
 20
413.44000000000005
 10
1276.36
 20
411.69000000000005
 10
1275.82
 20
410.46000000000004
 10
1275.35
 20
409.86
 10
1274.13
 20
409.23
 10
1272.86
 20
408.86
 10
1271.58
 20
408.74
 10
1270.34
 20
408.86
 10
1269.17
 20
409.23
 10
1268.13
 20
409.84000000000003
 10
1267.24
 20
410.66999999999996
  0
LWPOLYLINE
  5
66
330
17
100
AcDbEntity
  8
rockery
100
AcDbPolyline
 90
99
 70
1
 10
1279.95
 20
413.71000000000004
 10
1280.19
 20
416.86
 10
1280.85
 20
421.22
 10
1281.84
 20
426.37
 10
1283.06
 20
431.88
 10
1284.42
 20
437.33000000000004
 10
1285.83
 20
442.32000000000005
 10
1287.2
 20
446.40999999999997
 10
1289.16
 20
451.15999999999997
 10
1291.32
 20
455.49
 10
1293.61
 20
459.30999999999995
 10
1295.96
 20
462.53
 10
1298.32
 20
465.08000000000004
 10
1300.62
 20
466.85
 10
1302.79
 20
467.76
 10
1303.78
 20
468.02
 10
1304.74
 20
468.35
 10
1305.65
 20
468.74
 10
1306.47
 20
469.15999999999997
 10
1307.16
 20
469.61
 10
1307.7
 20
470.05999999999995
 10
1308.06
 20
470.5
 10
1308.4
 20
470.94000000000005
 10
1308.9
 20
471.37
 10
1309.52
 20
471.79999999999995
 10
1310.24
 20
472.19000000000005
 10
1311.03
 20
472.54999999999995
 10
1311.86
 20
472.84000000000003
 10
1312.7
 20
473.04999999999995
 10
1313.58
 20
473.25
 10
1314.54
 20
473.5
 10
1315.53
 20
473.77
 10
1316.51
 20
474.05999999999995
 10
1317.45
 20
474.36
 10
1318.3
 20
474.65999999999997
 10
1319.03
 20
474.95000000000005
 10
1319.99
 20
475.33000000000004
 10
1320.63
 20
475.51
 10
1320.93
 20
475.45000000000005
 10
1320.9
 20
475.09000000000003
 10
1320.52
 20
474.39
 10
1319.81
 20
473.30999999999995
 10
1318.74
 20
471.79999999999995
 10
1316.15
 20
466.99
 10
1313.37
 20
459.90999999999997
 10
1310.62
 20
451.35
 10
1308.11
 20
442.09000000000003
 10
1306.05
 20
432.90999999999997
 10
1304.67
 20
424.61
 10
1304.15
 20
417.96000000000004
 10
1304.07
 20
417.0
 10
1303.8
 20
416.16999999999996
 10
1303.32
 20
415.45000000000005
 10
1302.59
 20
414.82000000000005
 10
1301.59
 20
414.24
 10
1300.29
 20
413.70000000000005
 10
1298.65
 20
413.15999999999997
 10
1295.88
 20
412.34000000000003
 10
1293.92
 20
411.86
 10
1292.62
 20
411.79999999999995
 10
1291.85
 20
412.24
 10
1291.48
 20
413.26
 10
1291.35
 20
414.94000000000005
 10
1291.34
 20
417.36
 10
1291.89
 20
423.4
 10
1293.42
 20
430.57000000000005
 10
1295.72
 20
438.35
 10
1298.62
 20
446.21000000000004
 10
1301.91
 20
453.64
 10
1305.4
 20
460.12
 10
1308.91
 20
465.11
 10
1310.52
 20
467.07000000000005
 10
1311.66
 20
468.59000000000003
 10
1312.34
 20
469.70000000000005
 10
1312.56
 20
470.41999999999996
 10
1312.33
 20
470.76
 10
1311.65
 20
470.74
 10
1310.54
 20
470.39
 10
1307.81
 20
468.02
 10
1304.5
 20
463.12
 10
1300.89
 20
456.29999999999995
 10
1297.26
 20
448.20000000000005
 10
1293.89
 20
439.42999999999995
 10
1291.06
 20
430.6
 10
1289.03
 20
422.34000000000003
 10
1288.18
 20
418.13
 10
1287.46
 20
415.01
 10
1286.81
 20
412.80999999999995
 10
1286.14
 20
411.38
 10
1285.38
 20
410.55999999999995
 10
1284.45
 20
410.17999999999995
 10
1283.29
 20
410.09000000000003
 10
1282.28
 20
410.14
 10
1281.48
 20
410.30999999999995
 10
1280.87
 20
410.62
 10
1280.44
 20
411.09000000000003
 10
1280.15
 20
411.75
 10
1280.0
 20
412.61
 10
1279.95
 20
413.71000000000004
  0
LWPOLYLINE
  5
67
330
17
100
AcDbEntity
  8
rockery
100
AcDbPolyline
 90
38
 70
1
 10
1307.0
 20
419.27
 10
1307.32
 20
422.96000000000004
 10
1308.16
 20
428.46000000000004
 10
1309.39
 20
435.08000000000004
 10
1310.86
 20
442.09000000000003
 10
1312.41
 20
448.80999999999995
 10
1313.91
 20
454.51
 10
1315.2
 20
458.5
 10
1316.89
 20
462.44000000000005
 10
1318.72
 20
466.0
 10
1320.71
 20
469.17999999999995
 10
1322.88
 20
472.02
 10
1325.24
 20
474.53
 10
1327.8
 20
476.74
 10
1330.6
 20
478.67999999999995
 10
1336.75
 20
482.5
 10
1332.03
 20
475.84000000000003
 10
1328.45
 20
470.07000000000005
 10
1325.23
 20
463.5
 10
1322.45
 20
456.33000000000004
 10
1320.17
 20
448.78999999999996
 10
1318.45
 20
441.1
 10
1317.36
 20
433.48
 10
1316.98
 20
426.14
 10
1316.93
 20
424.15
 10
1316.78
 20
422.57000000000005
 10
1316.46
 20
421.32000000000005
 10
1315.95
 20
420.33000000000004
 10
1315.19
 20
419.49
 10
1314.15
 20
418.73
 10
1312.77
 20
417.96000000000004
 10
1310.72
 20
416.91999999999996
 10
1309.22
 20
416.26
 10
1308.19
 20
415.99
 10
1307.54
 20
416.14
 10
1307.18
 20
416.72
 10
1307.03
 20
417.76
 10
1307.0
 20
419.27
  0
LWPOLYLINE
  5
68
330
17
100
AcDbEntity
  8
rockery
100
AcDbPolyline
 90
31
 70
1
 10
1319.82
 20
430.0
 10
1320.58
 20
440.14
 10
1322.73
 20
450.26
 10
1326.09
 20
459.98
 10
1330.45
 20
468.9
 10
1335.63
 20
476.61
 10
1341.42
 20
482.73
 10
1347.63
 20
486.85
 10
1350.78
 20
488.29999999999995
 10
1352.97
 20
489.21000000000004
 10
1354.27
 20
489.53999999999996
 10
1354.74
 20
489.27
 10
1354.42
 20
488.36
 10
1353.38
 20
486.77
 10
1351.66
 20
484.48
 10
1346.13
 20
477.01
 10
1341.6
 20
470.24
 10
1337.9
 20
463.86
 10
1334.88
 20
457.54999999999995
 10
1332.4
 20
451.0
 10
1330.31
 20
443.88
 10
1328.44
 20
435.88
 10
1327.75
 20
432.80999999999995
 10
1327.06
 20
430.25
 10
1326.36
 20
428.14
 10
1325.63
 20
426.42999999999995
 10
1324.85
 20
425.08000000000004
 10
1323.98
 20
424.03999999999996
 10
1323.02
 20
423.25
 10
1319.82
 20
421.13
 10
1319.82
 20
430.0
  0
LWPOLYLINE
  5
69
330
17
100
AcDbEntity
  8
rockery
100
AcDbPolyline
 90
57
 70
1
 10
1154.04
 20
432.99
 10
1155.21
 20
434.12
 10
1156.71
 20
435.42999999999995
 10
1158.45
 20
436.84000000000003
 10
1160.37
 20
438.30999999999995
 10
1162.39
 20
439.77
 10
1164.43
 20
441.16999999999996
 10
1166.41
 20
442.44000000000005
 10
1169.47
 20
444.39
 10
1171.92
 20
446.03999999999996
 10
1173.66
 20
447.30999999999995
 10
1174.61
 20
448.13
 10
1174.68
 20
448.42999999999995
 10
1173.79
 20
448.13
 10
1171.84
 20
447.15999999999997
 10
1170.21
 20
446.34000000000003
 10
1169.02
 20
445.88
 10
1168.27
 20
445.77
 10
1167.97
 20
446.01
 10
1168.12
 20
446.6
 10
1168.71
 20
447.53999999999996
 10
1169.75
 20
448.84000000000003
 10
1170.18
 20
449.4
 10
1170.23
 20
449.61
 10
1169.9
 20
449.49
 10
1169.25
 20
449.03999999999996
 10
1168.27
 20
448.29999999999995
 10
1167.01
 20
447.28
 10
1165.49
 20
445.99
 10
1162.75
 20
443.71000000000004
 10
1160.45
 20
441.95000000000005
 10
1158.63
 20
440.75
 10
1157.33
 20
440.11
 10
1156.57
 20
440.05999999999995
 10
1156.4
 20
440.6
 10
1156.84
 20
441.77
 10
1156.9
 20
442.01
 10
1156.66
 20
441.94000000000005
 10
1156.14
 20
441.55999999999995
 10
1155.38
 20
440.9
 10
1154.41
 20
440.0
 10
1153.25
 20
438.87
 10
1151.95
 20
437.54999999999995
 10
1150.61
 20
436.14
 10
1149.39
 20
434.77
 10
1148.31
 20
433.48
 10
1147.4
 20
432.32000000000005
 10
1146.71
 20
431.34000000000003
 10
1146.27
 20
430.57000000000005
 10
1146.12
 20
430.08000000000004
 10
1146.34
 20
429.12
 10
1146.96
 20
428.65
 10
1147.93
 20
428.65999999999997
 10
1149.18
 20
429.12
 10
1150.65
 20
430.01
 10
1152.29
 20
431.29999999999995
 10
1154.04
 20
432.99
  0
LWPOLYLINE
  5
6A
330
17
100
AcDbEntity
  8
rockery
100
AcDbPolyline
 90
43
 70
1
 10
1330.78
 20
435.36
 10
1331.26
 20
439.40999999999997
 10
1332.02
 20
443.41999999999996
 10
1333.08
 20
447.44000000000005
 10
1334.45
 20
451.5
 10
1336.14
 20
455.64
 10
1338.17
 20
459.90999999999997
 10
1340.54
 20
464.34000000000003
 10
1344.69
 20
471.21000000000004
 10
1348.91
 20
477.28
 10
1353.1
 20
482.47
 10
1357.19
 20
486.69000000000005
 10
1361.09
 20
489.84000000000003
 10
1364.7
 20
491.84000000000003
 10
1367.94
 20
492.6
 10
1368.19
 20
492.37
 10
1368.07
 20
491.67999999999995
 10
1367.63
 20
490.59000000000003
 10
1366.89
 20
489.15999999999997
 10
1365.88
 20
487.44000000000005
 10
1364.62
 20
485.49
 10
1363.15
 20
483.37
 10
1361.41
 20
480.74
 10
1359.38
 20
477.38
 10
1357.14
 20
473.42999999999995
 10
1354.8
 20
469.09000000000003
 10
1352.44
 20
464.51
 10
1350.16
 20
459.87
 10
1348.05
 20
455.35
 10
1344.47
 20
447.57000000000005
 10
1341.43
 20
441.29999999999995
 10
1338.87
 20
436.42999999999995
 10
1336.72
 20
432.83000000000004
 10
1334.91
 20
430.4
 10
1333.37
 20
429.03
 10
1332.04
 20
428.6
 10
1331.53
 20
428.72
 10
1331.14
 20
429.09000000000003
 10
1330.86
 20
429.73
 10
1330.69
 20
430.65999999999997
 10
1330.62
 20
431.9
 10
1330.65
 20
433.46000000000004
 10
1330.78
 20
435.36
  0
LWPOLYLINE
  5
6B
330
17
100
AcDbEntity
  8
rockery
100
AcDbPolyline
 90
73
 70
1
 10
1341.9
 20
438.21000000000004
 10
1342.89
 20
440.19000000000005
 10
1344.2
 20
442.84000000000003
 10
1345.74
 20
446.03999999999996
 10
1347.47
 20
449.63
 10
1349.3
 20
453.47
 10
1351.17
 20
457.41999999999996
 10
1353.02
 20
461.34000000000003
 10
1356.29
 20
467.88
 10
1359.96
 20
474.48
 10
1363.73
 20
480.71000000000004
 10
1367.32
 20
486.15
 10
1370.45
 20
490.35
 10
1372.83
 20
492.9
 10
1374.18
 20
493.35
 10
1374.52
 20
493.23
 10
1375.2
 20
493.17999999999995
 10
1376.15
 20
493.21000000000004
 10
1377.35
 20
493.30999999999995
 10
1378.73
 20
493.47
 10
1380.25
 20
493.69000000000005
 10
1381.87
 20
493.97
 10
1383.48
 20
494.26
 10
1384.98
 20
494.5
 10
1386.33
 20
494.70000000000005
 10
1387.47
 20
494.84000000000003
 10
1388.38
 20
494.91999999999996
 10
1388.99
 20
494.94000000000005
 10
1389.27
 20
494.88
 10
1389.19
 20
494.46000000000004
 10
1388.78
 20
493.44000000000005
 10
1388.09
 20
491.90999999999997
 10
1387.16
 20
489.94000000000005
 10
1386.01
 20
487.6
 10
1384.68
 20
484.98
 10
1383.22
 20
482.15
 10
1381.21
 20
478.22
 10
1379.65
 20
474.90999999999997
 10
1378.48
 20
472.07000000000005
 10
1377.65
 20
469.53999999999996
 10
1377.12
 20
467.19000000000005
 10
1376.84
 20
464.85
 10
1376.75
 20
462.38
 10
1376.67
 20
458.04999999999995
 10
1376.37
 20
454.74
 10
1375.73
 20
452.23
 10
1374.62
 20
450.28999999999996
 10
1372.91
 20
448.70000000000005
 10
1370.47
 20
447.24
 10
1367.17
 20
445.67999999999995
 10
1362.98
 20
443.82000000000005
 10
1360.03
 20
442.57000000000005
 10
1358.21
 20
441.9
 10
1357.39
 20
441.79999999999995
 10
1357.42
 20
442.25
 10
1358.2
 20
443.25
 10
1359.57
 20
444.78
 10
1361.36
 20
446.80999999999995
 10
1362.21
 20
448.01
 10
1362.15
 20
448.38
 10
1361.24
 20
447.95000000000005
 10
1359.51
 20
446.73
 10
1357.0
 20
444.74
 10
1353.75
 20
442.01
 10
1351.91
 20
440.46000000000004
 10
1350.02
 20
438.94000000000005
 10
1348.16
 20
437.49
 10
1346.38
 20
436.15999999999997
 10
1344.77
 20
435.02
 10
1343.39
 20
434.1
 10
1342.31
 20
433.46000000000004
 10
1338.46
 20
431.44000000000005
 10
1341.9
 20
438.21000000000004
  0
LWPOLYLINE
  5
6C
330
17
100
AcDbEntity
  8
rockery
100
AcDbPolyline
 90
38
 70
1
 10
1837.35
 20
459.52
 10
1835.7
 20
463.59000000000003
 10
1833.74
 20
467.87
 10
1831.56
 20
472.23
 10
1829.22
 20
476.51
 10
1826.83
 20
480.54999999999995
 10
1824.45
 20
484.21000000000004
 10
1822.18
 20
487.33000000000004
 10
1817.99
 20
492.66999999999996
 10
1826.6
 20
492.88
 10
1828.62
 20
492.92999999999995
 10
1830.56
 20
492.99
 10
1832.36
 20
493.03999999999996
 10
1833.96
 20
493.1
 10
1835.3
 20
493.15
 10
1836.31
 20
493.20000000000005
 10
1836.94
 20
493.24
 10
1838.32
 20
492.39
 10
1839.7
 20
489.89
 10
1840.98
 20
486.07000000000005
 10
1842.08
 20
481.32000000000005
 10
1842.91
 20
475.98
 10
1843.4
 20
470.42999999999995
 10
1843.45
 20
465.02
 10
1843.32
 20
462.29999999999995
 10
1843.12
 20
459.85
 10
1842.86
 20
457.70000000000005
 10
1842.56
 20
455.91999999999996
 10
1842.23
 20
454.53999999999996
 10
1841.86
 20
453.63
 10
1841.48
 20
453.22
 10
1841.05
 20
453.28999999999996
 10
1840.53
 20
453.69000000000005
 10
1839.93
 20
454.4
 10
1839.29
 20
455.38
 10
1838.63
 20
456.58000000000004
 10
1837.98
 20
457.97
 10
1837.35
 20
459.52
  0
LWPOLYLINE
  5
6D
330
17
100
AcDbEntity
  8
rockery
100
AcDbPolyline
 90
38
 70
1
 10
1819.17
 20
460.02
 10
1810.63
 20
463.45000000000005
 10
1803.84
 20
466.84000000000003
 10
1798.45
 20
470.5
 10
1794.16
 20
474.76
 10
1790.64
 20
479.95000000000005
 10
1787.55
 20
486.37
 10
1784.58
 20
494.36
 10
1781.28
 20
504.05999999999995
 10
1784.61
 20
504.05999999999995
 10
1787.57
 20
503.73
 10
1791.52
 20
502.84000000000003
 10
1796.08
 20
501.52
 10
1800.84
 20
499.9
 10
1805.44
 20
498.11
 10
1809.46
 20
496.28999999999996
 10
1812.54
 20
494.55999999999995
 10
1813.86
 20
493.61
 10
1815.26
 20
492.47
 10
1816.68
 20
491.20000000000005
 10
1818.07
 20
489.84000000000003
 10
1819.37
 20
488.45000000000005
 10
1820.54
 20
487.08000000000004
 10
1821.5
 20
485.78999999999996
 10
1823.43
 20
482.63
 10
1825.84
 20
478.15999999999997
 10
1828.45
 20
472.96000000000004
 10
1830.98
 20
467.65
 10
1833.14
 20
462.82000000000005
 10
1834.65
 20
459.07000000000005
 10
1835.21
 20
456.99
 10
1834.94
 20
456.24
 10
1834.09
 20
455.87
 10
1832.6
 20
455.88
 10
1830.42
 20
456.29999999999995
 10
1827.49
 20
457.12
 10
1823.76
 20
458.36
 10
1819.17
 20
460.02
  0
LWPOLYLINE
  5
6E
330
17
100
AcDbEntity
  8
rockery
100
AcDbPolyline
 90
36
 70
1
 10
1254.32
 20
466.95000000000005
 10
1251.13
 20
467.96000000000004
 10
1245.54
 20
468.91999999999996
 10
1238.46
 20
469.77
 10
1230.77
 20
470.41999999999996
 10
1223.36
 20
470.80999999999995
 10
1217.11
 20
470.86
 10
1212.91
 20
470.48
 10
1211.04
 20
470.04999999999995
 10
1210.11
 20
469.71000000000004
 10
1210.21
 20
469.45000000000005
 10
1211.45
 20
469.26
 10
1213.93
 20
469.12
 10
1217.74
 20
469.02
 10
1223.0
 20
468.94000000000005
 10
1226.91
 20
468.85
 10
1230.84
 20
468.70000000000005
 10
1234.64
 20
468.49
 10
1238.17
 20
468.24
 10
1241.3
 20
467.96000000000004
 10
1243.88
 20
467.65
 10
1245.78
 20
467.32000000000005
 10
1247.3
 20
467.0
 10
1248.81
 20
466.70000000000005
 10
1250.25
 20
466.42999999999995
 10
1251.58
 20
466.19000000000005
 10
1252.73
 20
466.01
 10
1253.67
 20
465.88
 10
1254.32
 20
465.80999999999995
 10
1255.02
 20
465.78999999999996
 10
1255.49
 20
465.79999999999995
 10
1255.72
 20
465.87
 10
1255.72
 20
466.01
 10
1255.49
 20
466.22
 10
1255.02
 20
466.53
 10
1254.32
 20
466.95000000000005
  0
LWPOLYLINE
  5
6F
330
17
100
AcDbEntity
  8
rockery
100
AcDbPolyline
 90
22
 70
1
 10
1206.59
 20
477.61
 10
1209.15
 20
479.1
 10
1211.43
 20
480.47
 10
1213.37
 20
481.67999999999995
 10
1214.91
 20
482.69000000000005
 10
1215.99
 20
483.46000000000004
 10
1216.55
 20
483.95000000000005
 10
1216.53
 20
484.12
 10
1214.66
 20
483.42999999999995
 10
1211.04
 20
481.63
 10
1206.35
 20
479.1
 10
1201.31
 20
476.24
 10
1196.6
 20
473.45000000000005
 10
1192.93
 20
471.12
 10
1190.98
 20
469.65999999999997
 10
1190.48
 20
469.03999999999996
 10
1190.59
 20
468.85
 10
1191.5
 20
469.19000000000005
 10
1193.37
 20
470.15
 10
1196.4
 20
471.80999999999995
 10
1200.74
 20
474.27
 10
1206.59
 20
477.61
  0
LWPOLYLINE
  5
70
330
17
100
AcDbEntity
  8
rockery
100
AcDbPolyline
 90
29
 70
1
 10
1072.06
 20
480.91999999999996
 10
1069.48
 20
482.52
 10
1062.77
 20
486.08000000000004
 10
1053.44
 20
490.84000000000003
 10
1043.01
 20
496.03999999999996
 10
1032.99
 20
500.92999999999995
 10
1024.92
 20
504.75
 10
1020.29
 20
506.74
 10
1018.79
 20
507.15999999999997
 10
1018.97
 20
506.79999999999995
 10
1020.8
 20
505.69000000000005
 10
1024.23
 20
503.84000000000003
 10
1029.23
 20
501.28999999999996
 10
1035.73
 20
498.04999999999995
 10
1043.72
 20
494.14
 10
1049.1
 20
491.51
 10
1054.12
 20
489.02
 10
1058.63
 20
486.74
 10
1062.48
 20
484.77
 10
1065.51
 20
483.15999999999997
 10
1067.58
 20
482.01
 10
1068.52
 20
481.39
 10
1069.26
 20
480.76
 10
1069.98
 20
480.29999999999995
 10
1070.65
 20
480.03999999999996
 10
1071.22
 20
479.96000000000004
 10
1071.67
 20
480.08000000000004
 10
1071.97
 20
480.4
 10
1072.06
 20
480.91999999999996
  0
LWPOLYLINE
  5
71
330
17
100
AcDbEntity
  8
rockery
100
AcDbPolyline
 90
101
 70
1
 10
1203.17
 20
485.73
 10
1205.41
 20
487.17999999999995
 10
1207.99
 20
488.72
 10
1210.8
 20
490.28999999999996
 10
1213.73
 20
491.83000000000004
 10
1216.65
 20
493.27
 10
1219.45
 20
494.57000000000005
 10
1222.02
 20
495.65
 10
1226.93
 20
497.37
 10
1231.73
 20
498.65
 10
1236.17
 20
499.46000000000004
 10
1240.03
 20
499.79999999999995
 10
1243.07
 20
499.63
 10
1245.06
 20
498.95000000000005
 10
1245.78
 20
497.72
 10
1246.37
 20
496.80999999999995
 10
1248.11
 20
496.33000000000004
 10
1250.94
 20
496.26
 10
1254.8
 20
496.6
 10
1259.63
 20
497.34000000000003
 10
1265.38
 20
498.49
 10
1271.99
 20
500.03
 10
1275.77
 20
500.88
 10
1279.55
 20
501.54999999999995
 10
1283.57
 20
502.03999999999996
 10
1288.07
 20
502.39
 10
1293.31
 20
502.6
 10
1299.53
 20
502.70000000000005
 10
1306.97
 20
502.71000000000004
 10
1330.69
 20
502.6
 10
1339.46
 20
506.99
 10
1342.84
 20
508.77
 10
1345.67
 20
510.5
 10
1348.12
 20
512.36
 10
1350.36
 20
514.5
 10
1352.56
 20
517.09
 10
1354.89
 20
520.29
 10
1357.52
 20
524.26
 10
1358.31
 20
525.53
 10
1358.91
 20
526.62
 10
1359.31
 20
527.51
 10
1359.53
 20
528.18
 10
1359.54
 20
528.63
 10
1359.35
 20
528.83
 10
1358.96
 20
528.77
 10
1358.45
 20
528.51
 10
1357.88
 20
528.1
 10
1357.25
 20
527.56
 10
1356.61
 20
526.93
 10
1355.97
 20
526.22
 10
1355.36
 20
525.46
 10
1354.81
 20
524.67
 10
1352.86
 20
522.44
 10
1349.72
 20
519.66
 10
1345.78
 20
516.6
 10
1341.43
 20
513.53
 10
1337.06
 20
510.74
 10
1333.05
 20
508.49
 10
1329.81
 20
507.07000000000005
 10
1328.01
 20
506.63
 10
1325.53
 20
506.29999999999995
 10
1322.34
 20
506.08000000000004
 10
1318.38
 20
505.98
 10
1313.59
 20
505.99
 10
1307.93
 20
506.11
 10
1301.34
 20
506.34000000000003
 10
1293.79
 20
506.6
 10
1287.72
 20
506.74
 10
1282.86
 20
506.72
 10
1278.94
 20
506.54999999999995
 10
1275.68
 20
506.21000000000004
 10
1272.83
 20
505.67999999999995
 10
1270.11
 20
504.96000000000004
 10
1267.61
 20
504.28999999999996
 10
1265.12
 20
503.78
 10
1262.52
 20
503.44000000000005
 10
1259.69
 20
503.25
 10
1256.53
 20
503.20000000000005
 10
1252.92
 20
503.28999999999996
 10
1248.75
 20
503.52
 10
1244.2
 20
503.77
 10
1240.47
 20
503.87
 10
1237.33
 20
503.78999999999996
 10
1234.54
 20
503.52
 10
1231.88
 20
503.03
 10
1229.11
 20
502.28999999999996
 10
1225.99
 20
501.28999999999996
 10
1218.96
 20
498.64
 10
1212.07
 20
495.58000000000004
 10
1205.65
 20
492.29999999999995
 10
1200.06
 20
489.02
 10
1195.63
 20
485.92999999999995
 10
1192.73
 20
483.24
 10
1191.68
 20
481.15
 10
1191.86
 20
480.33000000000004
 10
1192.45
 20
479.96000000000004
 10
1193.49
 20
480.08000000000004
 10
1195.03
 20
480.69000000000005
 10
1197.13
 20
481.83000000000004
 10
1199.82
 20
483.5
 10
1203.17
 20
485.73
  0
LWPOLYLINE
  5
72
330
17
100
AcDbEntity
  8
rockery
100
AcDbPolyline
 90
43
 70
1
 10
902.66
 20
490.21000000000004
 10
902.71
 20
490.71000000000004
 10
902.86
 20
491.30999999999995
 10
903.1
 20
491.98
 10
903.42
 20
492.71000000000004
 10
903.79
 20
493.46000000000004
 10
904.21
 20
494.21000000000004
 10
904.68
 20
494.90999999999997
 10
905.65
 20
496.66999999999996
 10
906.57
 20
498.97
 10
907.37
 20
501.65
 10
908.02
 20
504.51
 10
908.49
 20
507.4
 10
908.73
 20
510.14
 10
908.7
 20
512.54
 10
908.63
 20
513.77
 10
908.68
 20
514.56
 10
908.94
 20
514.87
 10
909.48
 20
514.69
 10
910.37
 20
514.0
 10
911.69
 20
512.76
 10
913.51
 20
510.95000000000005
 10
915.34
 20
509.09000000000003
 10
916.63
 20
507.65999999999997
 10
917.41
 20
506.51
 10
917.73
 20
505.48
 10
917.64
 20
504.44000000000005
 10
917.19
 20
503.22
 10
916.42
 20
501.66999999999996
 10
915.1
 20
499.53
 10
913.25
 20
497.09000000000003
 10
911.1
 20
494.57000000000005
 10
908.86
 20
492.22
 10
906.75
 20
490.25
 10
905.0
 20
488.9
 10
903.81
 20
488.39
 10
903.55
 20
488.44000000000005
 10
903.3
 20
488.58000000000004
 10
903.09
 20
488.79999999999995
 10
902.91
 20
489.08000000000004
 10
902.78
 20
489.41999999999996
 10
902.69
 20
489.79999999999995
 10
902.66
 20
490.21000000000004
  0
LWPOLYLINE
  5
73
330
17
100
AcDbEntity
  8
rockery
100
AcDbPolyline
 90
457
 70
1
 10
920.46
 20
508.32000000000005
 10
920.54
 20
510.38
 10
922.66
 20
512.93
 10
926.44
 20
515.77
 10
931.48
 20
518.66
 10
937.39
 20
521.37
 10
943.79
 20
523.7
 10
950.28
 20
525.4
 10
956.29
 20
526.96
 10
961.72
 20
529.11
 10
966.82
 20
532.07
 10
971.85
 20
536.03
 10
977.07
 20
541.21
 10
982.74
 20
547.81
 10
989.13
 20
556.02
 10
991.67
 20
559.36
 10
994.2
 20
562.61
 10
996.63
 20
565.64
 10
998.86
 20
568.36
 10
1000.82
 20
570.65
 10
1002.42
 20
572.42
 10
1003.56
 20
573.54
 10
1008.05
 20
576.95
 10
1013.06
 20
579.83
 10
1018.37
 20
582.13
 10
1023.76
 20
583.76
 10
1029.01
 20
584.68
 10
1033.88
 20
584.8
 10
1038.16
 20
584.06
 10
1039.35
 20
583.71
 10
1040.66
 20
583.33
 10
1042.03
 20
582.96
 10
1043.4
 20
582.59
 10
1044.73
 20
582.25
 10
1045.95
 20
581.95
 10
1047.02
 20
581.7
 10
1049.13
 20
581.07
 10
1050.05
 20
580.41
 10
1049.8
 20
579.71
 10
1048.41
 20
578.98
 10
1045.88
 20
578.25
 10
1042.25
 20
577.51
 10
1037.52
 20
576.78
 10
1032.62
 20
576.0
 10
1028.31
 20
575.02
 10
1024.37
 20
573.75
 10
1020.59
 20
572.12
 10
1016.75
 20
570.01
 10
1012.65
 20
567.34
 10
1008.07
 20
564.03
 10
1006.29
 20
562.72
 10
1004.61
 20
561.55
 10
1003.1
 20
560.56
 10
1001.79
 20
559.77
 10
1000.75
 20
559.21
 10
1000.01
 20
558.92
 10
999.65
 20
558.93
 10
999.64
 20
559.25
 10
999.91
 20
559.85
 10
1000.44
 20
560.7
 10
1001.2
 20
561.74
 10
1002.16
 20
562.94
 10
1003.29
 20
564.26
 10
1004.55
 20
565.66
 10
1010.15
 20
571.68
 10
1004.01
 20
565.99
 10
1002.47
 20
564.48
 10
1000.8
 20
562.69
 10
999.05
 20
560.71
 10
997.3
 20
558.61
 10
995.62
 20
556.48
 10
994.08
 20
554.4
 10
992.74
 20
552.46
 10
991.45
 20
550.52
 10
990.04
 20
548.45
 10
988.56
 20
546.33
 10
987.08
 20
544.24
 10
985.66
 20
542.27
 10
984.35
 20
540.49
 10
983.21
 20
538.99
 10
981.38
 20
536.5
 10
980.53
 20
535.05
 10
980.58
 20
534.59
 10
981.42
 20
535.07
 10
982.98
 20
536.44
 10
985.16
 20
538.64
 10
987.86
 20
541.63
 10
995.92
 20
550.39
 10
1003.49
 20
557.5
 10
1010.97
 20
563.21
 10
1018.76
 20
567.75
 10
1027.29
 20
571.36
 10
1036.95
 20
574.27
 10
1048.15
 20
576.72
 10
1051.07
 20
577.29
 10
1053.13
 20
577.75
 10
1054.42
 20
578.18
 10
1055.02
 20
578.64
 10
1055.04
 20
579.2
 10
1054.54
 20
579.93
 10
1053.63
 20
580.88
 10
1051.35
 20
582.56
 10
1048.14
 20
584.11
 10
1044.28
 20
585.47
 10
1040.08
 20
586.54
 10
1035.81
 20
587.26
 10
1031.77
 20
587.56
 10
1028.25
 20
587.36
 10
1021.99
 20
586.07
 10
1016.28
 20
584.05
 10
1010.86
 20
581.1
 10
1005.46
 20
577.02
 10
999.81
 20
571.62
 10
993.66
 20
564.69
 10
986.72
 20
556.02
 10
981.88
 20
549.91
 10
977.51
 20
544.8
 10
973.49
 20
540.56
 10
969.66
 20
537.06
 10
965.9
 20
534.17
 10
962.05
 20
531.76
 10
957.97
 20
529.71
 10
954.46
 20
528.22
 10
951.86
 20
527.32
 10
950.21
 20
526.99
 10
949.57
 20
527.21
 10
949.97
 20
527.98
 10
951.48
 20
529.26
 10
954.13
 20
531.05
 10
955.68
 20
532.05
 10
957.16
 20
533.06
 10
958.52
 20
534.05
 10
959.72
 20
534.97
 10
960.71
 20
535.79
 10
961.44
 20
536.48
 10
961.87
 20
537.0
 10
962.01
 20
537.33
 10
961.92
 20
537.48
 10
961.64
 20
537.47
 10
961.16
 20
537.28
 10
960.51
 20
536.95
 10
959.72
 20
536.46
 10
958.8
 20
535.83
 10
957.45
 20
534.96
 10
955.44
 20
533.78
 10
952.9
 20
532.35
 10
949.93
 20
530.74
 10
946.66
 20
529.01
 10
943.2
 20
527.22
 10
939.68
 20
525.44
 10
936.18
 20
523.66
 10
932.8
 20
521.88
 10
929.66
 20
520.16
 10
926.86
 20
518.57
 10
924.51
 20
517.15
 10
922.73
 20
515.99
 10
921.62
 20
515.14
 10
920.54
 20
514.18
 10
919.65
 20
513.52
 10
918.88
 20
513.16
 10
918.16
 20
513.08
 10
917.39
 20
513.28
 10
916.5
 20
513.75
 10
915.4
 20
514.48
 10
912.29
 20
516.66
 10
915.86
 20
520.24
 10
917.17
 20
521.3
 10
919.3
 20
522.75
 10
922.13
 20
524.5
 10
925.53
 20
526.48
 10
929.35
 20
528.62
 10
933.47
 20
530.82
 10
937.75
 20
533.02
 10
942.08
 20
535.26
 10
946.36
 20
537.58
 10
950.43
 20
539.91
 10
954.15
 20
542.14
 10
957.38
 20
544.2
 10
959.96
 20
545.99
 10
961.74
 20
547.42
 10
963.98
 20
549.51
 10
965.26
 20
550.83
 10
965.52
 20
551.36
 10
964.71
 20
551.08
 10
962.78
 20
549.97
 10
959.67
 20
548.01
 10
955.34
 20
545.19
 10
953.21
 20
543.86
 10
950.61
 20
542.36
 10
947.66
 20
540.75
 10
944.48
 20
539.1
 10
941.21
 20
537.46
 10
937.96
 20
535.91
 10
934.86
 20
534.51
 10
931.65
 20
533.03
 10
928.44
 20
531.4
 10
925.32
 20
529.67
 10
922.36
 20
527.9
 10
919.65
 20
526.13
 10
917.26
 20
524.41
 10
915.28
 20
522.79
 10
908.35
 20
516.61
 10
908.35
 20
523.03
 10
908.31
 20
524.6
 10
908.18
 20
526.03
 10
907.99
 20
527.3
 10
907.72
 20
528.37
 10
907.39
 20
529.22
 10
907.0
 20
529.82
 10
906.57
 20
530.14
 10
906.2
 20
530.86
 10
906.81
 20
532.11
 10
908.16
 20
533.65
 10
909.98
 20
535.26
 10
912.01
 20
536.7
 10
913.99
 20
537.75
 10
915.65
 20
538.18
 10
916.23
 20
538.25
 10
916.86
 20
538.43
 10
917.51
 20
538.7
 10
918.16
 20
539.06
 10
918.78
 20
539.48
 10
919.34
 20
539.95
 10
919.83
 20
540.47
 10
921.25
 20
541.82
 10
923.24
 20
543.24
 10
925.67
 20
544.65
 10
928.38
 20
545.99
 10
931.24
 20
547.17
 10
934.11
 20
548.14
 10
936.83
 20
548.82
 10
939.11
 20
549.17
 10
940.2
 20
549.1
 10
940.04
 20
548.56
 10
938.6
 20
547.54
 10
935.83
 20
545.99
 10
931.7
 20
543.9
 10
926.15
 20
541.22
 10
923.45
 20
539.9
 10
920.79
 20
538.53
 10
918.25
 20
537.15
 10
915.93
 20
535.82
 10
913.92
 20
534.6
 10
912.32
 20
533.53
 10
911.2
 20
532.67
 10
910.11
 20
531.69
 10
909.46
 20
531.06
 10
909.28
 20
530.77
 10
909.59
 20
530.83
 10
910.41
 20
531.26
 10
911.77
 20
532.04
 10
913.7
 20
533.19
 10
915.27
 20
534.1
 10
917.05
 20
535.08
 10
918.98
 20
536.08
 10
920.97
 20
537.08
 10
922.94
 20
538.02
 10
924.81
 20
538.87
 10
926.52
 20
539.59
 10
928.36
 20
540.35
 10
930.64
 20
541.31
 10
933.24
 20
542.41
 10
936.06
 20
543.62
 10
938.97
 20
544.88
 10
941.88
 20
546.15
 10
944.66
 20
547.38
 10
947.36
 20
548.54
 10
950.02
 20
549.61
 10
952.56
 20
550.56
 10
954.87
 20
551.36
 10
956.88
 20
551.98
 10
958.49
 20
552.39
 10
959.61
 20
552.55
 10
960.76
 20
552.6
 10
961.55
 20
552.66
 10
961.99
 20
552.76
 10
962.09
 20
552.91
 10
961.85
 20
553.11
 10
961.3
 20
553.38
 10
960.42
 20
553.74
 10
959.49
 20
554.12
 10
958.86
 20
554.42
 10
958.53
 20
554.68
 10
958.5
 20
554.91
 10
958.77
 20
555.16
 10
959.33
 20
555.43
 10
960.18
 20
555.77
 10
960.85
 20
555.99
 10
961.64
 20
556.2
 10
962.53
 20
556.37
 10
963.46
 20
556.52
 10
964.41
 20
556.64
 10
965.34
 20
556.71
 10
966.21
 20
556.74
 10
967.11
 20
556.77
 10
967.84
 20
556.87
 10
968.38
 20
557.04
 10
968.74
 20
557.28
 10
968.92
 20
557.58
 10
968.92
 20
557.95
 10
968.73
 20
558.38
 10
968.52
 20
558.75
 10
968.41
 20
559.04
 10
968.39
 20
559.23
 10
968.46
 20
559.34
 10
968.62
 20
559.36
 10
968.87
 20
559.28
 10
969.2
 20
559.1
 10
969.57
 20
558.94
 10
969.94
 20
558.9
 10
970.31
 20
558.97
 10
970.66
 20
559.14
 10
970.98
 20
559.41
 10
971.26
 20
559.77
 10
971.48
 20
560.21
 10
971.74
 20
560.72
 10
972.14
 20
561.27
 10
972.65
 20
561.85
 10
973.25
 20
562.42
 10
973.92
 20
562.97
 10
974.63
 20
563.47
 10
975.36
 20
563.9
 10
976.18
 20
564.32
 10
976.82
 20
564.6
 10
977.3
 20
564.75
 10
977.6
 20
564.77
 10
977.73
 20
564.64
 10
977.69
 20
564.39
 10
977.49
 20
564.0
 10
977.31
 20
563.64
 10
977.21
 20
563.31
 10
977.19
 20
563.02
 10
977.25
 20
562.78
 10
977.39
 20
562.59
 10
977.61
 20
562.47
 10
977.9
 20
562.43
 10
978.71
 20
562.1
 10
978.87
 20
561.12
 10
978.41
 20
559.55
 10
977.34
 20
557.4
 10
975.68
 20
554.73
 10
973.46
 20
551.57
 10
970.68
 20
547.95
 10
963.52
 20
538.94
 10
970.74
 20
545.92
 10
972.43
 20
547.64
 10
974.08
 20
549.44
 10
975.63
 20
551.26
 10
977.01
 20
553.02
 10
978.19
 20
554.67
 10
979.1
 20
556.12
 10
979.68
 20
557.31
 10
980.21
 20
558.46
 10
980.94
 20
559.78
 10
981.84
 20
561.21
 10
982.87
 20
562.7
 10
983.99
 20
564.19
 10
985.16
 20
565.62
 10
986.33
 20
566.92
 10
987.49
 20
568.2
 10
988.65
 20
569.54
 10
989.76
 20
570.9
 10
990.78
 20
572.22
 10
991.67
 20
573.45
 10
992.38
 20
574.53
 10
992.89
 20
575.42
 10
994.17
 20
577.39
 10
996.02
 20
579.33
 10
998.42
 20
581.22
 10
1001.36
 20
583.06
 10
1004.81
 20
584.83
 10
1008.76
 20
586.52
 10
1013.18
 20
588.12
 10
1016.34
 20
589.11
 10
1019.25
 20
589.85
 10
1022.15
 20
590.36
 10
1025.27
 20
590.68
 10
1028.85
 20
590.81
 10
1033.14
 20
590.8
 10
1038.37
 20
590.65
 10
1043.64
 20
590.44
 10
1047.82
 20
590.17
 10
1051.14
 20
589.81
 10
1053.81
 20
589.31
 10
1056.07
 20
588.64
 10
1058.15
 20
587.75
 10
1060.27
 20
586.6
 10
1062.37
 20
585.17
 10
1064.42
 20
583.43
 10
1066.26
 20
581.57
 10
1067.77
 20
579.73
 10
1068.81
 20
578.09
 10
1069.24
 20
576.81
 10
1068.93
 20
576.05
 10
1067.67
 20
575.61
 10
1065.09
 20
574.95
 10
1061.55
 20
574.16
 10
1057.4
 20
573.29
 10
1052.98
 20
572.42
 10
1048.63
 20
571.62
 10
1044.71
 20
570.97
 10
1039.94
 20
570.18
 10
1035.99
 20
569.35
 10
1032.51
 20
568.33
 10
1029.16
 20
566.99
 10
1025.61
 20
565.2
 10
1021.53
 20
562.83
 10
1016.56
 20
559.73
 10
1014.05
 20
558.15
 10
1011.6
 20
556.65
 10
1009.31
 20
555.28
 10
1007.24
 20
554.08
 10
1005.49
 20
553.09
 10
1004.13
 20
552.38
 10
1003.24
 20
551.98
 10
1002.63
 20
551.7
 10
1002.12
 20
551.34
 10
1001.72
 20
550.93
 10
1001.44
 20
550.48
 10
1001.28
 20
549.99
 10
1001.26
 20
549.48
 10
1001.39
 20
548.96
 10
1001.53
 20
548.49
 10
1001.58
 20
548.09
 10
1001.53
 20
547.77
 10
1001.39
 20
547.54
 10
1001.17
 20
547.42
 10
1000.86
 20
547.39
 10
1000.47
 20
547.47
 10
999.94
 20
547.42
 10
999.17
 20
547.01
 10
998.23
 20
546.28
 10
997.13
 20
545.28
 10
995.94
 20
544.04
 10
994.69
 20
542.61
 10
993.42
 20
541.03
 10
989.86
 20
537.15
 10
985.32
 20
533.53
 10
979.98
 20
530.25
 10
974.0
 20
527.39
 10
967.55
 20
525.02
 10
960.8
 20
523.23
 10
953.91
 20
522.1
 10
950.65
 20
521.68
 10
947.91
 20
521.17
 10
945.46
 20
520.46
 10
943.05
 20
519.47
 10
940.44
 20
518.08
 10
937.39
 20
516.21
 10
933.65
 20
513.74
 10
929.86
 20
511.23
 10
926.91
 20
509.38
 10
924.69
 20
508.15
 10
923.06
 20
507.48
 10
921.89
 20
507.32000000000005
 10
921.07
 20
507.62
 10
920.46
 20
508.32000000000005
  0
LWPOLYLINE
  5
74
330
17
100
AcDbEntity
  8
rockery
100
AcDbPolyline
 90
36
 70
1
 10
837.24
 20
511.03
 10
835.02
 20
511.4
 10
833.16
 20
511.94000000000005
 10
831.45
 20
512.78
 10
829.74
 20
514.05
 10
827.83
 20
515.9
 10
825.55
 20
518.46
 10
822.71
 20
521.85
 10
820.84
 20
524.16
 10
819.11
 20
526.35
 10
817.58
 20
528.35
 10
816.29
 20
530.08
 10
815.31
 20
531.49
 10
814.68
 20
532.5
 10
814.45
 20
533.05
 10
814.61
 20
533.3
 10
815.11
 20
533.49
 10
815.9
 20
533.6
 10
816.94
 20
533.64
 10
818.19
 20
533.6
 10
819.6
 20
533.49
 10
821.15
 20
533.3
 10
825.23
 20
532.48
 10
828.94
 20
531.15
 10
832.49
 20
529.17
 10
836.06
 20
526.37
 10
839.86
 20
522.61
 10
844.1
 20
517.71
 10
848.97
 20
511.53
 10
849.38
 20
510.80999999999995
 10
849.28
 20
510.30999999999995
 10
848.55
 20
510.03999999999996
 10
847.09
 20
509.97
 10
844.79
 20
510.12
 10
841.54
 20
510.48
 10
837.24
 20
511.03
  0
LWPOLYLINE
  5
75
330
17
100
AcDbEntity
  8
rockery
100
AcDbPolyline
 90
22
 70
1
 10
1749.2
 20
535.58
 10
1746.25
 20
536.52
 10
1743.41
 20
537.37
 10
1740.79
 20
538.1
 10
1738.48
 20
538.69
 10
1736.57
 20
539.1
 10
1735.14
 20
539.33
 10
1734.3
 20
539.34
 10
1734.8
 20
538.77
 10
1737.67
 20
537.6
 10
1742.13
 20
536.08
 10
1747.37
 20
534.45
 10
1752.59
 20
532.97
 10
1756.99
 20
531.88
 10
1759.76
 20
531.43
 10
1759.91
 20
531.53
 10
1759.4
 20
531.84
 10
1758.29
 20
532.33
 10
1756.66
 20
532.97
 10
1754.55
 20
533.74
 10
1752.05
 20
534.62
 10
1749.2
 20
535.58
  0
LWPOLYLINE
  5
76
330
17
100
AcDbEntity
  8
rockery
100
AcDbPolyline
 90
108
 70
1
 10
910.51
 20
546.73
 10
909.97
 20
547.23
 10
908.82
 20
548.02
 10
907.13
 20
549.07
 10
904.99
 20
550.32
 10
902.49
 20
551.72
 10
899.71
 20
553.23
 10
896.74
 20
554.79
 10
890.88
 20
557.91
 10
886.04
 20
560.71
 10
882.18
 20
563.22
 10
879.24
 20
565.48
 10
877.19
 20
567.5
 10
876.0
 20
569.34
 10
875.61
 20
571.01
 10
875.81
 20
571.87
 10
876.47
 20
572.71
 10
877.68
 20
573.59
 10
879.52
 20
574.54
 10
882.1
 20
575.6
 10
885.49
 20
576.84
 10
889.79
 20
578.29
 10
893.02
 20
579.36
 10
895.97
 20
580.38
 10
898.54
 20
581.3
 10
900.66
 20
582.1
 10
902.25
 20
582.75
 10
903.21
 20
583.21
 10
903.47
 20
583.45
 10
902.01
 20
583.32
 10
898.51
 20
582.49
 10
893.52
 20
581.13
 10
887.58
 20
579.4
 10
881.24
 20
577.45
 10
875.03
 20
575.45
 10
869.51
 20
573.55
 10
866.91
 20
572.66
 10
864.67
 20
572.01
 10
862.68
 20
571.58
 10
860.85
 20
571.36
 10
859.1
 20
571.34
 10
857.32
 20
571.51
 10
855.42
 20
571.85
 10
852.94
 20
572.47
 10
851.02
 20
573.23
 10
849.56
 20
574.23
 10
848.45
 20
575.59
 10
847.62
 20
577.44
 10
846.95
 20
579.87
 10
846.37
 20
583.02
 10
845.62
 20
585.94
 10
844.26
 20
588.71
 10
842.23
 20
591.42
 10
839.43
 20
594.14
 10
835.79
 20
596.95
 10
831.22
 20
599.94
 10
825.65
 20
603.18
 10
823.09
 20
604.61
 10
820.44
 20
606.09
 10
817.8
 20
607.57
 10
815.28
 20
608.98
 10
812.98
 20
610.29
 10
810.98
 20
611.42
 10
809.4
 20
612.32
 10
806.4
 20
613.98
 10
805.0
 20
614.59
 10
805.14
 20
614.22
 10
806.72
 20
612.94
 10
809.66
 20
610.83
 10
813.87
 20
607.94
 10
819.26
 20
604.35
 10
826.75
 20
599.28
 10
832.49
 20
594.96
 10
836.68
 20
591.18
 10
839.5
 20
587.7
 10
841.12
 20
584.3
 10
841.73
 20
580.77
 10
841.51
 20
576.86
 10
841.53
 20
576.33
 10
841.71
 20
575.67
 10
842.04
 20
574.9
 10
842.5
 20
574.08
 10
843.06
 20
573.22
 10
843.71
 20
572.35
 10
844.43
 20
571.53
 10
846.07
 20
570.09
 10
847.94
 20
569.05
 10
850.15
 20
568.42
 10
852.79
 20
568.17
 10
855.95
 20
568.31
 10
859.74
 20
568.82
 10
864.23
 20
569.69
 10
871.51
 20
571.25
 10
876.05
 20
566.19
 10
877.49
 20
564.81
 10
879.56
 20
563.17
 10
882.14
 20
561.32
 10
885.13
 20
559.34
 10
888.43
 20
557.3
 10
891.93
 20
555.27
 10
895.54
 20
553.31
 10
901.67
 20
550.1
 10
906.0
 20
547.86
 10
908.8
 20
546.46
 10
910.36
 20
545.77
 10
910.97
 20
545.67
 10
910.93
 20
546.04
 10
910.51
 20
546.73
  0
LWPOLYLINE
  5
77
330
17
100
AcDbEntity
  8
rockery
100
AcDbPolyline
 90
420
 70
1
 10
1367.93
 20
555.86
 10
1370.45
 20
558.72
 10
1373.36
 20
562.85
 10
1376.5
 20
567.95
 10
1379.68
 20
573.69
 10
1382.75
 20
579.78
 10
1385.54
 20
585.91
 10
1387.86
 20
591.76
 10
1389.48
 20
596.7
 10
1390.5
 20
601.03
 10
1390.93
 20
604.89
 10
1390.76
 20
608.38
 10
1389.97
 20
611.65
 10
1388.57
 20
614.81
 10
1386.55
 20
617.98
 10
1382.09
 20
624.14
 10
1386.9
 20
628.12
 10
1389.03
 20
629.79
 10
1390.75
 20
630.9
 10
1392.14
 20
631.43
 10
1393.31
 20
631.39
 10
1394.34
 20
630.78
 10
1395.31
 20
629.59
 10
1396.32
 20
627.81
 10
1397.51
 20
623.67
 10
1398.05
 20
617.75
 10
1398.0
 20
610.81
 10
1397.42
 20
603.61
 10
1396.38
 20
596.91
 10
1394.94
 20
591.48
 10
1393.15
 20
588.07
 10
1392.58
 20
587.38
 10
1392.17
 20
586.75
 10
1391.93
 20
586.18
 10
1391.86
 20
585.65
 10
1391.95
 20
585.15
 10
1392.2
 20
584.66
 10
1392.61
 20
584.18
 10
1392.96
 20
583.01
 10
1392.68
 20
580.98
 10
1391.82
 20
578.22
 10
1390.44
 20
574.88
 10
1388.59
 20
571.1
 10
1386.33
 20
566.99
 10
1383.71
 20
562.72
 10
1383.04
 20
561.63
 10
1382.46
 20
560.59
 10
1381.98
 20
559.64
 10
1381.62
 20
558.8
 10
1381.39
 20
558.12
 10
1381.31
 20
557.62
 10
1381.39
 20
557.33
 10
1382.41
 20
558.01
 10
1384.3
 20
560.57
 10
1386.72
 20
564.39
 10
1389.31
 20
568.88
 10
1391.72
 20
573.42
 10
1393.61
 20
577.4
 10
1394.61
 20
580.23
 10
1395.46
 20
583.53
 10
1396.56
 20
586.55
 10
1398.0
 20
589.43
 10
1399.85
 20
592.31
 10
1402.22
 20
595.32
 10
1405.19
 20
598.6
 10
1408.86
 20
602.29
 10
1418.33
 20
611.55
 10
1417.52
 20
605.14
 10
1417.23
 20
602.83
 10
1417.06
 20
601.31
 10
1417.04
 20
600.62
 10
1417.19
 20
600.77
 10
1417.54
 20
601.8
 10
1418.1
 20
603.72
 10
1418.89
 20
606.57
 10
1419.46
 20
608.43
 10
1420.12
 20
610.27
 10
1420.83
 20
612.04
 10
1421.57
 20
613.66
 10
1422.31
 20
615.07
 10
1423.01
 20
616.22
 10
1423.66
 20
617.03
 10
1424.62
 20
617.96
 10
1425.44
 20
618.54
 10
1426.26
 20
618.75
 10
1427.22
 20
618.55
 10
1428.46
 20
617.92
 10
1430.12
 20
616.83
 10
1432.33
 20
615.25
 10
1433.76
 20
614.24
 10
1435.15
 20
613.31
 10
1436.46
 20
612.49
 10
1437.64
 20
611.81
 10
1438.64
 20
611.29
 10
1439.42
 20
610.95
 10
1439.92
 20
610.84
 10
1440.09
 20
610.96
 10
1439.9
 20
611.31
 10
1439.39
 20
611.86
 10
1438.59
 20
612.58
 10
1437.52
 20
613.43
 10
1436.23
 20
614.41
 10
1434.74
 20
615.46
 10
1432.01
 20
617.4
 10
1430.08
 20
618.96
 10
1428.88
 20
620.3
 10
1428.35
 20
621.59
 10
1428.42
 20
623.0
 10
1429.01
 20
624.69
 10
1430.07
 20
626.83
 10
1430.52
 20
627.78
 10
1430.86
 20
628.67
 10
1431.08
 20
629.48
 10
1431.19
 20
630.2
 10
1431.18
 20
630.79
 10
1431.04
 20
631.25
 10
1430.77
 20
631.54
 10
1430.47
 20
631.69
 10
1430.19
 20
631.74
 10
1429.94
 20
631.72
 10
1429.74
 20
631.6
 10
1429.58
 20
631.42
 10
1429.48
 20
631.16
 10
1429.45
 20
630.83
 10
1429.34
 20
630.31
 10
1429.05
 20
629.54
 10
1428.59
 20
628.54
 10
1428.0
 20
627.37
 10
1427.28
 20
626.07
 10
1426.47
 20
624.68
 10
1425.59
 20
623.27
 10
1421.73
 20
617.24
 10
1420.67
 20
621.52
 10
1419.6
 20
625.79
 10
1419.99
 20
621.25
 10
1420.02
 20
619.66
 10
1419.76
 20
618.17
 10
1419.09
 20
616.63
 10
1417.91
 20
614.88
 10
1416.13
 20
612.77
 10
1413.63
 20
610.15
 10
1410.32
 20
606.85
 10
1400.26
 20
596.98
 10
1400.2
 20
611.38
 10
1400.14
 20
615.73
 10
1400.0
 20
619.38
 10
1399.77
 20
622.42
 10
1399.42
 20
624.96
 10
1398.95
 20
627.1
 10
1398.34
 20
628.95
 10
1397.58
 20
630.59
 10
1396.72
 20
632.37
 10
1396.11
 20
634.16
 10
1395.76
 20
636.24
 10
1395.64
 20
638.91
 10
1395.74
 20
642.46
 10
1396.06
 20
647.18
 10
1396.57
 20
653.37
 10
1397.49
 20
663.52
 10
1398.33
 20
670.63
 10
1399.24
 20
674.93
 10
1400.38
 20
676.67
 10
1401.9
 20
676.06
 10
1403.95
 20
673.34
 10
1406.68
 20
668.75
 10
1409.06
 20
664.75
 10
1410.43
 20
662.76
 10
1410.84
 20
662.61
 10
1410.35
 20
664.1
 10
1409.03
 20
667.05
 10
1406.93
 20
671.28
 10
1404.12
 20
676.6
 10
1401.87
 20
680.52
 10
1399.32
 20
684.48
 10
1396.38
 20
688.63
 10
1392.93
 20
693.08
 10
1388.88
 20
697.99
 10
1384.12
 20
703.47
 10
1378.55
 20
709.67
 10
1359.68
 20
730.38
 10
1359.68
 20
739.38
 10
1359.42
 20
744.1
 10
1358.61
 20
748.59
 10
1357.25
 20
752.9
 10
1355.31
 20
757.05
 10
1352.79
 20
761.08
 10
1349.67
 20
765.02
 10
1345.94
 20
768.89
 10
1339.23
 20
775.28
 10
1346.64
 20
766.78
 10
1349.7
 20
763.1
 10
1352.08
 20
759.77
 10
1353.89
 20
756.49
 10
1355.24
 20
752.99
 10
1356.24
 20
748.98
 10
1357.01
 20
744.17
 10
1357.65
 20
738.26
 10
1358.58
 20
728.3
 10
1371.03
 20
715.48
 10
1374.08
 20
712.31
 10
1377.26
 20
708.93
 10
1380.45
 20
705.47
 10
1383.54
 20
702.07
 10
1386.39
 20
698.85
 10
1388.9
 20
695.97
 10
1390.93
 20
693.54
 10
1393.43
 20
690.43
 10
1395.28
 20
687.96
 10
1396.56
 20
685.96
 10
1397.36
 20
684.26
 10
1397.76
 20
682.7
 10
1397.82
 20
681.1
 10
1397.63
 20
679.3
 10
1397.41
 20
677.63
 10
1397.12
 20
675.12
 10
1396.77
 20
671.92
 10
1396.39
 20
668.17
 10
1395.97
 20
664.04
 10
1395.55
 20
659.65
 10
1395.13
 20
655.16
 10
1394.47
 20
648.15
 10
1393.91
 20
643.06
 10
1393.36
 20
639.53
 10
1392.7
 20
637.18
 10
1391.84
 20
635.64
 10
1390.66
 20
634.54
 10
1389.07
 20
633.52
 10
1387.5
 20
632.58
 10
1386.33
 20
631.96
 10
1385.45
 20
631.66
 10
1384.76
 20
631.67
 10
1384.16
 20
632.02
 10
1383.55
 20
632.69
 10
1382.82
 20
633.69
 10
1382.26
 20
634.38
 10
1381.55
 20
635.13
 10
1380.7
 20
635.9
 10
1379.77
 20
636.66
 10
1378.78
 20
637.38
 10
1377.78
 20
638.03
 10
1376.8
 20
638.58
 10
1375.64
 20
639.29
 10
1374.58
 20
640.16
 10
1373.62
 20
641.2
 10
1372.74
 20
642.44
 10
1371.92
 20
643.89
 10
1371.17
 20
645.56
 10
1370.47
 20
647.47
 10
1369.84
 20
649.22
 10
1369.04
 20
651.21
 10
1368.12
 20
653.34
 10
1367.11
 20
655.55
 10
1366.05
 20
657.72
 10
1364.98
 20
659.79
 10
1363.95
 20
661.67
 10
1362.43
 20
664.2
 10
1360.99
 20
666.24
 10
1359.44
 20
667.94
 10
1357.61
 20
669.44
 10
1355.33
 20
670.9
 10
1352.4
 20
672.46
 10
1348.66
 20
674.27
 10
1344.32
 20
676.41
 10
1340.51
 20
678.48
 10
1337.29
 20
680.45
 10
1334.7
 20
682.28
 10
1332.79
 20
683.94
 10
1331.61
 20
685.39
 10
1331.21
 20
686.6
 10
1330.87
 20
687.72
 10
1329.97
 20
689.33
 10
1328.71
 20
691.18
 10
1327.27
 20
693.04
 10
1325.84
 20
694.67
 10
1324.59
 20
695.82
 10
1323.72
 20
696.26
 10
1323.46
 20
696.19
 10
1323.27
 20
695.97
 10
1323.14
 20
695.63
 10
1323.09
 20
695.19
 10
1323.11
 20
694.66
 10
1323.2
 20
694.07
 10
1323.38
 20
693.41
 10
1323.62
 20
692.48
 10
1323.67
 20
691.78
 10
1323.49
 20
691.27
 10
1323.02
 20
690.92
 10
1322.23
 20
690.71
 10
1321.09
 20
690.62
 10
1319.56
 20
690.6
 10
1316.95
 20
690.88
 10
1313.89
 20
691.61
 10
1310.7
 20
692.66
 10
1307.68
 20
693.91
 10
1305.13
 20
695.22
 10
1303.38
 20
696.48
 10
1302.73
 20
697.54
 10
1301.59
 20
700.3
 10
1298.56
 20
705.31
 10
1294.22
 20
711.74
 10
1289.15
 20
718.8
 10
1283.93
 20
725.67
 10
1279.13
 20
731.55
 10
1275.35
 20
735.64
 10
1271.77
 20
738.68
 10
1267.36
 20
741.92
 10
1262.57
 20
745.09
 10
1257.89
 20
747.9
 10
1253.78
 20
750.07
 10
1250.71
 20
751.32
 10
1249.15
 20
751.36
 10
1249.22
 20
751.11
 10
1249.7
 20
750.68
 10
1250.54
 20
750.08
 10
1251.69
 20
749.36
 10
1253.11
 20
748.53
 10
1254.75
 20
747.63
 10
1256.57
 20
746.69
 10
1262.94
 20
743.07
 10
1268.75
 20
738.89
 10
1274.14
 20
734.0
 10
1279.21
 20
728.28
 10
1284.1
 20
721.57
 10
1288.93
 20
713.74
 10
1293.83
 20
704.64
 10
1296.85
 20
699.0
 10
1299.64
 20
694.63
 10
1302.41
 20
691.35
 10
1305.41
 20
688.98
 10
1308.87
 20
687.33
 10
1313.02
 20
686.21
 10
1318.09
 20
685.45
 10
1322.8
 20
684.62
 10
1326.65
 20
683.23
 10
1329.72
 20
681.17
 10
1332.12
 20
678.34
 10
1333.92
 20
674.63
 10
1335.23
 20
669.93
 10
1336.13
 20
664.13
 10
1336.36
 20
661.61
 10
1336.46
 20
659.17
 10
1336.43
 20
656.79
 10
1336.27
 20
654.43
 10
1335.98
 20
652.08
 10
1335.56
 20
649.73
 10
1335.0
 20
647.35
 10
1334.28
 20
644.44
 10
1333.83
 20
641.95
 10
1333.63
 20
639.58
 10
1333.71
 20
637.03
 10
1334.08
 20
634.02
 10
1334.74
 20
630.24
 10
1335.7
 20
625.41
 10
1336.36
 20
622.23
 10
1337.0
 20
619.28
 10
1337.6
 20
616.64
 10
1338.13
 20
614.41
 10
1338.58
 20
612.66
 10
1338.92
 20
611.48
 10
1339.13
 20
610.98
 10
1339.51
 20
610.84
 10
1339.67
 20
611.44
 10
1339.6
 20
612.81
 10
1339.31
 20
615.0
 10
1338.78
 20
618.08
 10
1338.01
 20
622.09
 10
1336.99
 20
627.08
 10
1336.12
 20
631.37
 10
1335.52
 20
634.75
 10
1335.19
 20
637.43
 10
1335.11
 20
639.63
 10
1335.28
 20
641.55
 10
1335.69
 20
643.41
 10
1336.33
 20
645.41
 10
1336.79
 20
647.03
 10
1337.21
 20
649.12
 10
1337.58
 20
651.59
 10
1337.89
 20
654.33
 10
1338.12
 20
657.24
 10
1338.27
 20
660.21
 10
1338.33
 20
663.14
 10
1338.33
 20
675.21
 10
1342.24
 20
674.25
 10
1347.71
 20
672.38
 10
1352.62
 20
669.62
 10
1356.9
 20
666.04
 10
1360.52
 20
661.69
 10
1363.41
 20
656.64
 10
1365.55
 20
650.94
 10
1366.86
 20
644.65
 10
1367.69
 20
639.45
 10
1368.69
 20
634.98
 10
1369.91
 20
631.12
 10
1371.42
 20
627.74
 10
1373.25
 20
624.72
 10
1375.47
 20
621.94
 10
1378.14
 20
619.27
 10
1384.2
 20
613.73
 10
1383.6
 20
603.38
 10
1382.68
 20
596.2
 10
1380.82
 20
588.68
 10
1378.14
 20
581.15
 10
1374.81
 20
573.91
 10
1370.94
 20
567.26
 10
1366.7
 20
561.51
 10
1362.22
 20
556.97
 10
1360.52
 20
555.35
 10
1359.28
 20
553.81
 10
1358.52
 20
552.44
 10
1358.27
 20
551.33
 10
1358.54
 20
550.58
 10
1359.36
 20
550.3
 10
1360.75
 20
550.58
 10
1361.44
 20
550.9
 10
1362.32
 20
551.41
 10
1363.34
 20
552.1
 10
1364.45
 20
552.92
 10
1365.62
 20
553.84
 10
1366.8
 20
554.83
 10
1367.93
 20
555.86
  0
LWPOLYLINE
  5
78
330
17
100
AcDbEntity
  8
rockery
100
AcDbPolyline
 90
43
 70
1
 10
1028.17
 20
563.11
 10
1030.02
 20
563.98
 10
1032.36
 20
564.94
 10
1035.08
 20
565.92
 10
1038.06
 20
566.91
 10
1041.19
 20
567.85
 10
1044.33
 20
568.71
 10
1047.39
 20
569.46
 10
1050.35
 20
570.13
 10
1053.24
 20
570.8
 10
1055.96
 20
571.43
 10
1058.41
 20
572.02
 10
1060.49
 20
572.53
 10
1062.12
 20
572.94
 10
1063.19
 20
573.22
 10
1063.94
 20
573.41
 10
1064.63
 20
573.5
 10
1065.22
 20
573.5
 10
1065.71
 20
573.42
 10
1066.08
 20
573.26
 10
1066.31
 20
573.01
 10
1066.39
 20
572.69
 10
1065.76
 20
571.65
 10
1064.05
 20
570.37
 10
1061.53
 20
568.97
 10
1058.46
 20
567.57
 10
1055.11
 20
566.29
 10
1051.73
 20
565.25
 10
1048.59
 20
564.57
 10
1047.1
 20
564.33
 10
1045.37
 20
564.04
 10
1043.47
 20
563.7
 10
1041.48
 20
563.35
 10
1039.48
 20
562.98
 10
1037.56
 20
562.61
 10
1035.78
 20
562.26
 10
1030.55
 20
561.23
 10
1026.9
 20
560.57
 10
1024.71
 20
560.27
 10
1023.85
 20
560.37
 10
1024.22
 20
560.86
 10
1025.7
 20
561.77
 10
1028.17
 20
563.11
  0
LWPOLYLINE
  5
79
330
17
100
AcDbEntity
  8
rockery
100
AcDbPolyline
 90
129
 70
1
 10
1135.33
 20
570.17
 10
1136.62
 20
570.34
 10
1138.34
 20
570.53
 10
1140.42
 20
570.74
 10
1142.76
 20
570.96
 10
1145.26
 20
571.17
 10
1147.83
 20
571.38
 10
1150.39
 20
571.56
 10
1153.19
 20
571.83
 10
1156.14
 20
572.23
 10
1159.16
 20
572.77
 10
1162.17
 20
573.41
 10
1165.08
 20
574.15
 10
1167.83
 20
574.96
 10
1170.32
 20
575.83
 10
1174.33
 20
577.42
 10
1176.84
 20
578.53
 10
1177.89
 20
579.17
 10
1177.49
 20
579.31
 10
1175.68
 20
578.96
 10
1172.48
 20
578.1
 10
1167.92
 20
576.72
 10
1165.61
 20
576.06
 10
1162.92
 20
575.42
 10
1159.97
 20
574.8
 10
1156.88
 20
574.24
 10
1153.77
 20
573.76
 10
1150.76
 20
573.37
 10
1147.99
 20
573.1
 10
1145.29
 20
572.86
 10
1142.49
 20
572.57
 10
1139.71
 20
572.23
 10
1137.05
 20
571.86
 10
1134.61
 20
571.47
 10
1132.5
 20
571.09
 10
1130.83
 20
570.71
 10
1128.87
 20
570.26
 10
1127.26
 20
569.98
 10
1125.91
 20
569.89
 10
1124.75
 20
569.99
 10
1123.7
 20
570.3
 10
1122.66
 20
570.82
 10
1121.57
 20
571.55
 10
1120.6
 20
572.25
 10
1119.25
 20
573.18
 10
1117.6
 20
574.31
 10
1115.72
 20
575.58
 10
1113.69
 20
576.94
 10
1111.58
 20
578.33
 10
1109.46
 20
579.72
 10
1106.0
 20
582.09
 10
1103.43
 20
584.1
 10
1101.74
 20
585.8
 10
1100.88
 20
587.26
 10
1100.82
 20
588.53
 10
1101.54
 20
589.66
 10
1102.99
 20
590.7
 10
1103.74
 20
591.14
 10
1104.2
 20
591.48
 10
1104.38
 20
591.72
 10
1104.24
 20
591.88
 10
1103.8
 20
591.98
 10
1103.03
 20
592.03
 10
1101.93
 20
592.03
 10
1100.86
 20
592.13
 10
1099.37
 20
592.42
 10
1097.54
 20
592.88
 10
1095.45
 20
593.48
 10
1093.19
 20
594.21
 10
1090.83
 20
595.03
 10
1088.46
 20
595.92
 10
1084.9
 20
597.26
 10
1081.71
 20
598.27
 10
1078.5
 20
599.0
 10
1074.89
 20
599.5
 10
1070.5
 20
599.84
 10
1064.95
 20
600.06
 10
1057.85
 20
600.22
 10
1037.2
 20
600.59
 10
1056.42
 20
599.53
 10
1064.02
 20
599.04
 10
1070.57
 20
598.43
 10
1076.2
 20
597.69
 10
1081.06
 20
596.79
 10
1085.28
 20
595.7
 10
1089.01
 20
594.4
 10
1092.37
 20
592.85
 10
1094.27
 20
591.77
 10
1095.48
 20
590.77
 10
1096.01
 20
589.81
 10
1095.82
 20
588.83
 10
1094.93
 20
587.77
 10
1093.31
 20
586.58
 10
1090.95
 20
585.2
 10
1089.59
 20
584.43
 10
1088.6
 20
583.83
 10
1087.97
 20
583.38
 10
1087.72
 20
583.1
 10
1087.84
 20
582.98
 10
1088.32
 20
583.01
 10
1089.17
 20
583.2
 10
1090.04
 20
583.44
 10
1090.93
 20
583.72
 10
1091.83
 20
584.02
 10
1092.69
 20
584.33
 10
1093.49
 20
584.64
 10
1094.18
 20
584.93
 10
1094.73
 20
585.21
 10
1096.55
 20
585.01
 10
1099.77
 20
583.6
 10
1103.94
 20
581.24
 10
1108.6
 20
578.24
 10
1113.31
 20
574.89
 10
1117.61
 20
571.48
 10
1121.04
 20
568.3
 10
1122.54
 20
566.75
 10
1123.67
 20
565.69
 10
1124.56
 20
565.09
 10
1125.33
 20
564.93
 10
1126.08
 20
565.17
 10
1126.94
 20
565.8
 10
1128.03
 20
566.79
 10
1128.81
 20
567.43
 10
1129.76
 20
568.05
 10
1130.82
 20
568.63
 10
1131.95
 20
569.16
 10
1133.11
 20
569.6
 10
1134.26
 20
569.95
 10
1135.33
 20
570.17
  0
LWPOLYLINE
  5
7A
330
17
100
AcDbEntity
  8
rockery
100
AcDbPolyline
 90
59
 70
1
 10
1344.73
 20
576.17
 10
1345.63
 20
576.59
 10
1346.32
 20
576.94
 10
1346.77
 20
577.2
 10
1346.99
 20
577.36
 10
1346.97
 20
577.42
 10
1346.69
 20
577.38
 10
1346.16
 20
577.23
 10
1345.32
 20
577.01
 10
1344.18
 20
576.77
 10
1342.81
 20
576.54
 10
1341.26
 20
576.32
 10
1339.6
 20
576.11
 10
1337.89
 20
575.92
 10
1336.19
 20
575.77
 10
1329.07
 20
575.22
 10
1337.97
 20
579.44
 10
1341.64
 20
581.26
 10
1344.4
 20
582.78
 10
1346.17
 20
583.92
 10
1346.85
 20
584.59
 10
1346.36
 20
584.71
 10
1344.61
 20
584.19
 10
1341.53
 20
582.95
 10
1336.57
 20
580.89
 10
1332.35
 20
579.3
 10
1328.68
 20
578.15
 10
1325.36
 20
577.39
 10
1322.21
 20
576.99
 10
1319.04
 20
576.89
 10
1315.66
 20
577.05
 10
1313.7
 20
577.18
 10
1311.81
 20
577.23
 10
1310.04
 20
577.23
 10
1308.46
 20
577.16
 10
1307.14
 20
577.04
 10
1306.13
 20
576.85
 10
1305.5
 20
576.62
 10
1305.34
 20
576.34
 10
1305.68
 20
576.04
 10
1306.49
 20
575.72
 10
1307.72
 20
575.41
 10
1309.33
 20
575.11
 10
1311.29
 20
574.84
 10
1313.55
 20
574.59
 10
1315.87
 20
574.37
 10
1318.15
 20
574.14
 10
1320.31
 20
573.92
 10
1322.28
 20
573.71
 10
1323.97
 20
573.53
 10
1325.31
 20
573.37
 10
1326.22
 20
573.25
 10
1328.45
 20
573.09
 10
1331.08
 20
573.16
 10
1333.97
 20
573.45
 10
1336.95
 20
573.92
 10
1339.84
 20
574.54
 10
1342.49
 20
575.3
 10
1344.73
 20
576.17
  0
LWPOLYLINE
  5
7B
330
17
100
AcDbEntity
  8
rockery
100
AcDbPolyline
 90
40
 70
1
 10
1331.96
 20
585.35
 10
1333.77
 20
586.05
 10
1335.41
 20
586.71
 10
1336.83
 20
587.33
 10
1337.98
 20
587.88
 10
1338.83
 20
588.33
 10
1339.32
 20
588.67
 10
1339.41
 20
588.88
 10
1339.02
 20
588.92
 10
1338.15
 20
588.82
 10
1336.87
 20
588.59
 10
1335.23
 20
588.23
 10
1333.31
 20
587.77
 10
1331.17
 20
587.22
 10
1328.87
 20
586.59
 10
1318.87
 20
583.76
 10
1304.78
 20
587.33
 10
1301.0
 20
588.23
 10
1297.29
 20
589.01
 10
1293.7
 20
589.64
 10
1290.27
 20
590.14
 10
1287.05
 20
590.48
 10
1284.08
 20
590.67
 10
1281.41
 20
590.7
 10
1272.12
 20
590.5
 10
1283.51
 20
589.37
 10
1286.34
 20
589.04
 10
1289.38
 20
588.59
 10
1292.51
 20
588.05
 10
1295.6
 20
587.44
 10
1298.53
 20
586.78
 10
1301.19
 20
586.11
 10
1303.44
 20
585.43
 10
1308.05
 20
584.07
 10
1312.31
 20
583.16
 10
1316.33
 20
582.7
 10
1320.2
 20
582.69
 10
1324.02
 20
583.13
 10
1327.91
 20
584.01
 10
1331.96
 20
585.35
  0
LWPOLYLINE
  5
7C
330
17
100
AcDbEntity
  8
rockery
100
AcDbPolyline
 90
36
 70
1
 10
1330.49
 20
597.29
 10
1333.36
 20
598.4
 10
1335.88
 20
599.41
 10
1337.99
 20
600.32
 10
1339.63
 20
601.08
 10
1340.72
 20
601.67
 10
1341.21
 20
602.05
 10
1341.03
 20
602.2
 10
1340.25
 20
602.13
 10
1339.04
 20
601.88
 10
1337.47
 20
601.49
 10
1335.62
 20
600.96
 10
1333.56
 20
600.32
 10
1331.36
 20
599.59
 10
1329.09
 20
598.79
 10
1323.4
 20
596.84
 10
1318.56
 20
595.45
 10
1314.37
 20
594.62
 10
1310.57
 20
594.33
 10
1306.95
 20
594.57
 10
1303.27
 20
595.3
 10
1299.29
 20
596.53
 10
1295.31
 20
597.83
 10
1292.48
 20
598.6
 10
1290.85
 20
598.86
 10
1290.47
 20
598.64
 10
1291.38
 20
597.97
 10
1293.64
 20
596.88
 10
1297.29
 20
595.39
 10
1301.73
 20
593.9
 10
1305.96
 20
592.98
 10
1310.17
 20
592.64
 10
1314.55
 20
592.89
 10
1319.27
 20
593.75
 10
1324.52
 20
595.21
 10
1330.49
 20
597.29
  0
LWPOLYLINE
  5
7D
330
17
100
AcDbEntity
  8
rockery
100
AcDbPolyline
 90
50
 70
1
 10
806.03
 20
620.62
 10
809.51
 20
621.94
 10
813.6
 20
623.66
 10
817.85
 20
625.56
 10
821.8
 20
627.44
 10
824.98
 20
629.06
 10
826.94
 20
630.22
 10
827.2
 20
630.68
 10
826.71
 20
630.56
 10
825.65
 20
630.19
 10
824.09
 20
629.62
 10
822.1
 20
628.86
 10
819.77
 20
627.95
 10
817.17
 20
626.91
 10
814.38
 20
625.79
 10
810.45
 20
624.23
 10
807.06
 20
623.03
 10
804.04
 20
622.14
 10
801.19
 20
621.51
 10
798.34
 20
621.11
 10
795.29
 20
620.9
 10
791.87
 20
620.83
 10
787.68
 20
620.89
 10
784.2
 20
621.15
 10
781.29
 20
621.64
 10
778.77
 20
622.41
 10
776.49
 20
623.52
 10
774.3
 20
625.01
 10
772.03
 20
626.92
 10
771.09
 20
627.75
 10
770.33
 20
628.33
 10
769.75
 20
628.68
 10
769.32
 20
628.79
 10
769.04
 20
628.67
 10
768.88
 20
628.33
 10
768.83
 20
627.77
 10
769.21
 20
626.73
 10
770.28
 20
625.46
 10
771.89
 20
624.06
 10
773.9
 20
622.63
 10
776.17
 20
621.27
 10
778.56
 20
620.08
 10
780.93
 20
619.17
 10
783.7
 20
618.53
 10
787.05
 20
618.19
 10
790.8
 20
618.14
 10
794.75
 20
618.37
 10
798.73
 20
618.87
 10
802.55
 20
619.62
 10
806.03
 20
620.62
  0
LWPOLYLINE
  5
7E
330
17
100
AcDbEntity
  8
rockery
100
AcDbPolyline
 90
78
 70
1
 10
852.11
 20
640.57
 10
851.26
 20
640.99
 10
850.81
 20
641.36
 10
850.78
 20
641.71
 10
851.22
 20
642.08
 10
852.16
 20
642.49
 10
853.63
 20
642.97
 10
855.67
 20
643.55
 10
864.53
 20
646.77
 10
873.54
 20
651.51
 10
882.39
 20
657.51
 10
890.78
 20
664.51
 10
898.4
 20
672.27
 10
904.96
 20
680.53
 10
910.14
 20
689.04
 10
912.42
 20
693.74
 10
914.02
 20
697.75
 10
914.96
 20
701.24
 10
915.24
 20
704.38
 10
914.9
 20
707.35
 10
913.93
 20
710.33
 10
912.37
 20
713.49
 10
911.68
 20
714.78
 10
911.1
 20
716.0
 10
910.62
 20
717.12
 10
910.27
 20
718.11
 10
910.06
 20
718.92
 10
910.0
 20
719.51
 10
910.11
 20
719.85
 10
910.6
 20
720.05
 10
911.62
 20
720.23
 10
913.1
 20
720.39
 10
914.96
 20
720.52
 10
917.13
 20
720.63
 10
919.54
 20
720.7
 10
922.11
 20
720.73
 10
927.98
 20
720.45
 10
934.01
 20
719.61
 10
939.97
 20
718.28
 10
945.63
 20
716.55
 10
950.73
 20
714.48
 10
955.05
 20
712.15
 10
958.35
 20
709.63
 10
960.32
 20
707.46
 10
961.97
 20
705.06
 10
963.28
 20
702.49
 10
964.22
 20
699.83
 10
964.76
 20
697.15
 10
964.9
 20
694.51
 10
964.59
 20
691.98
 10
962.74
 20
687.81
 10
959.26
 20
683.6
 10
954.52
 20
679.59
 10
948.92
 20
676.05
 10
942.86
 20
673.21
 10
936.72
 20
671.32
 10
930.9
 20
670.64
 10
926.75
 20
670.35
 10
922.44
 20
669.5
 10
917.94
 20
668.06
 10
913.24
 20
666.04
 10
908.31
 20
663.41
 10
903.13
 20
660.18
 10
897.67
 20
656.33
 10
894.87
 20
654.29
 10
891.89
 20
652.23
 10
888.86
 20
650.21
 10
885.9
 20
648.32
 10
883.11
 20
646.63
 10
880.63
 20
645.21
 10
878.57
 20
644.13
 10
874.8
 20
642.59
 10
870.63
 20
641.34
 10
866.3
 20
640.41
 10
862.05
 20
639.84
 10
858.11
 20
639.65
 10
854.72
 20
639.89
 10
852.11
 20
640.57
  0
LWPOLYLINE
  5
7F
330
17
100
AcDbEntity
  8
rockery
100
AcDbPolyline
 90
271
 70
1
 10
824.35
 20
642.04
 10
824.41
 20
642.39
 10
824.57
 20
642.72
 10
824.82
 20
643.0
 10
825.15
 20
643.24
 10
825.54
 20
643.43
 10
825.99
 20
643.54
 10
826.47
 20
643.58
 10
828.11
 20
644.3
 10
830.22
 20
646.23
 10
832.58
 20
649.07
 10
834.98
 20
652.49
 10
837.2
 20
656.19
 10
839.0
 20
659.84
 10
840.18
 20
663.14
 10
840.93
 20
665.61
 10
841.66
 20
667.27
 10
842.37
 20
668.12
 10
843.06
 20
668.17
 10
843.73
 20
667.42
 10
844.38
 20
665.86
 10
845.0
 20
663.5
 10
845.25
 20
662.53
 10
845.54
 20
661.63
 10
845.87
 20
660.84
 10
846.22
 20
660.18
 10
846.57
 20
659.68
 10
846.92
 20
659.36
 10
847.24
 20
659.25
 10
848.04
 20
659.54
 10
848.46
 20
660.36
 10
848.53
 20
661.58
 10
848.27
 20
663.09
 10
847.7
 20
664.77
 10
846.84
 20
666.5
 10
845.71
 20
668.18
 10
845.06
 20
669.13
 10
844.46
 20
670.25
 10
843.93
 20
671.49
 10
843.49
 20
672.79
 10
843.15
 20
674.1
 10
842.93
 20
675.37
 10
842.85
 20
676.55
 10
842.32
 20
681.12
 10
840.77
 20
685.19
 10
838.3
 20
688.71
 10
834.99
 20
691.58
 10
830.92
 20
693.75
 10
826.18
 20
695.14
 10
820.86
 20
695.67
 10
815.65
 20
695.77
 10
811.77
 20
695.95
 10
808.93
 20
696.29
 10
806.83
 20
696.87
 10
805.18
 20
697.77
 10
803.69
 20
699.08
 10
802.05
 20
700.87
 10
800.92
 20
702.13
 10
799.5
 20
703.66
 10
797.85
 20
705.4
 10
796.05
 20
707.28
 10
794.16
 20
709.21
 10
792.26
 20
711.13
 10
790.42
 20
712.97
 10
787.22
 20
716.05
 10
785.16
 20
718.21
 10
784.42
 20
719.76
 10
785.18
 20
721.0
 10
787.63
 20
722.25
 10
791.97
 20
723.8
 10
798.37
 20
725.96
 10
802.58
 20
727.37
 10
805.8
 20
728.29
 10
808.38
 20
728.72
 10
810.62
 20
728.65
 10
812.87
 20
728.06
 10
815.45
 20
726.95
 10
818.68
 20
725.3
 10
823.07
 20
722.64
 10
826.84
 20
719.59
 10
829.98
 20
716.18
 10
832.46
 20
712.44
 10
834.26
 20
708.4
 10
835.35
 20
704.09
 10
835.73
 20
699.55
 10
835.78
 20
698.81
 10
835.9
 20
698.08
 10
836.09
 20
697.39
 10
836.33
 20
696.75
 10
836.63
 20
696.2
 10
836.96
 20
695.76
 10
837.32
 20
695.45
 10
837.74
 20
695.3
 10
838.05
 20
695.42
 10
838.24
 20
695.84
 10
838.31
 20
696.57
 10
838.28
 20
697.61
 10
838.13
 20
698.99
 10
837.87
 20
700.71
 10
836.81
 20
705.78
 10
835.38
 20
710.33
 10
833.57
 20
714.39
 10
831.38
 20
717.94
 10
828.81
 20
721.0
 10
825.86
 20
723.57
 10
822.53
 20
725.65
 10
820.67
 20
726.78
 10
819.65
 20
727.8
 10
819.45
 20
728.69
 10
820.05
 20
729.42
 10
821.43
 20
729.97
 10
823.58
 20
730.31
 10
826.46
 20
730.43
 10
831.43
 20
729.68
 10
835.93
 20
727.51
 10
839.85
 20
724.06
 10
843.09
 20
719.49
 10
845.55
 20
713.93
 10
847.14
 20
707.52
 10
847.74
 20
700.41
 10
847.79
 20
698.24
 10
847.89
 20
696.28
 10
848.04
 20
694.59
 10
848.22
 20
693.2
 10
848.43
 20
692.19
 10
848.66
 20
691.61
 10
848.91
 20
691.5
 10
849.16
 20
691.87
 10
849.38
 20
692.63
 10
849.58
 20
693.73
 10
849.74
 20
695.11
 10
849.87
 20
696.71
 10
849.95
 20
698.49
 10
849.98
 20
700.39
 10
849.91
 20
702.98
 10
849.7
 20
705.36
 10
849.31
 20
707.63
 10
848.73
 20
709.88
 10
847.93
 20
712.21
 10
846.88
 20
714.71
 10
845.55
 20
717.48
 10
844.57
 20
719.52
 10
843.71
 20
721.45
 10
842.99
 20
723.21
 10
842.45
 20
724.72
 10
842.1
 20
725.94
 10
841.96
 20
726.81
 10
842.05
 20
727.25
 10
843.22
 20
727.55
 10
845.04
 20
727.03
 10
847.28
 20
725.86
 10
849.71
 20
724.18
 10
852.1
 20
722.17
 10
854.22
 20
719.97
 10
855.84
 20
717.76
 10
856.58
 20
716.28
 10
857.35
 20
714.35
 10
858.13
 20
712.05
 10
858.88
 20
709.49
 10
859.57
 20
706.77
 10
860.18
 20
703.98
 10
860.67
 20
701.25
 10
862.47
 20
689.86
 10
862.62
 20
699.11
 10
862.41
 20
704.14
 10
861.66
 20
708.91
 10
860.37
 20
713.35
 10
858.59
 20
717.42
 10
856.33
 20
721.04
 10
853.62
 20
724.17
 10
850.49
 20
726.73
 10
848.33
 20
728.31
 10
847.18
 20
729.43
 10
847.03
 20
730.09
 10
847.91
 20
730.3
 10
849.83
 20
730.06
 10
852.8
 20
729.38
 10
856.81
 20
728.25
 10
858.62
 20
727.65
 10
860.31
 20
726.98
 10
861.84
 20
726.25
 10
863.18
 20
725.49
 10
864.3
 20
724.71
 10
865.15
 20
723.94
 10
865.7
 20
723.2
 10
866.79
 20
720.23
 10
868.01
 20
715.44
 10
869.25
 20
709.56
 10
870.36
 20
703.33
 10
871.23
 20
697.47
 10
871.71
 20
692.72
 10
871.68
 20
689.81
 10
871.35
 20
687.69
 10
871.38
 20
686.59
 10
871.74
 20
686.48
 10
872.42
 20
687.34
 10
873.39
 20
689.16
 10
874.64
 20
691.9
 10
876.15
 20
695.54
 10
877.01
 20
697.82
 10
877.8
 20
700.24
 10
878.52
 20
702.72
 10
879.13
 20
705.15
 10
879.61
 20
707.44
 10
879.94
 20
709.48
 10
880.1
 20
711.2
 10
880.2
 20
713.81
 10
880.35
 20
715.64
 10
880.61
 20
716.78
 10
881.05
 20
717.31
 10
881.76
 20
717.32
 10
882.8
 20
716.9
 10
884.24
 20
716.14
 10
885.5
 20
715.06
 10
886.38
 20
713.36
 10
886.86
 20
711.07
 10
886.95
 20
708.2
 10
886.64
 20
704.77
 10
885.95
 20
700.78
 10
884.86
 20
696.26
 10
883.95
 20
692.82
 10
883.32
 20
690.32
 10
882.98
 20
688.69
 10
882.9
 20
687.86
 10
883.1
 20
687.77
 10
883.55
 20
688.33
 10
884.26
 20
689.49
 10
885.37
 20
691.76
 10
886.47
 20
694.67
 10
887.51
 20
697.99
 10
888.43
 20
701.49
 10
889.16
 20
704.94
 10
889.65
 20
708.1
 10
889.83
 20
710.75
 10
889.84
 20
715.99
 10
897.69
 20
716.97
 10
901.15
 20
717.3
 10
903.9
 20
717.29
 10
906.06
 20
716.87
 10
907.74
 20
715.96
 10
909.08
 20
714.5
 10
910.2
 20
712.43
 10
911.24
 20
709.67
 10
912.05
 20
704.45
 10
911.35
 20
698.53
 10
909.23
 20
692.08
 10
905.75
 20
685.25
 10
901.02
 20
678.21
 10
895.1
 20
671.1
 10
888.08
 20
664.1
 10
884.01
 20
660.71
 10
879.29
 20
657.31
 10
874.21
 20
654.06
 10
869.07
 20
651.14
 10
864.16
 20
648.71
 10
859.78
 20
646.94
 10
856.23
 20
646.0
 10
855.14
 20
645.81
 10
854.01
 20
645.56
 10
852.87
 20
645.27
 10
851.76
 20
644.94
 10
850.74
 20
644.6
 10
849.84
 20
644.25
 10
849.11
 20
643.91
 10
846.43
 20
643.03
 10
842.38
 20
642.26
 10
837.62
 20
641.68
 10
832.78
 20
641.31
 10
828.53
 20
641.22
 10
825.5
 20
641.44
 10
824.35
 20
642.04
  0
LWPOLYLINE
  5
80
330
17
100
AcDbEntity
  8
rockery
100
AcDbPolyline
 90
36
 70
1
 10
897.04
 20
687.8
 10
898.32
 20
689.99
 10
899.5
 20
692.11
 10
900.54
 20
694.09
 10
901.4
 20
695.85
 10
902.05
 20
697.34
 10
902.46
 20
698.48
 10
902.6
 20
699.19
 10
902.47
 20
699.44
 10
902.14
 20
699.22
 10
901.62
 20
698.59
 10
900.94
 20
697.59
 10
900.13
 20
696.24
 10
899.22
 20
694.6
 10
898.23
 20
692.7
 10
897.11
 20
690.58
 10
895.81
 20
688.3
 10
894.38
 20
685.96
 10
892.9
 20
683.64
 10
891.41
 20
681.44
 10
889.98
 20
679.44
 10
888.67
 20
677.75
 10
885.59
 20
673.94
 10
883.33
 20
671.05
 10
881.94
 20
669.12
 10
881.43
 20
668.2
 10
881.83
 20
668.35
 10
883.18
 20
669.62
 10
885.49
 20
672.06
 10
887.0
 20
673.77
 10
888.67
 20
675.82
 10
890.44
 20
678.12
 10
892.23
 20
680.56
 10
893.97
 20
683.05
 10
895.6
 20
685.5
 10
897.04
 20
687.8
  0
LWPOLYLINE
  5
81
330
17
100
AcDbEntity
  8
rockery
100
AcDbPolyline
 90
126
 70
1
 10
964.58
 20
673.63
 10
969.74
 20
677.36
 10
974.12
 20
681.05
 10
977.72
 20
684.7
 10
980.54
 20
688.31
 10
982.58
 20
691.88
 10
983.84
 20
695.41
 10
984.32
 20
698.91
 10
983.54
 20
703.92
 10
981.0
 20
708.59
 10
976.83
 20
712.85
 10
971.15
 20
716.62
 10
964.08
 20
719.81
 10
955.73
 20
722.34
 10
946.24
 20
724.14
 10
943.32
 20
724.41
 10
941.33
 20
724.33
 10
940.27
 20
723.97
 10
940.16
 20
723.43
 10
941.01
 20
722.78
 10
942.85
 20
722.11
 10
945.69
 20
721.5
 10
950.15
 20
720.54
 10
954.66
 20
719.17
 10
959.1
 20
717.43
 10
963.37
 20
715.38
 10
967.36
 20
713.07
 10
970.95
 20
710.55
 10
974.03
 20
707.89
 10
980.62
 20
701.45
 10
978.5
 20
695.25
 10
977.83
 20
693.58
 10
976.91
 20
691.8
 10
975.78
 20
689.93
 10
974.47
 20
688.03
 10
973.01
 20
686.15
 10
971.44
 20
684.33
 10
969.79
 20
682.62
 10
966.29
 20
679.57
 10
962.22
 20
676.59
 10
957.85
 20
673.81
 10
953.45
 20
671.4
 10
949.28
 20
669.49
 10
945.62
 20
668.24
 10
942.73
 20
667.79
 10
941.69
 20
667.83
 10
941.12
 20
667.98
 10
941.04
 20
668.27
 10
941.48
 20
668.72
 10
942.46
 20
669.35
 10
944.01
 20
670.21
 10
946.16
 20
671.3
 10
947.96
 20
672.27
 10
949.97
 20
673.49
 10
952.13
 20
674.88
 10
954.32
 20
676.4
 10
956.48
 20
677.98
 10
958.51
 20
679.57
 10
960.32
 20
681.09
 10
962.94
 20
683.43
 10
964.83
 20
685.28
 10
966.09
 20
686.88
 10
966.87
 20
688.5
 10
967.27
 20
690.4
 10
967.42
 20
692.84
 10
967.44
 20
696.06
 10
967.4
 20
699.12
 10
967.26
 20
701.49
 10
966.93
 20
703.36
 10
966.36
 20
704.93
 10
965.46
 20
706.36
 10
964.19
 20
707.86
 10
962.46
 20
709.6
 10
959.69
 20
711.83
 10
955.99
 20
714.15
 10
951.6
 20
716.45
 10
946.76
 20
718.61
 10
941.73
 20
720.52
 10
936.75
 20
722.09
 10
932.07
 20
723.18
 10
926.15
 20
724.28
 10
932.56
 20
725.16
 10
934.57
 20
725.38
 10
937.47
 20
725.62
 10
941.11
 20
725.88
 10
945.3
 20
726.14
 10
949.9
 20
726.4
 10
954.72
 20
726.63
 10
959.61
 20
726.84
 10
968.68
 20
727.11
 10
975.96
 20
727.04
 10
982.04
 20
726.51
 10
987.54
 20
725.39
 10
993.05
 20
723.56
 10
999.18
 20
720.91
 10
1006.54
 20
717.3
 10
1010.02
 20
715.48
 10
1012.97
 20
713.82
 10
1015.42
 20
712.27
 10
1017.43
 20
710.8
 10
1019.05
 20
709.38
 10
1020.33
 20
707.96
 10
1021.31
 20
706.52
 10
1022.25
 20
704.83
 10
1022.89
 20
703.45
 10
1023.23
 20
702.22
 10
1023.27
 20
701.0
 10
1023.02
 20
699.61
 10
1022.49
 20
697.9
 10
1021.67
 20
695.7
 10
1020.44
 20
693.12
 10
1018.72
 20
690.59
 10
1016.51
 20
688.11
 10
1013.83
 20
685.69
 10
1010.67
 20
683.32
 10
1007.04
 20
681.01
 10
1002.93
 20
678.76
 10
998.33
 20
676.67
 10
992.65
 20
674.5
 10
986.3
 20
672.37
 10
979.73
 20
670.41
 10
973.36
 20
668.74
 10
967.62
 20
667.51
 10
962.94
 20
666.82
 10
953.2
 20
665.95
 10
964.58
 20
673.63
  0
LWPOLYLINE
  5
82
330
17
100
AcDbEntity
  8
rockery
100
AcDbPolyline
 90
31
 70
1
 10
872.26
 20
704.45
 10
872.03
 20
706.47
 10
871.77
 20
708.61
 10
871.49
 20
710.78
 10
871.21
 20
712.92
 10
870.92
 20
714.91
 10
870.66
 20
716.7
 10
870.42
 20
718.19
 10
869.47
 20
723.74
 10
873.96
 20
721.08
 10
875.47
 20
720.13
 10
876.61
 20
719.24
 10
877.41
 20
718.3
 10
877.95
 20
717.2
 10
878.27
 20
715.83
 10
878.42
 20
714.07
 10
878.45
 20
711.83
 10
878.32
 20
708.8
 10
877.95
 20
705.73
 10
877.38
 20
702.81
 10
876.68
 20
700.22
 10
875.89
 20
698.14
 10
875.07
 20
696.76
 10
874.25
 20
696.26
 10
873.97
 20
696.48
 10
873.68
 20
697.1
 10
873.37
 20
698.07
 10
873.06
 20
699.34
 10
872.77
 20
700.86
 10
872.5
 20
702.58
 10
872.26
 20
704.45
  0
LWPOLYLINE
  5
83
330
17
100
AcDbEntity
  8
rockery
100
AcDbPolyline
 90
930
 70
1
 10
687.83
 20
741.94
 10
686.33
 20
742.28
 10
684.82
 20
742.72
 10
683.34
 20
743.23
 10
681.97
 20
743.79
 10
680.74
 20
744.38
 10
679.71
 20
744.97
 10
678.94
 20
745.55
 10
678.22
 20
746.11
 10
677.34
 20
746.63
 10
676.33
 20
747.12
 10
675.25
 20
747.54
 10
674.13
 20
747.89
 10
673.01
 20
748.14
 10
671.94
 20
748.28
 10
670.93
 20
748.38
 10
669.96
 20
748.5
 10
669.06
 20
748.65
 10
668.28
 20
748.81
 10
667.63
 20
748.98
 10
667.15
 20
749.16
 10
666.88
 20
749.33
 10
666.7
 20
749.76
 10
666.51
 20
750.66
 10
666.31
 20
751.98
 10
666.11
 20
753.65
 10
665.92
 20
755.59
 10
665.74
 20
757.76
 10
665.59
 20
760.07
 10
665.18
 20
764.98
 10
664.5
 20
769.25
 10
663.5
 20
773.04
 10
662.11
 20
776.5
 10
660.28
 20
779.77
 10
657.94
 20
783.02
 10
655.03
 20
786.39
 10
653.71
 20
787.88
 10
652.49
 20
789.36
 10
651.41
 20
790.77
 10
650.51
 20
792.06
 10
649.82
 20
793.1800000000001
 10
649.38
 20
794.0899999999999
 10
649.23
 20
794.72
 10
649.48
 20
795.45
 10
650.18
 20
796.62
 10
651.29
 20
798.1700000000001
 10
652.73
 20
800.03
 10
654.47
 20
802.11
 10
656.43
 20
804.3399999999999
 10
658.56
 20
806.6600000000001
 10
664.3
 20
812.9
 10
669.13
 20
818.48
 10
673.15
 20
823.52
 10
676.43
 20
828.15
 10
679.06
 20
832.48
 10
681.14
 20
836.65
 10
682.73
 20
840.76
 10
684.65
 20
845.8199999999999
 10
686.74
 20
850.0899999999999
 10
689.08
 20
853.65
 10
691.71
 20
856.55
 10
694.69
 20
858.85
 10
698.08
 20
860.63
 10
701.94
 20
861.94
 10
708.62
 20
864.02
 10
715.37
 20
866.7
 10
722.0
 20
869.87
 10
728.35
 20
873.45
 10
734.23
 20
877.3199999999999
 10
739.48
 20
881.39
 10
743.91
 20
885.56
 10
745.13
 20
886.98
 10
746.73
 20
889.04
 10
748.62
 20
891.61
 10
750.71
 20
894.5899999999999
 10
752.94
 20
897.85
 10
755.21
 20
901.27
 10
757.44
 20
904.75
 10
759.76
 20
908.4200000000001
 10
762.31
 20
912.4
 10
764.97
 20
916.54
 10
767.65
 20
920.6700000000001
 10
770.23
 20
924.62
 10
772.61
 20
928.24
 10
774.68
 20
931.35
 10
776.74
 20
934.53
 10
779.1
 20
938.3299999999999
 10
781.65
 20
942.5699999999999
 10
784.29
 20
947.0699999999999
 10
786.91
 20
951.65
 10
789.41
 20
956.15
 10
791.68
 20
960.37
 10
796.62
 20
969.56
 10
801.47
 20
978.26
 10
806.12
 20
986.3299999999999
 10
810.5
 20
993.6
 10
814.51
 20
999.9300000000001
 10
818.05
 20
1005.1600000000001
 10
821.04
 20
1009.12
 10
825.62
 20
1013.8299999999999
 10
831.19
 20
1017.98
 10
837.57
 20
1021.5
 10
844.59
 20
1024.32
 10
852.08
 20
1026.37
 10
859.86
 20
1027.59
 10
867.78
 20
1027.91
 10
870.3
 20
1027.8600000000001
 10
873.09
 20
1027.8
 10
876.04
 20
1027.74
 10
879.02
 20
1027.68
 10
881.92
 20
1027.6100000000001
 10
884.62
 20
1027.55
 10
887.0
 20
1027.5
 10
890.13
 20
1027.5
 10
893.06
 20
1027.7
 10
896.02
 20
1028.1399999999999
 10
899.24
 20
1028.88
 10
902.92
 20
1029.97
 10
907.31
 20
1031.45
 10
912.62
 20
1033.3899999999999
 10
916.52
 20
1034.84
 10
920.4
 20
1036.28
 10
924.13
 20
1037.66
 10
927.57
 20
1038.94
 10
930.59
 20
1040.05
 10
933.05
 20
1040.96
 10
934.82
 20
1041.6
 10
939.05
 20
1043.26
 10
941.8
 20
1044.56
 10
943.08
 20
1045.45
 10
942.92
 20
1045.88
 10
941.33
 20
1045.78
 10
938.34
 20
1045.09
 10
933.98
 20
1043.77
 10
931.1
 20
1042.83
 10
928.23
 20
1041.92
 10
925.48
 20
1041.07
 10
922.94
 20
1040.31
 10
920.72
 20
1039.67
 10
918.9
 20
1039.17
 10
917.61
 20
1038.8600000000001
 10
913.34
 20
1037.94
 10
919.03
 20
1043.12
 10
920.5
 20
1044.41
 10
922.17
 20
1045.81
 10
923.96
 20
1047.25
 10
925.81
 20
1048.68
 10
927.65
 20
1050.04
 10
929.39
 20
1051.27
 10
930.97
 20
1052.33
 10
932.6
 20
1053.47
 10
934.51
 20
1054.92
 10
936.6
 20
1056.62
 10
938.79
 20
1058.5
 10
940.99
 20
1060.47
 10
943.11
 20
1062.46
 10
945.07
 20
1064.41
 10
948.45
 20
1067.69
 10
951.65
 20
1070.41
 10
954.7
 20
1072.6100000000001
 10
957.64
 20
1074.29
 10
960.49
 20
1075.48
 10
963.28
 20
1076.17
 10
966.03
 20
1076.4
 10
967.29
 20
1076.23
 10
969.26
 20
1075.73
 10
971.83
 20
1074.95
 10
974.88
 20
1073.93
 10
978.27
 20
1072.7
 10
981.9
 20
1071.32
 10
985.65
 20
1069.81
 10
1001.61
 20
1063.22
 10
1018.69
 20
1066.19
 10
1022.99
 20
1066.97
 10
1027.72
 20
1067.8600000000001
 10
1032.66
 20
1068.83
 10
1037.63
 20
1069.85
 10
1042.42
 20
1070.8600000000001
 10
1046.86
 20
1071.84
 10
1050.73
 20
1072.73
 10
1065.68
 20
1076.29
 10
1070.66
 20
1073.0
 10
1071.97
 20
1072.09
 10
1073.5
 20
1070.95
 10
1075.18
 20
1069.6399999999999
 10
1076.95
 20
1068.2
 10
1078.73
 20
1066.71
 10
1080.45
 20
1065.21
 10
1082.05
 20
1063.76
 10
1085.08
 20
1061.05
 10
1087.92
 20
1058.75
 10
1090.71
 20
1056.78
 10
1093.59
 20
1055.05
 10
1096.69
 20
1053.49
 10
1100.16
 20
1052.02
 10
1104.12
 20
1050.54
 10
1107.15
 20
1049.55
 10
1109.93
 20
1048.78
 10
1112.22
 20
1048.27
 10
1113.83
 20
1048.05
 10
1114.52
 20
1048.1399999999999
 10
1114.08
 20
1048.58
 10
1112.3
 20
1049.4
 10
1110.27
 20
1050.3600000000001
 10
1109.29
 20
1051.19
 10
1109.34
 20
1051.8600000000001
 10
1110.42
 20
1052.38
 10
1112.49
 20
1052.73
 10
1115.54
 20
1052.91
 10
1119.56
 20
1052.9
 10
1123.14
 20
1052.77
 10
1126.06
 20
1052.53
 10
1128.54
 20
1052.12
 10
1130.79
 20
1051.47
 10
1133.04
 20
1050.52
 10
1135.51
 20
1049.21
 10
1138.42
 20
1047.46
 10
1142.66
 20
1045.13
 10
1147.02
 20
1043.3
 10
1151.62
 20
1041.95
 10
1156.57
 20
1041.06
 10
1161.98
 20
1040.62
 10
1167.95
 20
1040.6
 10
1174.59
 20
1040.98
 10
1177.62
 20
1041.19
 10
1181.53
 20
1041.38
 10
1186.13
 20
1041.57
 10
1191.21
 20
1041.73
 10
1196.57
 20
1041.87
 10
1202.01
 20
1041.97
 10
1207.34
 20
1042.03
 10
1215.18
 20
1042.07
 10
1221.05
 20
1042.02
 10
1225.38
 20
1041.84
 10
1228.57
 20
1041.46
 10
1231.03
 20
1040.8600000000001
 10
1233.18
 20
1039.97
 10
1235.45
 20
1038.75
 10
1238.9
 20
1036.38
 10
1244.15
 20
1032.33
 10
1250.43
 20
1027.23
 10
1256.99
 20
1021.73
 10
1263.06
 20
1016.46
 10
1267.89
 20
1012.05
 10
1270.73
 20
1009.14
 10
1271.29
 20
1008.49
 10
1272.24
 20
1007.4100000000001
 10
1273.52
 20
1005.97
 10
1275.06
 20
1004.25
 10
1276.82
 20
1002.31
 10
1278.72
 20
1000.22
 10
1280.7
 20
998.04
 10
1282.82
 20
995.7
 10
1285.13
 20
993.14
 10
1287.51
 20
990.46
 10
1289.88
 20
987.78
 10
1292.15
 20
985.19
 10
1294.23
 20
982.8
 10
1296.01
 20
980.72
 10
1301.91
 20
974.5799999999999
 10
1308.61
 20
969.3399999999999
 10
1316.49
 20
964.8399999999999
 10
1325.94
 20
960.9100000000001
 10
1337.35
 20
957.39
 10
1351.1
 20
954.12
 10
1367.6
 20
950.94
 10
1374.29
 20
949.71
 10
1380.2
 20
948.54
 10
1385.3
 20
947.4200000000001
 10
1389.56
 20
946.38
 10
1392.94
 20
945.4200000000001
 10
1395.41
 20
944.54
 10
1396.94
 20
943.76
 10
1398.51
 20
942.46
 10
1399.94
 20
940.74
 10
1401.31
 20
938.4100000000001
 10
1402.71
 20
935.27
 10
1404.22
 20
931.13
 10
1405.95
 20
925.8
 10
1407.96
 20
919.0799999999999
 10
1408.69
 20
916.7
 10
1409.5
 20
914.3299999999999
 10
1410.34
 20
912.04
 10
1411.18
 20
909.9300000000001
 10
1411.99
 20
908.06
 10
1412.74
 20
906.54
 10
1413.4
 20
905.4300000000001
 10
1418.78
 20
897.4300000000001
 10
1422.73
 20
891.14
 10
1425.37
 20
886.22
 10
1426.84
 20
882.3399999999999
 10
1427.25
 20
879.1700000000001
 10
1426.74
 20
876.36
 10
1425.44
 20
873.5899999999999
 10
1424.68
 20
872.48
 10
1423.62
 20
871.22
 10
1422.31
 20
869.88
 10
1420.83
 20
868.5
 10
1419.22
 20
867.15
 10
1417.55
 20
865.87
 10
1415.86
 20
864.72
 10
1411.43
 20
861.76
 10
1407.5
 20
858.88
 10
1404.06
 20
856.0699999999999
 10
1401.12
 20
853.3399999999999
 10
1398.65
 20
850.6700000000001
 10
1396.66
 20
848.04
 10
1395.12
 20
845.46
 10
1394.3
 20
844.0
 10
1393.18
 20
842.27
 10
1391.84
 20
840.3399999999999
 10
1390.32
 20
838.29
 10
1388.69
 20
836.21
 10
1387.01
 20
834.1700000000001
 10
1385.33
 20
832.26
 10
1383.58
 20
830.23
 10
1381.96
 20
828.15
 10
1380.49
 20
826.0699999999999
 10
1379.21
 20
824.04
 10
1378.14
 20
822.11
 10
1377.32
 20
820.31
 10
1376.76
 20
818.7
 10
1376.36
 20
817.3399999999999
 10
1375.89
 20
816.0699999999999
 10
1375.38
 20
814.9
 10
1374.85
 20
813.88
 10
1374.32
 20
813.06
 10
1373.82
 20
812.48
 10
1373.36
 20
812.1600000000001
 10
1372.74
 20
812.0699999999999
 10
1371.77
 20
812.13
 10
1370.52
 20
812.31
 10
1369.04
 20
812.62
 10
1367.39
 20
813.04
 10
1365.63
 20
813.55
 10
1363.82
 20
814.15
 10
1361.91
 20
814.81
 10
1359.86
 20
815.51
 10
1357.76
 20
816.23
 10
1355.68
 20
816.9300000000001
 10
1353.71
 20
817.5899999999999
 10
1351.93
 20
818.1800000000001
 10
1350.43
 20
818.6800000000001
 10
1347.9
 20
819.6600000000001
 10
1344.92
 20
821.0899999999999
 10
1341.6
 20
822.9100000000001
 10
1338.04
 20
825.06
 10
1334.35
 20
827.46
 10
1330.64
 20
830.06
 10
1327.01
 20
832.79
 10
1323.53
 20
835.51
 10
1329.59
 20
837.3199999999999
 10
1331.59
 20
837.8399999999999
 10
1333.66
 20
838.2
 10
1335.9
 20
838.4
 10
1338.43
 20
838.44
 10
1341.34
 20
838.3199999999999
 10
1344.74
 20
838.05
 10
1348.73
 20
837.63
 10
1352.07
 20
837.3
 10
1355.47
 20
837.06
 10
1358.84
 20
836.9100000000001
 10
1362.08
 20
836.85
 10
1365.1
 20
836.9
 10
1367.82
 20
837.04
 10
1370.14
 20
837.28
 10
1374.87
 20
838.02
 10
1377.83
 20
838.69
 10
1379.06
 20
839.23
 10
1378.6
 20
839.61
 10
1376.49
 20
839.8
 10
1372.78
 20
839.77
 10
1367.51
 20
839.47
 10
1354.7
 20
838.54
 10
1362.94
 20
843.1
 10
1365.02
 20
844.3199999999999
 10
1367.31
 20
845.81
 10
1369.72
 20
847.48
 10
1372.15
 20
849.27
 10
1374.5
 20
851.11
 10
1376.69
 20
852.9200000000001
 10
1378.6
 20
854.63
 10
1382.26
 20
857.9200000000001
 10
1385.68
 20
860.65
 10
1389.0
 20
862.89
 10
1392.37
 20
864.73
 10
1395.94
 20
866.25
 10
1399.85
 20
867.51
 10
1404.24
 20
868.61
 10
1407.18
 20
869.3299999999999
 10
1409.61
 20
870.05
 10
1411.5
 20
870.78
 10
1412.85
 20
871.49
 10
1413.64
 20
872.2
 10
1413.87
 20
872.89
 10
1413.51
 20
873.56
 10
1412.19
 20
873.6600000000001
 10
1409.38
 20
873.23
 10
1405.58
 20
872.4
 10
1401.31
 20
871.29
 10
1397.04
 20
870.04
 10
1393.3
 20
868.77
 10
1390.58
 20
867.62
 10
1389.29
 20
866.86
 10
1387.64
 20
865.73
 10
1385.71
 20
864.28
 10
1383.59
 20
862.6
 10
1381.34
 20
860.74
 10
1379.08
 20
858.76
 10
1376.86
 20
856.75
 10
1372.13
 20
852.5699999999999
 10
1367.73
 20
849.21
 10
1363.54
 20
846.62
 10
1359.45
 20
844.74
 10
1355.32
 20
843.5
 10
1351.02
 20
842.86
 10
1346.45
 20
842.75
 10
1344.25
 20
842.75
 10
1341.67
 20
842.62
 10
1338.82
 20
842.39
 10
1335.81
 20
842.06
 10
1332.78
 20
841.65
 10
1329.84
 20
841.1700000000001
 10
1327.1
 20
840.64
 10
1323.2
 20
839.8299999999999
 10
1320.04
 20
839.29
 10
1317.32
 20
839.02
 10
1314.72
 20
839.01
 10
1311.95
 20
839.27
 10
1308.69
 20
839.8
 10
1304.64
 20
840.5899999999999
 10
1298.91
 20
841.69
 10
1294.25
 20
842.4
 10
1290.4
 20
842.73
 10
1287.09
 20
842.6600000000001
 10
1284.06
 20
842.2
 10
1281.06
 20
841.3299999999999
 10
1277.82
 20
840.06
 10
1274.42
 20
838.6700000000001
 10
1271.92
 20
837.78
 10
1270.27
 20
837.4
 10
1269.45
 20
837.54
 10
1269.43
 20
838.21
 10
1270.18
 20
839.4
 10
1271.68
 20
841.13
 10
1274.54
 20
844.53
 10
1276.62
 20
847.8
 10
1277.91
 20
851.0799999999999
 10
1278.46
 20
854.52
 10
1278.29
 20
858.23
 10
1277.4
 20
862.37
 10
1275.83
 20
867.06
 10
1273.29
 20
872.71
 10
1270.07
 20
878.03
 10
1266.17
 20
883.04
 10
1261.57
 20
887.75
 10
1256.26
 20
892.1600000000001
 10
1250.23
 20
896.29
 10
1243.47
 20
900.1600000000001
 10
1241.74
 20
901.13
 10
1239.87
 20
902.29
 10
1237.93
 20
903.5699999999999
 10
1236.01
 20
904.94
 10
1234.18
 20
906.3199999999999
 10
1232.51
 20
907.6800000000001
 10
1231.08
 20
908.96
 10
1225.38
 20
913.89
 10
1219.16
 20
918.46
 10
1212.58
 20
922.5699999999999
 10
1205.8
 20
926.14
 10
1199.0
 20
929.0799999999999
 10
1192.32
 20
931.3
 10
1185.93
 20
932.72
 10
1182.97
 20
933.11
 10
1179.83
 20
933.3399999999999
 10
1176.37
 20
933.39
 10
1172.44
 20
933.27
 10
1167.88
 20
932.97
 10
1162.55
 20
932.49
 10
1156.3
 20
931.81
 10
1151.33
 20
931.29
 10
1146.31
 20
930.8399999999999
 10
1141.4
 20
930.47
 10
1136.8
 20
930.19
 10
1132.68
 20
930.02
 10
1129.23
 20
929.96
 10
1126.63
 20
930.03
 10
1124.58
 20
930.15
 10
1122.69
 20
930.25
 10
1121.02
 20
930.31
 10
1119.62
 20
930.3399999999999
 10
1118.56
 20
930.3399999999999
 10
1117.88
 20
930.3
 10
1117.64
 20
930.24
 10
1117.8
 20
930.11
 10
1118.25
 20
929.9100000000001
 10
1118.95
 20
929.65
 10
1119.87
 20
929.35
 10
1120.98
 20
929.01
 10
1122.23
 20
928.64
 10
1123.58
 20
928.27
 10
1125.68
 20
927.8199999999999
 10
1128.09
 20
927.55
 10
1130.97
 20
927.47
 10
1134.51
 20
927.5799999999999
 10
1138.86
 20
927.89
 10
1144.19
 20
928.4
 10
1150.68
 20
929.13
 10
1162.41
 20
930.27
 10
1172.3
 20
930.63
 10
1180.93
 20
930.1
 10
1188.88
 20
928.5799999999999
 10
1196.73
 20
925.9300000000001
 10
1205.06
 20
922.0699999999999
 10
1214.46
 20
916.86
 10
1216.72
 20
915.49
 10
1219.09
 20
913.95
 10
1221.48
 20
912.31
 10
1223.78
 20
910.64
 10
1225.92
 20
909.01
 10
1227.8
 20
907.48
 10
1229.33
 20
906.11
 10
1231.38
 20
904.0
 10
1232.69
 20
902.28
 10
1233.27
 20
901.02
 10
1233.12
 20
900.24
 10
1232.26
 20
899.99
 10
1230.69
 20
900.31
 10
1228.42
 20
901.23
 10
1227.34
 20
901.74
 10
1226.63
 20
902.05
 10
1226.29
 20
902.15
 10
1226.32
 20
902.04
 10
1226.73
 20
901.71
 10
1227.52
 20
901.13
 10
1228.7
 20
900.31
 10
1233.48
 20
896.38
 10
1238.05
 20
891.52
 10
1242.27
 20
885.97
 10
1245.97
 20
880.0
 10
1249.0
 20
873.85
 10
1251.19
 20
867.79
 10
1252.38
 20
862.06
 10
1252.59
 20
859.8
 10
1252.64
 20
857.75
 10
1252.53
 20
855.8199999999999
 10
1252.23
 20
853.9300000000001
 10
1251.74
 20
851.99
 10
1251.04
 20
849.94
 10
1250.13
 20
847.6700000000001
 10
1247.02
 20
840.46
 10
1238.2
 20
839.63
 10
1236.12
 20
839.4200000000001
 10
1234.08
 20
839.1800000000001
 10
1232.16
 20
838.9200000000001
 10
1230.42
 20
838.65
 10
1228.94
 20
838.38
 10
1227.77
 20
838.13
 10
1226.99
 20
837.89
 10
1226.22
 20
837.64
 10
1225.72
 20
837.5899999999999
 10
1225.49
 20
837.81
 10
1225.53
 20
838.35
 10
1225.86
 20
839.26
 10
1226.47
 20
840.5799999999999
 10
1227.37
 20
842.38
 10
1228.64
 20
845.27
 10
1229.48
 20
848.2
 10
1229.91
 20
851.26
 10
1229.92
 20
854.54
 10
1229.5
 20
858.15
 10
1228.66
 20
862.1700000000001
 10
1227.41
 20
866.71
 10
1225.89
 20
871.3
 10
1224.28
 20
875.3
 10
1222.45
 20
878.89
 10
1220.29
 20
882.27
 10
1217.66
 20
885.62
 10
1214.44
 20
889.14
 10
1210.52
 20
893.02
 10
1203.12
 20
899.23
 10
1195.13
 20
904.3399999999999
 10
1186.6
 20
908.3299999999999
 10
1177.6
 20
911.1700000000001
 10
1168.18
 20
912.86
 10
1158.41
 20
913.37
 10
1148.35
 20
912.6800000000001
 10
1143.38
 20
911.86
 10
1138.37
 20
910.71
 10
1133.66
 20
909.3299999999999
 10
1129.56
 20
907.85
 10
1126.39
 20
906.38
 10
1124.48
 20
905.05
 10
1124.16
 20
903.96
 10
1124.41
 20
903.71
 10
1124.8
 20
903.56
 10
1125.29
 20
903.51
 10
1125.87
 20
903.56
 10
1126.51
 20
903.71
 10
1127.19
 20
903.95
 10
1127.89
 20
904.28
 10
1135.33
 20
907.31
 10
1143.95
 20
909.24
 10
1153.36
 20
910.06
 10
1163.16
 20
909.79
 10
1172.97
 20
908.45
 10
1182.39
 20
906.04
 10
1191.02
 20
902.5699999999999
 10
1200.71
 20
896.6600000000001
 10
1209.23
 20
889.25
 10
1216.31
 20
880.79
 10
1221.69
 20
871.72
 10
1225.11
 20
862.48
 10
1226.3
 20
853.53
 10
1225.0
 20
845.29
 10
1224.18
 20
843.05
 10
1223.3
 20
841.27
 10
1222.2
 20
839.78
 10
1220.69
 20
838.44
 10
1218.58
 20
837.0799999999999
 10
1215.71
 20
835.54
 10
1211.89
 20
833.6600000000001
 10
1204.16
 20
829.99
 10
1198.03
 20
827.28
 10
1192.94
 20
825.38
 10
1188.31
 20
824.14
 10
1183.57
 20
823.4
 10
1178.16
 20
823.02
 10
1171.52
 20
822.85
 10
1163.73
 20
822.79
 10
1157.42
 20
822.97
 10
1152.13
 20
823.46
 10
1147.39
 20
824.37
 10
1142.75
 20
825.78
 10
1137.73
 20
827.77
 10
1131.88
 20
830.44
 10
1127.81
 20
832.3199999999999
 10
1124.34
 20
833.77
 10
1121.24
 20
834.86
 10
1118.25
 20
835.64
 10
1115.13
 20
836.2
 10
1111.63
 20
836.5899999999999
 10
1107.5
 20
836.88
 10
1102.31
 20
837.0799999999999
 10
1097.93
 20
836.9200000000001
 10
1093.88
 20
836.23
 10
1089.68
 20
834.87
 10
1084.84
 20
832.6700000000001
 10
1078.9
 20
829.48
 10
1071.37
 20
825.15
 10
1066.84
 20
822.69
 10
1062.97
 20
821.0899999999999
 10
1059.54
 20
820.35
 10
1056.3
 20
820.49
 10
1053.02
 20
821.52
 10
1049.46
 20
823.44
 10
1045.4
 20
826.27
 10
1037.57
 20
831.76
 10
1029.92
 20
836.3299999999999
 10
1022.38
 20
840.0
 10
1014.86
 20
842.8199999999999
 10
1007.29
 20
844.8
 10
999.58
 20
845.99
 10
991.64
 20
846.4100000000001
 10
986.24
 20
846.29
 10
981.23
 20
845.86
 10
976.45
 20
845.0799999999999
 10
971.75
 20
843.89
 10
966.95
 20
842.26
 10
961.89
 20
840.1600000000001
 10
956.41
 20
837.53
 10
951.13
 20
834.62
 10
946.23
 20
831.39
 10
941.64
 20
827.79
 10
937.28
 20
823.75
 10
933.09
 20
819.2
 10
929.01
 20
814.0899999999999
 10
924.97
 20
808.35
 10
923.09
 20
805.5899999999999
 10
921.2
 20
802.9
 10
919.36
 20
800.36
 10
917.63
 20
798.0699999999999
 10
916.09
 20
796.12
 10
914.8
 20
794.6
 10
913.83
 20
793.5899999999999
 10
907.86
 20
789.3399999999999
 10
899.97
 20
785.3199999999999
 10
891.09
 20
781.8299999999999
 10
882.2
 20
779.15
 10
874.23
 20
777.56
 10
868.16
 20
777.36
 10
864.93
 20
778.8399999999999
 10
864.62
 20
779.1700000000001
 10
864.14
 20
779.46
 10
863.52
 20
779.73
 10
862.78
 20
779.95
 10
861.95
 20
780.12
 10
861.06
 20
780.23
 10
860.15
 20
780.26
 10
859.22
 20
780.3
 10
858.3
 20
780.39
 10
857.41
 20
780.53
 10
856.6
 20
780.72
 10
855.88
 20
780.94
 10
855.3
 20
781.19
 10
854.89
 20
781.47
 10
854.24
 20
781.81
 10
852.99
 20
782.25
 10
851.22
 20
782.77
 10
849.02
 20
783.35
 10
846.48
 20
783.96
 10
843.69
 20
784.5699999999999
 10
840.72
 20
785.1800000000001
 10
837.7
 20
785.8199999999999
 10
834.73
 20
786.54
 10
831.92
 20
787.3
 10
829.37
 20
788.0899999999999
 10
827.17
 20
788.85
 10
825.44
 20
789.5799999999999
 10
824.26
 20
790.23
 10
822.9
 20
791.01
 10
821.2
 20
791.65
 10
819.02
 20
792.15
 10
816.19
 20
792.55
 10
812.57
 20
792.85
 10
808.0
 20
793.0899999999999
 10
802.31
 20
793.28
 10
797.14
 20
793.39
 10
792.89
 20
793.4200000000001
 10
789.49
 20
793.35
 10
786.9
 20
793.19
 10
785.07
 20
792.94
 10
783.93
 20
792.5799999999999
 10
783.45
 20
792.11
 10
783.13
 20
791.6700000000001
 10
782.48
 20
791.3299999999999
 10
781.51
 20
791.0899999999999
 10
780.18
 20
790.96
 10
778.51
 20
790.9200000000001
 10
776.48
 20
790.98
 10
774.08
 20
791.13
 10
769.71
 20
791.5
 10
766.55
 20
791.87
 10
764.37
 20
792.36
 10
762.97
 20
793.0899999999999
 10
762.1
 20
794.1800000000001
 10
761.56
 20
795.73
 10
761.12
 20
797.87
 10
760.85
 20
800.1800000000001
 10
760.95
 20
802.52
 10
761.44
 20
805.0
 10
762.38
 20
807.72
 10
763.79
 20
810.8199999999999
 10
765.73
 20
814.39
 10
768.22
 20
818.56
 10
769.06
 20
819.97
 10
769.77
 20
821.22
 10
770.33
 20
822.28
 10
770.71
 20
823.12
 10
770.91
 20
823.7
 10
770.91
 20
824.0
 10
770.7
 20
823.97
 10
770.23
 20
823.53
 10
769.52
 20
822.6800000000001
 10
768.6
 20
821.46
 10
767.52
 20
819.9300000000001
 10
766.32
 20
818.1700000000001
 10
765.04
 20
816.22
 10
763.73
 20
814.14
 10
761.99
 20
811.27
 10
760.64
 20
808.8
 10
759.64
 20
806.63
 10
758.94
 20
804.62
 10
758.51
 20
802.6600000000001
 10
758.29
 20
800.64
 10
758.25
 20
798.4200000000001
 10
758.25
 20
796.31
 10
758.17
 20
794.6700000000001
 10
757.99
 20
793.44
 10
757.69
 20
792.5799999999999
 10
757.25
 20
792.03
 10
756.65
 20
791.74
 10
755.88
 20
791.65
 10
752.26
 20
791.25
 10
746.85
 20
790.1600000000001
 10
740.35
 20
788.5799999999999
 10
733.44
 20
786.69
 10
726.81
 20
784.6800000000001
 10
721.15
 20
782.74
 10
717.14
 20
781.06
 10
715.22
 20
780.01
 10
713.04
 20
778.71
 10
710.7
 20
777.21
 10
708.29
 20
775.5899999999999
 10
705.92
 20
773.89
 10
703.68
 20
772.2
 10
701.66
 20
770.5699999999999
 10
699.7
 20
768.94
 10
697.62
 20
767.23
 10
695.53
 20
765.51
 10
693.48
 20
763.85
 10
691.57
 20
762.31
 10
689.87
 20
760.95
 10
688.47
 20
759.86
 10
686.88
 20
758.58
 10
685.69
 20
757.52
 10
684.88
 20
756.62
 10
684.43
 20
755.84
 10
684.3
 20
755.15
 10
684.47
 20
754.48
 10
684.92
 20
753.8
 10
685.34
 20
753.34
 10
685.8
 20
752.92
 10
686.28
 20
752.55
 10
686.75
 20
752.23
 10
687.21
 20
751.99
 10
687.63
 20
751.84
 10
688.0
 20
751.79
 10
688.59
 20
752.05
 10
689.68
 20
752.78
 10
691.17
 20
753.94
 10
693.01
 20
755.45
 10
695.12
 20
757.26
 10
697.42
 20
759.32
 10
699.84
 20
761.55
 10
705.4
 20
766.36
 10
711.19
 20
770.6700000000001
 10
717.18
 20
774.44
 10
723.32
 20
777.6600000000001
 10
729.56
 20
780.3
 10
735.86
 20
782.3399999999999
 10
742.17
 20
783.74
 10
750.05
 20
784.81
 10
759.49
 20
785.6600000000001
 10
769.53
 20
786.26
 10
779.16
 20
786.5699999999999
 10
787.42
 20
786.5699999999999
 10
793.32
 20
786.22
 10
795.88
 20
785.5
 10
795.76
 20
785.12
 10
795.13
 20
784.5699999999999
 10
794.03
 20
783.87
 10
792.53
 20
783.0699999999999
 10
790.69
 20
782.1800000000001
 10
788.56
 20
781.24
 10
786.2
 20
780.28
 10
780.36
 20
777.8199999999999
 10
774.43
 20
774.97
 10
768.51
 20
771.77
 10
762.69
 20
768.29
 10
757.04
 20
764.56
 10
751.65
 20
760.65
 10
746.61
 20
756.6
 10
743.85
 20
754.32
 10
741.49
 20
752.5
 10
739.44
 20
751.11
 10
737.63
 20
750.1
 10
735.99
 20
749.44
 10
734.44
 20
749.07
 10
732.92
 20
748.96
 10
729.85
 20
749.09
 10
727.72
 20
749.47
 10
726.52
 20
750.16
 10
726.24
 20
751.2
 10
726.86
 20
752.64
 10
728.37
 20
754.54
 10
730.76
 20
756.95
 10
734.71
 20
760.59
 10
738.75
 20
764.12
 10
742.82
 20
767.48
 10
746.83
 20
770.6
 10
750.71
 20
773.44
 10
754.39
 20
775.94
 10
757.79
 20
778.04
 10
760.81
 20
779.85
 10
762.93
 20
781.24
 10
764.12
 20
782.1600000000001
 10
764.36
 20
782.5899999999999
 10
763.63
 20
782.46
 10
761.91
 20
781.76
 10
759.16
 20
780.4200000000001
 10
756.84
 20
779.0799999999999
 10
753.71
 20
777.0
 10
749.71
 20
774.15
 10
744.76
 20
770.45
 10
738.78
 20
765.85
 10
731.72
 20
760.31
 10
723.48
 20
753.76
 10
721.16
 20
752.39
 10
717.46
 20
750.71
 10
712.97
 20
748.94
 10
708.32
 20
747.29
 10
704.11
 20
745.98
 10
700.95
 20
745.22
 10
699.45
 20
745.23
 10
700.11
 20
746.21
 10
702.24
 20
748.45
 10
705.39
 20
751.54
 10
709.15
 20
755.07
 10
713.09
 20
758.65
 10
716.76
 20
761.86
 10
719.74
 20
764.31
 10
720.54
 20
764.94
 10
720.93
 20
765.3
 10
720.93
 20
765.4
 10
720.56
 20
765.24
 10
719.84
 20
764.83
 10
718.77
 20
764.18
 10
717.38
 20
763.28
 10
713.26
 20
760.38
 10
708.87
 20
756.92
 10
704.58
 20
753.26
 10
700.78
 20
749.74
 10
697.84
 20
746.72
 10
696.14
 20
744.53
 10
696.05
 20
743.54
 10
696.61
 20
743.18
 10
696.89
 20
742.66
 10
696.91
 20
742.04
 10
696.71
 20
741.44
 10
696.31
 20
740.93
 10
695.75
 20
740.6
 10
695.06
 20
740.55
 10
694.67
 20
740.62
 10
693.99
 20
740.75
 10
693.07
 20
740.92
 10
691.95
 20
741.14
 10
690.67
 20
741.38
 10
689.28
 20
741.65
 10
687.83
 20
741.94
  0
LWPOLYLINE
  5
84
330
17
100
AcDbEntity
  8
rockery
100
AcDbPolyline
 90
43
 70
1
 10
955.67
 20
753.92
 10
953.42
 20
755.03
 10
951.78
 20
756.2
 10
950.71
 20
757.47
 10
950.2
 20
758.93
 10
950.22
 20
760.65
 10
950.75
 20
762.68
 10
951.77
 20
765.1
 10
953.39
 20
767.76
 10
955.66
 20
770.3399999999999
 10
958.55
 20
772.81
 10
962.04
 20
775.1700000000001
 10
966.1
 20
777.38
 10
970.7
 20
779.4200000000001
 10
975.81
 20
781.29
 10
980.62
 20
782.8399999999999
 10
984.05
 20
783.85
 10
986.17
 20
784.3
 10
987.01
 20
784.2
 10
986.62
 20
783.54
 10
985.04
 20
782.3199999999999
 10
982.31
 20
780.52
 10
978.73
 20
778.02
 10
975.1
 20
775.0799999999999
 10
971.61
 20
771.9
 10
968.46
 20
768.69
 10
965.84
 20
765.62
 10
963.95
 20
762.91
 10
962.97
 20
760.75
 10
962.8
 20
759.92
 10
962.68
 20
759.01
 10
962.61
 20
758.06
 10
962.6
 20
757.11
 10
962.63
 20
756.19
 10
962.73
 20
755.35
 10
962.87
 20
754.61
 10
963.09
 20
753.38
 10
962.95
 20
752.53
 10
962.43
 20
752.07
 10
961.48
 20
751.97
 10
960.06
 20
752.26
 10
958.14
 20
752.91
 10
955.67
 20
753.92
  0
LWPOLYLINE
  5
85
330
17
100
AcDbEntity
  8
rockery
100
AcDbPolyline
 90
52
 70
1
 10
967.04
 20
753.47
 10
965.59
 20
755.89
 10
965.49
 20
758.82
 10
966.66
 20
762.15
 10
969.06
 20
765.79
 10
972.62
 20
769.6600000000001
 10
977.27
 20
773.65
 10
982.96
 20
777.6700000000001
 10
987.28
 20
780.4
 10
990.44
 20
782.13
 10
992.63
 20
782.8299999999999
 10
994.02
 20
782.44
 10
994.78
 20
780.9
 10
995.1
 20
778.1800000000001
 10
995.14
 20
774.21
 10
995.08
 20
765.31
 10
988.15
 20
759.98
 10
984.93
 20
757.58
 10
982.41
 20
755.93
 10
980.54
 20
755.02
 10
979.27
 20
754.83
 10
978.56
 20
755.36
 10
978.36
 20
756.6
 10
978.61
 20
758.55
 10
978.87
 20
759.85
 10
979.01
 20
760.7
 10
979.01
 20
761.08
 10
978.86
 20
761.0
 10
978.55
 20
760.44
 10
978.04
 20
759.39
 10
977.34
 20
757.84
 10
976.83
 20
756.78
 10
976.3
 20
755.81
 10
975.75
 20
754.95
 10
975.23
 20
754.23
 10
974.74
 20
753.68
 10
974.31
 20
753.34
 10
973.96
 20
753.21
 10
973.61
 20
753.19
 10
973.19
 20
753.14
 10
972.72
 20
753.05
 10
972.21
 20
752.93
 10
971.7
 20
752.8
 10
971.2
 20
752.64
 10
970.72
 20
752.47
 10
970.23
 20
752.35
 10
969.69
 20
752.32
 10
969.13
 20
752.39
 10
968.56
 20
752.54
 10
968.0
 20
752.78
 10
967.49
 20
753.09
 10
967.04
 20
753.47
  0
LWPOLYLINE
  5
86
330
17
100
AcDbEntity
  8
rockery
100
AcDbPolyline
 90
232
 70
1
 10
907.66
 20
757.36
 10
906.83
 20
757.72
 10
906.36
 20
758.04
 10
906.26
 20
758.31
 10
906.57
 20
758.58
 10
907.31
 20
758.84
 10
908.49
 20
759.13
 10
910.13
 20
759.46
 10
913.43
 20
760.26
 10
916.75
 20
761.46
 10
920.23
 20
763.16
 10
924.0
 20
765.43
 10
928.23
 20
768.37
 10
933.04
 20
772.05
 10
938.58
 20
776.56
 10
948.29
 20
783.98
 10
958.29
 20
790.35
 10
968.42
 20
795.6
 10
978.52
 20
799.6600000000001
 10
988.41
 20
802.47
 10
997.94
 20
803.97
 10
1006.95
 20
804.0899999999999
 10
1010.76
 20
803.9200000000001
 10
1013.68
 20
803.98
 10
1015.62
 20
804.22
 10
1016.51
 20
804.63
 10
1016.27
 20
805.15
 10
1014.83
 20
805.76
 10
1012.11
 20
806.4300000000001
 10
1002.94
 20
807.36
 10
993.15
 20
806.6
 10
982.74
 20
804.1600000000001
 10
971.69
 20
800.03
 10
960.01
 20
794.22
 10
947.7
 20
786.71
 10
934.75
 20
777.52
 10
929.37
 20
773.51
 10
924.89
 20
770.3199999999999
 10
921.08
 20
767.82
 10
917.69
 20
765.87
 10
914.49
 20
764.33
 10
911.24
 20
763.08
 10
907.71
 20
761.96
 10
903.15
 20
760.69
 10
899.34
 20
759.76
 10
896.37
 20
759.16
 10
894.29
 20
758.91
 10
893.17
 20
759.02
 10
893.09
 20
759.49
 10
894.12
 20
760.33
 10
894.8
 20
760.79
 10
895.24
 20
761.13
 10
895.46
 20
761.38
 10
895.44
 20
761.55
 10
895.18
 20
761.66
 10
894.68
 20
761.71
 10
893.93
 20
761.73
 10
893.35
 20
761.8
 10
892.73
 20
761.97
 10
892.08
 20
762.24
 10
891.44
 20
762.58
 10
890.82
 20
763.0
 10
890.26
 20
763.46
 10
889.78
 20
763.97
 10
889.39
 20
764.47
 10
889.1
 20
764.91
 10
888.92
 20
765.27
 10
888.83
 20
765.56
 10
888.86
 20
765.76
 10
889.0
 20
765.85
 10
889.25
 20
765.82
 10
891.14
 20
765.68
 10
893.93
 20
765.94
 10
897.33
 20
766.55
 10
901.04
 20
767.43
 10
904.78
 20
768.51
 10
908.25
 20
769.73
 10
911.16
 20
771.01
 10
912.89
 20
772.02
 10
915.0
 20
773.4300000000001
 10
917.38
 20
775.1700000000001
 10
919.93
 20
777.1700000000001
 10
922.54
 20
779.3299999999999
 10
925.12
 20
781.5899999999999
 10
927.57
 20
783.86
 10
932.96
 20
788.8199999999999
 10
938.18
 20
793.19
 10
943.39
 20
797.05
 10
948.73
 20
800.52
 10
954.35
 20
803.6800000000001
 10
960.41
 20
806.63
 10
967.05
 20
809.48
 10
974.4
 20
812.21
 10
981.1
 20
814.1600000000001
 10
987.25
 20
815.3399999999999
 10
992.92
 20
815.77
 10
998.21
 20
815.44
 10
1003.22
 20
814.36
 10
1008.02
 20
812.55
 10
1009.9
 20
811.65
 10
1011.81
 20
810.6600000000001
 10
1013.69
 20
809.65
 10
1015.46
 20
808.63
 10
1017.04
 20
807.6600000000001
 10
1018.38
 20
806.77
 10
1019.41
 20
806.0
 10
1020.53
 20
805.04
 10
1021.32
 20
804.26
 10
1021.8
 20
803.62
 10
1021.98
 20
803.0799999999999
 10
1021.87
 20
802.6
 10
1021.48
 20
802.14
 10
1020.83
 20
801.65
 10
1020.29
 20
801.27
 10
1019.91
 20
800.95
 10
1019.7
 20
800.69
 10
1019.65
 20
800.49
 10
1019.77
 20
800.3399999999999
 10
1020.05
 20
800.25
 10
1020.48
 20
800.22
 10
1021.24
 20
799.96
 10
1021.38
 20
799.15
 10
1020.84
 20
797.71
 10
1019.58
 20
795.55
 10
1017.54
 20
792.5899999999999
 10
1014.69
 20
788.75
 10
1010.96
 20
783.94
 10
1008.41
 20
780.72
 10
1006.44
 20
778.36
 10
1004.96
 20
776.79
 10
1003.87
 20
775.9300000000001
 10
1003.09
 20
775.69
 10
1002.51
 20
776.02
 10
1002.04
 20
776.8199999999999
 10
1001.65
 20
777.69
 10
1001.37
 20
778.26
 10
1001.2
 20
778.51
 10
1001.13
 20
778.45
 10
1001.15
 20
778.0799999999999
 10
1001.26
 20
777.38
 10
1001.45
 20
776.35
 10
1001.55
 20
775.6
 10
1001.58
 20
774.86
 10
1001.54
 20
774.1700000000001
 10
1001.43
 20
773.55
 10
1001.27
 20
773.03
 10
1001.04
 20
772.62
 10
1000.76
 20
772.35
 10
1000.46
 20
772.22
 10
1000.18
 20
772.19
 10
999.93
 20
772.26
 10
999.71
 20
772.4300000000001
 10
999.53
 20
772.6800000000001
 10
999.41
 20
773.01
 10
999.34
 20
773.4200000000001
 10
998.88
 20
780.24
 10
998.64
 20
785.1600000000001
 10
998.67
 20
788.5699999999999
 10
999.05
 20
790.88
 10
999.84
 20
792.49
 10
1001.11
 20
793.81
 10
1002.92
 20
795.23
 10
1004.04
 20
796.04
 10
1005.16
 20
796.78
 10
1006.25
 20
797.44
 10
1007.27
 20
797.99
 10
1008.18
 20
798.4100000000001
 10
1008.94
 20
798.6800000000001
 10
1009.5
 20
798.77
 10
1010.05
 20
798.8
 10
1010.43
 20
798.88
 10
1010.63
 20
799.03
 10
1010.66
 20
799.25
 10
1010.53
 20
799.56
 10
1010.22
 20
799.95
 10
1009.75
 20
800.46
 10
1009.16
 20
800.89
 10
1008.48
 20
801.06
 10
1007.66
 20
800.95
 10
1006.66
 20
800.55
 10
1005.45
 20
799.8399999999999
 10
1003.98
 20
798.81
 10
1002.22
 20
797.44
 10
1000.26
 20
795.9200000000001
 10
998.6
 20
794.78
 10
997.12
 20
793.99
 10
995.72
 20
793.51
 10
994.27
 20
793.28
 10
992.67
 20
793.29
 10
990.8
 20
793.48
 10
989.52
 20
793.63
 10
988.4
 20
793.69
 10
987.46
 20
793.6800000000001
 10
986.73
 20
793.6
 10
986.23
 20
793.44
 10
985.99
 20
793.22
 10
986.03
 20
792.94
 10
986.3
 20
792.65
 10
986.73
 20
792.38
 10
987.28
 20
792.14
 10
987.92
 20
791.94
 10
988.65
 20
791.79
 10
989.42
 20
791.69
 10
990.22
 20
791.65
 10
991.02
 20
791.62
 10
991.79
 20
791.51
 10
992.52
 20
791.35
 10
993.18
 20
791.13
 10
993.74
 20
790.88
 10
994.18
 20
790.5899999999999
 10
994.46
 20
790.27
 10
994.61
 20
789.6600000000001
 10
994.2
 20
789.12
 10
993.21
 20
788.62
 10
991.57
 20
788.1700000000001
 10
989.25
 20
787.74
 10
986.21
 20
787.3299999999999
 10
982.39
 20
786.9200000000001
 10
977.81
 20
786.22
 10
973.14
 20
785.0
 10
968.35
 20
783.26
 10
963.4
 20
780.97
 10
958.28
 20
778.13
 10
952.96
 20
774.72
 10
947.42
 20
770.74
 10
940.62
 20
765.98
 10
934.1
 20
762.14
 10
927.92
 20
759.23
 10
922.12
 20
757.28
 10
916.78
 20
756.3
 10
911.94
 20
756.33
 10
907.66
 20
757.36
  0
LWPOLYLINE
  5
87
330
17
100
AcDbEntity
  8
rockery
100
AcDbPolyline
 90
36
 70
1
 10
1000.9
 20
766.49
 10
1001.07
 20
766.78
 10
1001.56
 20
767.41
 10
1002.32
 20
768.3299999999999
 10
1003.33
 20
769.49
 10
1004.53
 20
770.8399999999999
 10
1005.89
 20
772.35
 10
1007.37
 20
773.97
 10
1009.05
 20
775.86
 10
1010.98
 20
778.1700000000001
 10
1013.08
 20
780.78
 10
1015.26
 20
783.5799999999999
 10
1017.43
 20
786.45
 10
1019.51
 20
789.3
 10
1021.42
 20
792.01
 10
1024.57
 20
796.4100000000001
 10
1027.63
 20
800.31
 10
1030.44
 20
803.5699999999999
 10
1032.88
 20
806.05
 10
1034.79
 20
807.6
 10
1036.04
 20
808.0799999999999
 10
1036.49
 20
807.35
 10
1035.37
 20
803.71
 10
1032.39
 20
798.26
 10
1028.09
 20
791.74
 10
1023.02
 20
784.89
 10
1017.72
 20
778.45
 10
1012.76
 20
773.1700000000001
 10
1008.67
 20
769.78
 10
1006.51
 20
768.44
 10
1004.72
 20
767.41
 10
1003.3
 20
766.66
 10
1002.22
 20
766.21
 10
1001.47
 20
766.03
 10
1001.04
 20
766.13
 10
1000.9
 20
766.49
  0
LWPOLYLINE
  5
88
330
17
100
AcDbEntity
  8
rockery
100
AcDbPolyline
 90
325
 70
1
 10
886.28
 20
770.03
 10
885.88
 20
770.37
 10
885.37
 20
770.71
 10
884.77
 20
771.05
 10
884.11
 20
771.37
 10
883.41
 20
771.65
 10
882.7
 20
771.89
 10
882.01
 20
772.0699999999999
 10
881.54
 20
772.21
 10
881.43
 20
772.35
 10
881.67
 20
772.48
 10
882.24
 20
772.6
 10
883.12
 20
772.69
 10
884.27
 20
772.76
 10
885.69
 20
772.8
 10
888.74
 20
773.06
 10
892.1
 20
773.6600000000001
 10
895.44
 20
774.51
 10
898.45
 20
775.5
 10
900.8
 20
776.53
 10
902.19
 20
777.48
 10
902.29
 20
778.26
 10
902.03
 20
778.4100000000001
 10
901.64
 20
778.46
 10
901.15
 20
778.4300000000001
 10
900.58
 20
778.31
 10
899.95
 20
778.12
 10
899.28
 20
777.86
 10
898.6
 20
777.53
 10
897.89
 20
777.1800000000001
 10
897.15
 20
776.86
 10
896.39
 20
776.5799999999999
 10
895.66
 20
776.35
 10
894.97
 20
776.1700000000001
 10
894.36
 20
776.0699999999999
 10
893.85
 20
776.04
 10
893.16
 20
776.29
 10
893.33
 20
776.9100000000001
 10
894.16
 20
777.73
 10
895.44
 20
778.62
 10
896.96
 20
779.44
 10
898.52
 20
780.03
 10
899.91
 20
780.26
 10
900.6
 20
780.3299999999999
 10
901.52
 20
780.51
 10
902.62
 20
780.79
 10
903.85
 20
781.1600000000001
 10
905.16
 20
781.6
 10
906.5
 20
782.11
 10
907.82
 20
782.65
 10
909.13
 20
783.21
 10
910.43
 20
783.73
 10
911.67
 20
784.22
 10
912.82
 20
784.64
 10
913.81
 20
784.99
 10
914.62
 20
785.24
 10
915.19
 20
785.38
 10
916.61
 20
785.8299999999999
 10
918.23
 20
786.61
 10
919.9
 20
787.62
 10
921.47
 20
788.74
 10
922.78
 20
789.88
 10
923.68
 20
790.9100000000001
 10
924.01
 20
791.73
 10
923.9
 20
791.97
 10
923.58
 20
792.04
 10
923.08
 20
791.9300000000001
 10
922.42
 20
791.6700000000001
 10
921.63
 20
791.25
 10
920.73
 20
790.7
 10
919.76
 20
790.02
 10
918.76
 20
789.3299999999999
 10
917.79
 20
788.74
 10
916.89
 20
788.27
 10
916.08
 20
787.9300000000001
 10
915.39
 20
787.74
 10
914.86
 20
787.71
 10
914.52
 20
787.85
 10
914.39
 20
788.48
 10
914.82
 20
789.3399999999999
 10
915.68
 20
790.3199999999999
 10
916.82
 20
791.3
 10
918.11
 20
792.1600000000001
 10
919.39
 20
792.78
 10
920.54
 20
793.03
 10
921.02
 20
793.27
 10
921.71
 20
793.94
 10
922.57
 20
794.98
 10
923.56
 20
796.3399999999999
 10
924.65
 20
797.97
 10
925.79
 20
799.81
 10
926.95
 20
801.8
 10
928.2
 20
803.9
 10
929.6
 20
806.05
 10
931.1
 20
808.15
 10
932.63
 20
810.14
 10
934.12
 20
811.9300000000001
 10
935.53
 20
813.45
 10
936.8
 20
814.61
 10
937.88
 20
815.55
 10
938.78
 20
816.4100000000001
 10
939.49
 20
817.1700000000001
 10
939.98
 20
817.8
 10
940.22
 20
818.29
 10
940.22
 20
818.6
 10
939.93
 20
818.7
 10
939.4
 20
819.02
 10
939.71
 20
819.9
 10
940.78
 20
821.26
 10
942.54
 20
823.03
 10
944.89
 20
825.12
 10
947.76
 20
827.45
 10
951.06
 20
829.9300000000001
 10
954.71
 20
832.28
 10
958.74
 20
834.29
 10
963.23
 20
835.99
 10
968.26
 20
837.4
 10
973.91
 20
838.54
 10
980.25
 20
839.44
 10
987.36
 20
840.11
 10
1001.61
 20
841.1700000000001
 10
988.57
 20
840.97
 10
983.26
 20
840.96
 10
979.43
 20
841.11
 10
977.12
 20
841.39
 10
976.37
 20
841.77
 10
977.22
 20
842.24
 10
979.72
 20
842.78
 10
983.91
 20
843.37
 10
989.93
 20
843.51
 10
997.0
 20
842.78
 10
1004.58
 20
841.3199999999999
 10
1012.11
 20
839.28
 10
1019.06
 20
836.81
 10
1024.88
 20
834.05
 10
1029.02
 20
831.1600000000001
 10
1029.75
 20
830.51
 10
1030.42
 20
829.95
 10
1031.02
 20
829.51
 10
1031.51
 20
829.19
 10
1031.89
 20
829.02
 10
1032.13
 20
828.99
 10
1032.22
 20
829.13
 10
1032.29
 20
829.29
 10
1032.49
 20
829.3
 10
1032.8
 20
829.19
 10
1033.2
 20
828.95
 10
1033.69
 20
828.6
 10
1034.24
 20
828.15
 10
1034.84
 20
827.6
 10
1035.57
 20
826.97
 10
1036.47
 20
826.26
 10
1037.5
 20
825.5
 10
1038.62
 20
824.72
 10
1039.79
 20
823.97
 10
1040.96
 20
823.25
 10
1042.08
 20
822.62
 10
1043.9
 20
821.46
 10
1045.16
 20
820.29
 10
1045.84
 20
819.1700000000001
 10
1045.96
 20
818.15
 10
1045.49
 20
817.28
 10
1044.43
 20
816.62
 10
1042.79
 20
816.21
 10
1041.91
 20
816.26
 10
1040.64
 20
816.5699999999999
 10
1039.04
 20
817.1
 10
1037.18
 20
817.8199999999999
 10
1035.13
 20
818.71
 10
1032.98
 20
819.74
 10
1030.8
 20
820.88
 10
1021.11
 20
826.1
 10
1013.82
 20
829.85
 10
1008.19
 20
832.38
 10
1003.47
 20
833.9100000000001
 10
998.92
 20
834.7
 10
993.8
 20
834.99
 10
987.37
 20
835.0
 10
982.11
 20
834.94
 10
977.87
 20
834.79
 10
974.38
 20
834.5
 10
971.39
 20
834.02
 10
968.6
 20
833.3299999999999
 10
965.77
 20
832.37
 10
962.61
 20
831.11
 10
958.02
 20
829.0799999999999
 10
953.58
 20
826.95
 10
949.52
 20
824.8299999999999
 10
946.06
 20
822.87
 10
943.44
 20
821.19
 10
941.87
 20
819.9100000000001
 10
941.59
 20
819.1700000000001
 10
941.92
 20
819.1
 10
942.54
 20
819.23
 10
943.42
 20
819.54
 10
944.51
 20
820.0
 10
945.77
 20
820.6
 10
947.15
 20
821.3299999999999
 10
948.61
 20
822.15
 10
954.03
 20
825.0699999999999
 10
959.6
 20
827.5699999999999
 10
965.28
 20
829.64
 10
971.07
 20
831.28
 10
976.93
 20
832.47
 10
982.85
 20
833.22
 10
988.79
 20
833.52
 10
993.41
 20
833.54
 10
997.01
 20
833.4300000000001
 10
999.95
 20
833.11
 10
1002.59
 20
832.51
 10
1005.28
 20
831.54
 10
1008.36
 20
830.12
 10
1012.19
 20
828.1700000000001
 10
1014.71
 20
826.8399999999999
 10
1017.23
 20
825.47
 10
1019.65
 20
824.11
 10
1021.9
 20
822.81
 10
1023.88
 20
821.62
 10
1025.5
 20
820.6
 10
1026.67
 20
819.79
 10
1027.65
 20
819.13
 10
1028.71
 20
818.51
 10
1029.82
 20
817.95
 10
1030.92
 20
817.48
 10
1031.98
 20
817.1
 10
1032.94
 20
816.85
 10
1033.77
 20
816.74
 10
1035.62
 20
816.46
 10
1036.83
 20
815.9
 10
1037.39
 20
815.15
 10
1037.32
 20
814.29
 10
1036.63
 20
813.39
 10
1035.31
 20
812.54
 10
1033.38
 20
811.8299999999999
 10
1031.81
 20
811.46
 10
1030.39
 20
811.29
 10
1029.03
 20
811.3399999999999
 10
1027.64
 20
811.63
 10
1026.11
 20
812.19
 10
1024.35
 20
813.04
 10
1022.25
 20
814.19
 10
1017.38
 20
816.9100000000001
 10
1013.14
 20
819.11
 10
1009.36
 20
820.86
 10
1005.85
 20
822.23
 10
1002.41
 20
823.3
 10
998.86
 20
824.13
 10
995.01
 20
824.8199999999999
 10
989.95
 20
825.3199999999999
 10
984.79
 20
825.29
 10
979.48
 20
824.7
 10
974.0
 20
823.54
 10
968.29
 20
821.8199999999999
 10
962.32
 20
819.51
 10
956.05
 20
816.61
 10
951.34
 20
814.05
 10
946.25
 20
810.89
 10
941.21
 20
807.47
 10
936.66
 20
804.12
 10
933.05
 20
801.14
 10
930.8
 20
798.88
 10
930.36
 20
797.64
 10
930.86
 20
797.6700000000001
 10
931.91
 20
798.11
 10
933.45
 20
798.9
 10
935.39
 20
800.01
 10
937.66
 20
801.39
 10
940.19
 20
803.01
 10
942.89
 20
804.8
 10
951.59
 20
810.4300000000001
 10
959.44
 20
814.9
 10
966.63
 20
818.28
 10
973.37
 20
820.64
 10
979.86
 20
822.05
 10
986.29
 20
822.5899999999999
 10
992.87
 20
822.31
 10
995.2
 20
822.05
 10
997.53
 20
821.73
 10
999.79
 20
821.36
 10
1001.89
 20
820.96
 10
1003.75
 20
820.55
 10
1005.27
 20
820.15
 10
1006.39
 20
819.76
 10
1009.5
 20
818.28
 10
1013.15
 20
816.3
 10
1016.97
 20
814.06
 10
1020.59
 20
811.79
 10
1023.64
 20
809.72
 10
1025.74
 20
808.0799999999999
 10
1026.52
 20
807.11
 10
1026.4
 20
806.4100000000001
 10
1025.92
 20
806.0799999999999
 10
1024.92
 20
806.1700000000001
 10
1023.27
 20
806.73
 10
1020.79
 20
807.8199999999999
 10
1017.34
 20
809.49
 10
1012.76
 20
811.79
 10
1008.89
 20
813.71
 10
1005.68
 20
815.1600000000001
 10
1002.94
 20
816.22
 10
1000.47
 20
816.9300000000001
 10
998.05
 20
817.35
 10
995.5
 20
817.54
 10
992.61
 20
817.5699999999999
 10
983.71
 20
816.64
 10
973.99
 20
814.21
 10
963.78
 20
810.4100000000001
 10
953.36
 20
805.4
 10
943.06
 20
799.31
 10
933.17
 20
792.3199999999999
 10
924.01
 20
784.55
 10
922.04
 20
782.78
 10
919.87
 20
780.98
 10
917.59
 20
779.19
 10
915.3
 20
777.5
 10
913.08
 20
775.97
 10
911.02
 20
774.6600000000001
 10
909.22
 20
773.65
 10
905.72
 20
772.11
 10
901.81
 20
770.8399999999999
 10
897.79
 20
769.87
 10
893.94
 20
769.26
 10
890.54
 20
769.06
 10
887.9
 20
769.3
 10
886.28
 20
770.03
  0
LWPOLYLINE
  5
89
330
17
100
AcDbEntity
  8
rockery
100
AcDbPolyline
 90
59
 70
1
 10
836.01
 20
798.0699999999999
 10
836.53
 20
797.99
 10
837.18
 20
798.04
 10
837.92
 20
798.23
 10
838.73
 20
798.52
 10
839.58
 20
798.9300000000001
 10
840.43
 20
799.4200000000001
 10
841.25
 20
800.0
 10
842.34
 20
800.89
 10
843.12
 20
801.65
 10
843.6
 20
802.36
 10
843.8
 20
803.06
 10
843.74
 20
803.8299999999999
 10
843.43
 20
804.73
 10
842.9
 20
805.8199999999999
 10
842.5
 20
806.72
 10
842.2
 20
807.76
 10
841.98
 20
808.9200000000001
 10
841.86
 20
810.15
 10
841.84
 20
811.4300000000001
 10
841.92
 20
812.72
 10
842.11
 20
814.01
 10
842.33
 20
815.3299999999999
 10
842.45
 20
816.39
 10
842.47
 20
817.21
 10
842.38
 20
817.78
 10
842.2
 20
818.11
 10
841.91
 20
818.2
 10
841.53
 20
818.05
 10
841.18
 20
817.7
 10
840.86
 20
817.13
 10
840.58
 20
816.38
 10
840.35
 20
815.46
 10
840.17
 20
814.4300000000001
 10
840.05
 20
813.3199999999999
 10
840.01
 20
812.1700000000001
 10
839.96
 20
810.97
 10
839.82
 20
809.86
 10
839.6
 20
808.86
 10
839.31
 20
808.0
 10
838.95
 20
807.3
 10
838.53
 20
806.78
 10
838.07
 20
806.48
 10
837.44
 20
806.14
 10
836.5
 20
805.49
 10
835.32
 20
804.5799999999999
 10
833.94
 20
803.45
 10
832.42
 20
802.15
 10
830.81
 20
800.73
 10
829.17
 20
799.22
 10
822.22
 20
792.71
 10
828.18
 20
795.73
 10
829.6
 20
796.4
 10
830.99
 20
796.98
 10
832.32
 20
797.46
 10
833.54
 20
797.8299999999999
 10
834.59
 20
798.06
 10
835.43
 20
798.15
 10
836.01
 20
798.0699999999999
  0
LWPOLYLINE
  5
8A
330
17
100
AcDbEntity
  8
rockery
100
AcDbPolyline
 90
92
 70
1
 10
801.36
 20
849.9300000000001
 10
804.1
 20
851.28
 10
806.65
 20
852.48
 10
808.94
 20
853.51
 10
810.89
 20
854.3299999999999
 10
812.42
 20
854.9100000000001
 10
813.46
 20
855.22
 10
813.94
 20
855.22
 10
814.05
 20
854.99
 10
814.07
 20
854.61
 10
814.0
 20
854.12
 10
813.84
 20
853.53
 10
813.62
 20
852.88
 10
813.32
 20
852.1800000000001
 10
812.96
 20
851.45
 10
812.6
 20
850.73
 10
812.29
 20
850.04
 10
812.04
 20
849.4100000000001
 10
811.86
 20
848.85
 10
811.76
 20
848.39
 10
811.74
 20
848.05
 10
811.81
 20
847.85
 10
812.03
 20
847.94
 10
812.44
 20
848.4100000000001
 10
813.0
 20
849.21
 10
813.7
 20
850.31
 10
814.5
 20
851.6600000000001
 10
815.37
 20
853.22
 10
816.29
 20
854.94
 10
817.63
 20
857.38
 10
818.86
 20
859.3399999999999
 10
820.08
 20
860.9
 10
821.38
 20
862.1600000000001
 10
822.85
 20
863.2
 10
824.58
 20
864.1
 10
826.66
 20
864.97
 10
828.11
 20
865.55
 10
829.41
 20
866.11
 10
830.52
 20
866.64
 10
831.41
 20
867.12
 10
832.05
 20
867.53
 10
832.4
 20
867.85
 10
832.42
 20
868.06
 10
832.14
 20
868.15
 10
831.62
 20
868.12
 10
830.89
 20
867.99
 10
829.99
 20
867.76
 10
828.96
 20
867.4300000000001
 10
827.83
 20
867.03
 10
826.64
 20
866.56
 10
824.87
 20
865.8299999999999
 10
823.55
 20
865.36
 10
822.63
 20
865.13
 10
822.02
 20
865.1700000000001
 10
821.67
 20
865.46
 10
821.5
 20
866.01
 10
821.44
 20
866.8299999999999
 10
821.35
 20
867.26
 10
821.13
 20
867.37
 10
820.79
 20
867.2
 10
820.35
 20
866.76
 10
819.82
 20
866.05
 10
819.22
 20
865.1
 10
818.56
 20
863.9200000000001
 10
817.52
 20
862.1600000000001
 10
816.28
 20
860.5899999999999
 10
814.72
 20
859.1
 10
812.7
 20
857.6
 10
810.1
 20
856.0
 10
806.78
 20
854.19
 10
802.61
 20
852.0799999999999
 10
797.34
 20
849.29
 10
792.47
 20
846.35
 10
788.0
 20
843.26
 10
783.92
 20
840.01
 10
780.25
 20
836.62
 10
776.98
 20
833.0699999999999
 10
774.11
 20
829.38
 10
773.67
 20
828.6600000000001
 10
773.73
 20
828.47
 10
774.25
 20
828.79
 10
775.21
 20
829.5899999999999
 10
776.56
 20
830.8399999999999
 10
778.26
 20
832.49
 10
780.28
 20
834.53
 10
783.1
 20
837.3199999999999
 10
785.87
 20
839.8199999999999
 10
788.66
 20
842.1
 10
791.54
 20
844.2
 10
794.57
 20
846.1700000000001
 10
797.82
 20
848.0699999999999
 10
801.36
 20
849.9300000000001
  0
LWPOLYLINE
  5
8B
330
17
100
AcDbEntity
  8
rockery
100
AcDbPolyline
 90
57
 70
1
 10
1195.85
 20
832.63
 10
1200.17
 20
835.75
 10
1203.5
 20
838.56
 10
1205.97
 20
841.27
 10
1207.67
 20
844.06
 10
1208.73
 20
847.11
 10
1209.26
 20
850.61
 10
1209.38
 20
854.76
 10
1208.73
 20
861.1700000000001
 10
1206.97
 20
867.52
 10
1204.19
 20
873.6600000000001
 10
1200.51
 20
879.45
 10
1196.0
 20
884.72
 10
1190.77
 20
889.3199999999999
 10
1184.92
 20
893.12
 10
1180.5
 20
895.28
 10
1175.8
 20
897.14
 10
1171.0
 20
898.6700000000001
 10
1166.31
 20
899.81
 10
1161.92
 20
900.52
 10
1158.03
 20
900.74
 10
1154.85
 20
900.44
 10
1153.14
 20
900.05
 10
1152.12
 20
899.74
 10
1151.88
 20
899.47
 10
1152.47
 20
899.23
 10
1153.96
 20
898.97
 10
1156.42
 20
898.6800000000001
 10
1159.91
 20
898.3299999999999
 10
1169.4
 20
896.5
 10
1178.39
 20
893.0799999999999
 10
1186.62
 20
888.29
 10
1193.83
 20
882.3299999999999
 10
1199.75
 20
875.44
 10
1204.11
 20
867.8299999999999
 10
1206.65
 20
859.73
 10
1206.98
 20
855.35
 10
1206.37
 20
850.99
 10
1204.85
 20
846.7
 10
1202.46
 20
842.53
 10
1199.22
 20
838.56
 10
1195.17
 20
834.8199999999999
 10
1190.35
 20
831.39
 10
1188.92
 20
830.45
 10
1187.71
 20
829.6
 10
1186.76
 20
828.8399999999999
 10
1186.08
 20
828.21
 10
1185.71
 20
827.73
 10
1185.67
 20
827.4200000000001
 10
1185.98
 20
827.3199999999999
 10
1186.68
 20
827.46
 10
1187.71
 20
827.87
 10
1189.02
 20
828.5
 10
1190.55
 20
829.3199999999999
 10
1192.24
 20
830.3
 10
1194.02
 20
831.4200000000001
 10
1195.85
 20
832.63
  0
LWPOLYLINE
  5
8C
330
17
100
AcDbEntity
  8
rockery
100
AcDbPolyline
 90
29
 70
1
 10
1263.58
 20
831.36
 10
1262.79
 20
831.76
 10
1262.42
 20
832.1
 10
1262.5
 20
832.4100000000001
 10
1263.05
 20
832.7
 10
1264.1
 20
832.99
 10
1265.69
 20
833.3
 10
1267.85
 20
833.64
 10
1269.73
 20
833.94
 10
1271.95
 20
834.36
 10
1274.41
 20
834.86
 10
1277.0
 20
835.4200000000001
 10
1279.62
 20
836.03
 10
1282.17
 20
836.65
 10
1284.55
 20
837.27
 10
1288.94
 20
838.3299999999999
 10
1292.12
 20
838.8399999999999
 10
1294.06
 20
838.8399999999999
 10
1294.69
 20
838.37
 10
1293.97
 20
837.46
 10
1291.84
 20
836.1700000000001
 10
1288.24
 20
834.53
 10
1284.49
 20
833.1800000000001
 10
1280.47
 20
832.0799999999999
 10
1276.4
 20
831.26
 10
1272.46
 20
830.76
 10
1268.88
 20
830.5899999999999
 10
1265.85
 20
830.78
 10
1263.58
 20
831.36
  0
LWPOLYLINE
  5
8D
330
17
100
AcDbEntity
  8
rockery
100
AcDbPolyline
 90
45
 70
1
 10
1193.0
 20
843.46
 10
1193.77
 20
844.85
 10
1194.43
 20
846.36
 10
1194.97
 20
847.96
 10
1195.4
 20
849.65
 10
1195.7
 20
851.4300000000001
 10
1195.89
 20
853.29
 10
1195.95
 20
855.22
 10
1195.26
 20
860.6
 10
1193.32
 20
866.0799999999999
 10
1190.3
 20
871.4200000000001
 10
1186.38
 20
876.4100000000001
 10
1181.75
 20
880.81
 10
1176.57
 20
884.39
 10
1171.03
 20
886.9300000000001
 10
1169.71
 20
887.37
 10
1168.78
 20
887.6600000000001
 10
1168.22
 20
887.79
 10
1168.02
 20
887.75
 10
1168.17
 20
887.56
 10
1168.66
 20
887.19
 10
1169.46
 20
886.65
 10
1175.83
 20
882.22
 10
1181.17
 20
877.8199999999999
 10
1185.51
 20
873.4200000000001
 10
1188.85
 20
869.01
 10
1191.23
 20
864.56
 10
1192.64
 20
860.05
 10
1193.1
 20
855.47
 10
1193.01
 20
852.29
 10
1192.69
 20
849.55
 10
1192.07
 20
847.11
 10
1191.1
 20
844.8199999999999
 10
1189.72
 20
842.52
 10
1187.86
 20
840.0699999999999
 10
1185.46
 20
837.3299999999999
 10
1181.0
 20
832.47
 10
1185.53
 20
835.5799999999999
 10
1186.64
 20
836.4200000000001
 10
1187.81
 20
837.4300000000001
 10
1189.0
 20
838.5699999999999
 10
1190.16
 20
839.79
 10
1191.25
 20
841.05
 10
1192.21
 20
842.29
 10
1193.0
 20
843.46
  0
LWPOLYLINE
  5
8E
330
17
100
AcDbEntity
  8
rockery
100
AcDbPolyline
 90
103
 70
1
 10
855.65
 20
862.94
 10
858.42
 20
867.5699999999999
 10
861.04
 20
871.6
 10
863.5
 20
875.03
 10
865.82
 20
877.85
 10
867.97
 20
880.06
 10
869.96
 20
881.6600000000001
 10
871.79
 20
882.63
 10
872.6
 20
883.0799999999999
 10
873.25
 20
883.78
 10
873.77
 20
884.8299999999999
 10
874.19
 20
886.3199999999999
 10
874.52
 20
888.3199999999999
 10
874.8
 20
890.9300000000001
 10
875.03
 20
894.23
 10
875.23
 20
896.79
 10
875.5
 20
899.4
 10
875.82
 20
901.96
 10
876.19
 20
904.37
 10
876.58
 20
906.56
 10
876.99
 20
908.4
 10
877.39
 20
909.8199999999999
 10
878.93
 20
912.75
 10
881.85
 20
917.1600000000001
 10
885.62
 20
922.36
 10
889.68
 20
927.64
 10
893.51
 20
932.3
 10
896.55
 20
935.62
 10
898.25
 20
936.9100000000001
 10
898.54
 20
936.99
 10
898.99
 20
937.22
 10
899.57
 20
937.5699999999999
 10
900.25
 20
938.02
 10
901.01
 20
938.56
 10
901.82
 20
939.1700000000001
 10
902.66
 20
939.8399999999999
 10
906.22
 20
942.73
 10
900.43
 20
939.9100000000001
 10
896.61
 20
937.35
 10
892.14
 20
933.28
 10
887.44
 20
928.23
 10
882.93
 20
922.71
 10
879.05
 20
917.25
 10
876.22
 20
912.37
 10
874.87
 20
908.5899999999999
 10
874.64
 20
907.14
 10
874.34
 20
905.3
 10
873.98
 20
903.1600000000001
 10
873.59
 20
900.8199999999999
 10
873.17
 20
898.35
 10
872.74
 20
895.87
 10
872.32
 20
893.45
 10
870.58
 20
883.49
 10
861.71
 20
880.04
 10
859.7
 20
879.23
 10
857.87
 20
878.47
 10
856.29
 20
877.77
 10
854.99
 20
877.1600000000001
 10
854.03
 20
876.65
 10
853.47
 20
876.29
 10
853.35
 20
876.0799999999999
 10
853.57
 20
876.0
 10
853.98
 20
876.01
 10
854.54
 20
876.1
 10
855.23
 20
876.25
 10
856.02
 20
876.47
 10
856.89
 20
876.75
 10
857.81
 20
877.0799999999999
 10
858.73
 20
877.4100000000001
 10
859.61
 20
877.6800000000001
 10
860.41
 20
877.89
 10
861.12
 20
878.03
 10
861.69
 20
878.0899999999999
 10
862.12
 20
878.0799999999999
 10
862.36
 20
877.99
 10
862.37
 20
877.65
 10
862.12
 20
876.95
 10
861.66
 20
875.9300000000001
 10
861.0
 20
874.6600000000001
 10
860.16
 20
873.1700000000001
 10
859.19
 20
871.52
 10
858.09
 20
869.76
 10
855.18
 20
865.0699999999999
 10
852.74
 20
860.88
 10
850.74
 20
857.11
 10
849.15
 20
853.7
 10
847.94
 20
850.5899999999999
 10
847.09
 20
847.7
 10
846.55
 20
844.98
 10
846.26
 20
842.94
 10
846.09
 20
841.5899999999999
 10
846.05
 20
840.96
 10
846.17
 20
841.05
 10
846.46
 20
841.89
 10
846.95
 20
843.49
 10
847.65
 20
845.85
 10
848.24
 20
847.62
 10
849.1
 20
849.79
 10
850.18
 20
852.25
 10
851.42
 20
854.9
 10
852.78
 20
857.63
 10
854.21
 20
860.35
 10
855.65
 20
862.94
  0
LWPOLYLINE
  5
8F
330
17
100
AcDbEntity
  8
rockery
100
AcDbPolyline
 90
50
 70
1
 10
1250.05
 20
840.69
 10
1250.13
 20
840.97
 10
1250.36
 20
841.49
 10
1250.72
 20
842.21
 10
1251.18
 20
843.1
 10
1251.74
 20
844.13
 10
1252.38
 20
845.25
 10
1253.07
 20
846.4300000000001
 10
1254.98
 20
851.3
 10
1255.61
 20
857.06
 10
1255.01
 20
863.5
 10
1253.22
 20
870.45
 10
1250.3
 20
877.7
 10
1246.29
 20
885.0699999999999
 10
1241.25
 20
892.37
 10
1239.94
 20
894.11
 10
1238.76
 20
895.76
 10
1237.77
 20
897.25
 10
1236.98
 20
898.54
 10
1236.42
 20
899.5699999999999
 10
1236.13
 20
900.3
 10
1236.15
 20
900.6700000000001
 10
1237.68
 20
900.61
 10
1240.6
 20
899.28
 10
1244.47
 20
896.98
 10
1248.85
 20
894.01
 10
1253.28
 20
890.6800000000001
 10
1257.32
 20
887.28
 10
1260.52
 20
884.13
 10
1263.64
 20
880.35
 10
1266.52
 20
876.25
 10
1269.08
 20
872.02
 10
1271.21
 20
867.8299999999999
 10
1272.85
 20
863.8399999999999
 10
1273.89
 20
860.23
 10
1274.26
 20
857.1600000000001
 10
1274.07
 20
854.77
 10
1273.52
 20
852.3299999999999
 10
1272.66
 20
849.9300000000001
 10
1271.52
 20
847.65
 10
1270.14
 20
845.56
 10
1268.56
 20
843.75
 10
1266.83
 20
842.28
 10
1265.02
 20
841.49
 10
1262.28
 20
840.81
 10
1259.05
 20
840.3
 10
1255.77
 20
839.99
 10
1252.89
 20
839.9200000000001
 10
1250.84
 20
840.14
 10
1250.05
 20
840.69
  0
LWPOLYLINE
  5
90
330
17
100
AcDbEntity
  8
rockery
100
AcDbPolyline
 90
155
 70
1
 10
725.56
 20
846.53
 10
729.55
 20
849.86
 10
736.0
 20
854.7
 10
743.8
 20
860.28
 10
751.82
 20
865.8199999999999
 10
758.94
 20
870.55
 10
764.03
 20
873.69
 10
765.97
 20
874.46
 10
765.56
 20
873.0699999999999
 10
764.42
 20
870.94
 10
762.68
 20
868.24
 10
760.45
 20
865.13
 10
757.86
 20
861.78
 10
755.04
 20
858.38
 10
752.1
 20
855.0799999999999
 10
750.39
 20
853.19
 10
748.82
 20
851.37
 10
747.44
 20
849.6700000000001
 10
746.29
 20
848.1600000000001
 10
745.41
 20
846.89
 10
744.86
 20
845.9200000000001
 10
744.68
 20
845.3199999999999
 10
745.53
 20
845.0
 10
747.74
 20
846.79
 10
750.92
 20
850.23
 10
754.69
 20
854.8399999999999
 10
758.64
 20
860.14
 10
762.41
 20
865.6600000000001
 10
765.6
 20
870.94
 10
767.37
 20
873.99
 10
769.41
 20
877.29
 10
771.64
 20
880.72
 10
773.96
 20
884.12
 10
776.29
 20
887.38
 10
778.52
 20
890.36
 10
780.57
 20
892.9200000000001
 10
782.44
 20
895.1700000000001
 10
784.16
 20
897.3
 10
785.68
 20
899.23
 10
786.95
 20
900.89
 10
787.92
 20
902.23
 10
788.54
 20
903.1700000000001
 10
788.76
 20
903.65
 10
789.0
 20
904.29
 10
789.69
 20
905.6800000000001
 10
790.77
 20
907.73
 10
792.19
 20
910.3299999999999
 10
793.88
 20
913.37
 10
795.8
 20
916.76
 10
797.89
 20
920.39
 10
800.04
 20
924.2
 10
802.14
 20
928.11
 10
804.11
 20
931.97
 10
805.9
 20
935.63
 10
807.42
 20
938.95
 10
808.61
 20
941.79
 10
809.39
 20
944.0
 10
809.97
 20
945.87
 10
810.57
 20
947.77
 10
811.17
 20
949.62
 10
811.74
 20
951.35
 10
812.27
 20
952.89
 10
812.73
 20
954.1800000000001
 10
813.1
 20
955.14
 10
813.42
 20
956.12
 10
813.62
 20
957.0899999999999
 10
813.68
 20
958.0799999999999
 10
813.61
 20
959.0899999999999
 10
813.41
 20
960.11
 10
813.07
 20
961.1700000000001
 10
812.61
 20
962.26
 10
811.66
 20
963.88
 10
810.73
 20
964.88
 10
809.86
 20
965.27
 10
809.12
 20
965.0699999999999
 10
808.56
 20
964.3
 10
808.25
 20
962.96
 10
808.23
 20
961.0799999999999
 10
808.15
 20
957.22
 10
807.5
 20
952.6
 10
806.34
 20
947.4200000000001
 10
804.72
 20
941.9100000000001
 10
802.71
 20
936.28
 10
800.38
 20
930.73
 10
797.78
 20
925.49
 10
796.19
 20
922.55
 10
794.56
 20
919.52
 10
792.94
 20
916.52
 10
791.4
 20
913.65
 10
789.99
 20
911.02
 10
788.78
 20
908.76
 10
787.83
 20
906.98
 10
786.81
 20
905.25
 10
785.67
 20
903.6
 10
784.4
 20
902.04
 10
783.02
 20
900.6
 10
781.54
 20
899.27
 10
779.97
 20
898.0699999999999
 10
778.33
 20
897.01
 10
776.79
 20
896.0699999999999
 10
775.07
 20
894.95
 10
773.26
 20
893.71
 10
771.42
 20
892.4
 10
769.63
 20
891.0799999999999
 10
767.96
 20
889.78
 10
766.48
 20
888.5699999999999
 10
764.75
 20
887.24
 10
762.36
 20
885.5899999999999
 10
759.45
 20
883.7
 10
756.15
 20
881.6600000000001
 10
752.59
 20
879.55
 10
748.89
 20
877.44
 10
745.19
 20
875.4200000000001
 10
741.69
 20
873.53
 10
738.55
 20
871.79
 10
735.87
 20
870.25
 10
733.72
 20
868.97
 10
732.19
 20
867.99
 10
731.37
 20
867.36
 10
731.33
 20
867.13
 10
732.8
 20
867.47
 10
735.3
 20
868.44
 10
738.72
 20
870.01
 10
742.92
 20
872.0899999999999
 10
747.79
 20
874.64
 10
753.19
 20
877.5799999999999
 10
759.0
 20
880.85
 10
763.3
 20
883.29
 10
766.51
 20
885.05
 10
768.79
 20
886.19
 10
770.28
 20
886.76
 10
771.16
 20
886.8199999999999
 10
771.57
 20
886.44
 10
771.67
 20
885.6700000000001
 10
771.15
 20
884.1
 10
769.7
 20
882.02
 10
767.48
 20
879.5699999999999
 10
764.66
 20
876.9200000000001
 10
761.4
 20
874.22
 10
757.87
 20
871.62
 10
754.23
 20
869.28
 10
748.29
 20
865.61
 10
742.22
 20
861.6
 10
736.33
 20
857.49
 10
730.95
 20
853.52
 10
726.41
 20
849.9300000000001
 10
723.03
 20
846.96
 10
721.12
 20
844.8299999999999
 10
720.07
 20
843.13
 10
719.59
 20
842.0699999999999
 10
719.67
 20
841.6700000000001
 10
720.31
 20
841.9100000000001
 10
721.5
 20
842.8
 10
723.25
 20
844.3399999999999
 10
725.56
 20
846.53
  0
LWPOLYLINE
  5
91
330
17
100
AcDbEntity
  8
rockery
100
AcDbPolyline
 90
82
 70
1
 10
1282.78
 20
938.3299999999999
 10
1282.45
 20
939.02
 10
1282.2
 20
939.73
 10
1282.01
 20
940.4300000000001
 10
1281.91
 20
941.1
 10
1281.88
 20
941.7
 10
1281.95
 20
942.21
 10
1282.11
 20
942.6
 10
1282.22
 20
942.9200000000001
 10
1282.15
 20
943.21
 10
1281.93
 20
943.47
 10
1281.57
 20
943.69
 10
1281.07
 20
943.85
 10
1280.46
 20
943.96
 10
1279.75
 20
944.0
 10
1278.82
 20
944.14
 10
1277.73
 20
944.56
 10
1276.49
 20
945.23
 10
1275.15
 20
946.14
 10
1273.72
 20
947.26
 10
1272.25
 20
948.5699999999999
 10
1270.77
 20
950.05
 10
1268.16
 20
952.61
 10
1265.62
 20
954.78
 10
1263.14
 20
956.55
 10
1260.73
 20
957.9100000000001
 10
1258.39
 20
958.88
 10
1256.11
 20
959.44
 10
1253.9
 20
959.5899999999999
 10
1253.16
 20
959.54
 10
1252.78
 20
959.4100000000001
 10
1252.76
 20
959.2
 10
1253.11
 20
958.9100000000001
 10
1253.82
 20
958.53
 10
1254.91
 20
958.0799999999999
 10
1256.36
 20
957.54
 10
1257.81
 20
956.9100000000001
 10
1259.46
 20
956.02
 10
1261.24
 20
954.9100000000001
 10
1263.08
 20
953.63
 10
1264.91
 20
952.23
 10
1266.65
 20
950.76
 10
1268.23
 20
949.27
 10
1274.5
 20
943.0
 10
1264.47
 20
942.0699999999999
 10
1254.44
 20
941.14
 10
1249.04
 20
946.55
 10
1247.89
 20
947.69
 10
1247.0
 20
948.55
 10
1246.37
 20
949.12
 10
1246.02
 20
949.39
 10
1245.97
 20
949.35
 10
1246.23
 20
948.99
 10
1246.81
 20
948.3
 10
1247.55
 20
947.38
 10
1248.25
 20
946.37
 10
1248.89
 20
945.3199999999999
 10
1249.45
 20
944.27
 10
1249.92
 20
943.25
 10
1250.26
 20
942.3199999999999
 10
1250.45
 20
941.5
 10
1250.8
 20
939.75
 10
1251.27
 20
938.46
 10
1251.88
 20
937.63
 10
1252.7
 20
937.23
 10
1253.74
 20
937.24
 10
1255.05
 20
937.64
 10
1256.68
 20
938.4200000000001
 10
1259.67
 20
939.51
 10
1263.52
 20
940.2
 10
1267.8
 20
940.5
 10
1272.06
 20
940.4200000000001
 10
1275.89
 20
939.96
 10
1278.85
 20
939.13
 10
1280.5
 20
937.94
 10
1281.42
 20
936.69
 10
1282.24
 20
935.89
 10
1282.91
 20
935.53
 10
1283.36
 20
935.61
 10
1283.54
 20
936.11
 10
1283.36
 20
937.02
 10
1282.78
 20
938.3299999999999
  0
LWPOLYLINE
  5
92
330
17
100
AcDbEntity
  8
rockery
100
AcDbPolyline
 90
85
 70
1
 10
1325.29
 20
947.49
 10
1331.31
 20
947.46
 10
1336.63
 20
947.3299999999999
 10
1341.18
 20
947.0799999999999
 10
1344.91
 20
946.74
 10
1347.76
 20
946.29
 10
1349.68
 20
945.76
 10
1350.6
 20
945.14
 10
1351.26
 20
944.3399999999999
 10
1351.94
 20
943.97
 10
1352.59
 20
943.98
 10
1353.15
 20
944.35
 10
1353.56
 20
945.03
 10
1353.77
 20
945.99
 10
1353.73
 20
947.2
 10
1353.51
 20
948.25
 10
1353.13
 20
949.06
 10
1352.51
 20
949.6700000000001
 10
1351.59
 20
950.12
 10
1350.27
 20
950.45
 10
1348.49
 20
950.6800000000001
 10
1346.16
 20
950.86
 10
1344.17
 20
950.9200000000001
 10
1341.65
 20
950.89
 10
1338.73
 20
950.77
 10
1335.53
 20
950.5799999999999
 10
1332.17
 20
950.3199999999999
 10
1328.79
 20
949.99
 10
1325.51
 20
949.61
 10
1319.41
 20
948.85
 10
1314.9
 20
948.35
 10
1311.46
 20
948.13
 10
1308.52
 20
948.21
 10
1305.54
 20
948.5899999999999
 10
1301.96
 20
949.31
 10
1297.24
 20
950.36
 10
1294.83
 20
950.89
 10
1292.59
 20
951.3299999999999
 10
1290.57
 20
951.69
 10
1288.85
 20
951.96
 10
1287.49
 20
952.12
 10
1286.57
 20
952.1700000000001
 10
1286.14
 20
952.0899999999999
 10
1286.13
 20
951.9200000000001
 10
1286.38
 20
951.71
 10
1286.86
 20
951.48
 10
1287.55
 20
951.24
 10
1288.41
 20
950.99
 10
1289.43
 20
950.74
 10
1290.56
 20
950.51
 10
1291.72
 20
950.26
 10
1292.78
 20
949.95
 10
1293.72
 20
949.62
 10
1294.5
 20
949.26
 10
1295.1
 20
948.89
 10
1295.48
 20
948.54
 10
1295.61
 20
948.2
 10
1295.74
 20
947.89
 10
1296.08
 20
947.6
 10
1296.63
 20
947.35
 10
1297.35
 20
947.13
 10
1298.21
 20
946.97
 10
1299.18
 20
946.86
 10
1300.24
 20
946.8199999999999
 10
1301.35
 20
946.78
 10
1302.48
 20
946.6800000000001
 10
1303.59
 20
946.52
 10
1304.63
 20
946.31
 10
1305.57
 20
946.06
 10
1306.35
 20
945.78
 10
1306.95
 20
945.48
 10
1307.54
 20
945.1700000000001
 10
1308.12
 20
944.99
 10
1308.72
 20
944.9100000000001
 10
1309.31
 20
944.96
 10
1309.89
 20
945.12
 10
1310.46
 20
945.4
 10
1311.01
 20
945.79
 10
1311.78
 20
946.1800000000001
 10
1313.1
 20
946.53
 10
1314.88
 20
946.8399999999999
 10
1317.06
 20
947.1
 10
1319.57
 20
947.3
 10
1322.34
 20
947.4300000000001
 10
1325.29
 20
947.49
  0
LWPOLYLINE
  5
93
330
17
100
AcDbEntity
  8
rockery
100
AcDbPolyline
 90
253
 70
1
 10
1087.26
 20
964.13
 10
1092.61
 20
966.27
 10
1097.92
 20
967.78
 10
1103.11
 20
968.65
 10
1108.15
 20
968.87
 10
1112.98
 20
968.45
 10
1117.55
 20
967.38
 10
1121.81
 20
965.6700000000001
 10
1123.26
 20
964.96
 10
1124.61
 20
964.3299999999999
 10
1125.83
 20
963.79
 10
1126.87
 20
963.37
 10
1127.69
 20
963.0699999999999
 10
1128.25
 20
962.9200000000001
 10
1128.51
 20
962.9300000000001
 10
1128.81
 20
963.7
 10
1128.69
 20
964.81
 10
1128.25
 20
966.11
 10
1127.57
 20
967.4300000000001
 10
1126.74
 20
968.6
 10
1125.84
 20
969.46
 10
1124.95
 20
969.8299999999999
 10
1124.36
 20
969.89
 10
1123.71
 20
969.96
 10
1123.03
 20
970.03
 10
1122.34
 20
970.11
 10
1121.67
 20
970.19
 10
1121.04
 20
970.26
 10
1120.49
 20
970.3299999999999
 10
1119.89
 20
970.4100000000001
 10
1119.1
 20
970.48
 10
1118.18
 20
970.56
 10
1117.16
 20
970.64
 10
1116.09
 20
970.71
 10
1115.0
 20
970.78
 10
1113.93
 20
970.8399999999999
 10
1112.42
 20
970.98
 10
1111.16
 20
971.3299999999999
 10
1110.04
 20
971.97
 10
1108.98
 20
972.99
 10
1107.87
 20
974.48
 10
1106.62
 20
976.53
 10
1105.14
 20
979.23
 10
1104.09
 20
981.26
 10
1103.01
 20
983.44
 10
1101.96
 20
985.6800000000001
 10
1100.96
 20
987.89
 10
1100.06
 20
989.98
 10
1099.29
 20
991.87
 10
1098.7
 20
993.47
 10
1098.01
 20
995.54
 10
1097.55
 20
997.0799999999999
 10
1097.34
 20
998.1700000000001
 10
1097.37
 20
998.88
 10
1097.64
 20
999.31
 10
1098.17
 20
999.51
 10
1098.95
 20
999.5799999999999
 10
1099.5
 20
999.63
 10
1099.8
 20
999.76
 10
1099.86
 20
999.97
 10
1099.68
 20
1000.26
 10
1099.25
 20
1000.63
 10
1098.57
 20
1001.0799999999999
 10
1097.65
 20
1001.61
 10
1096.59
 20
1002.3
 10
1095.62
 20
1003.22
 10
1094.71
 20
1004.38
 10
1093.85
 20
1005.8
 10
1093.04
 20
1007.51
 10
1092.25
 20
1009.52
 10
1091.47
 20
1011.87
 10
1090.57
 20
1014.52
 10
1089.59
 20
1016.86
 10
1088.46
 20
1019.0
 10
1087.09
 20
1021.06
 10
1085.41
 20
1023.13
 10
1083.36
 20
1025.34
 10
1080.85
 20
1027.8
 10
1076.7
 20
1031.63
 10
1073.09
 20
1034.69
 10
1069.92
 20
1037.06
 10
1067.09
 20
1038.79
 10
1064.5
 20
1039.95
 10
1062.04
 20
1040.6
 10
1059.61
 20
1040.8
 10
1058.19
 20
1040.96
 10
1056.19
 20
1041.4
 10
1053.71
 20
1042.09
 10
1050.88
 20
1042.99
 10
1047.8
 20
1044.08
 10
1044.59
 20
1045.3
 10
1041.35
 20
1046.63
 10
1038.22
 20
1047.95
 10
1035.31
 20
1049.12
 10
1032.71
 20
1050.13
 10
1030.5
 20
1050.95
 10
1028.78
 20
1051.52
 10
1027.63
 20
1051.84
 10
1027.13
 20
1051.8600000000001
 10
1028.32
 20
1050.9
 10
1032.01
 20
1049.02
 10
1037.3
 20
1046.59
 10
1043.27
 20
1044.03
 10
1049.01
 20
1041.7
 10
1053.61
 20
1040.02
 10
1056.17
 20
1039.35
 10
1058.44
 20
1039.0
 10
1061.28
 20
1038.04
 10
1064.55
 20
1036.56
 10
1068.08
 20
1034.65
 10
1071.73
 20
1032.3899999999999
 10
1075.32
 20
1029.8600000000001
 10
1078.71
 20
1027.16
 10
1080.99
 20
1025.1399999999999
 10
1082.88
 20
1023.28
 10
1084.43
 20
1021.5
 10
1085.69
 20
1019.75
 10
1086.72
 20
1017.95
 10
1087.57
 20
1016.02
 10
1088.29
 20
1013.89
 10
1088.85
 20
1012.11
 10
1089.57
 20
1010.04
 10
1090.41
 20
1007.78
 10
1091.32
 20
1005.4200000000001
 10
1092.29
 20
1003.05
 10
1093.26
 20
1000.77
 10
1094.2
 20
998.6700000000001
 10
1097.23
 20
992.0899999999999
 10
1099.7
 20
986.65
 10
1101.64
 20
982.29
 10
1103.09
 20
978.9100000000001
 10
1104.08
 20
976.4300000000001
 10
1104.65
 20
974.77
 10
1104.83
 20
973.85
 10
1104.75
 20
973.54
 10
1104.5
 20
973.24
 10
1104.12
 20
972.99
 10
1103.63
 20
972.77
 10
1103.03
 20
972.6
 10
1102.36
 20
972.49
 10
1101.63
 20
972.45
 10
1100.59
 20
972.3199999999999
 10
1099.06
 20
971.94
 10
1097.12
 20
971.3399999999999
 10
1094.85
 20
970.5699999999999
 10
1092.36
 20
969.64
 10
1089.72
 20
968.6
 10
1087.03
 20
967.46
 10
1083.08
 20
965.75
 10
1080.11
 20
964.55
 10
1077.95
 20
963.8199999999999
 10
1076.42
 20
963.52
 10
1075.35
 20
963.63
 10
1074.56
 20
964.1
 10
1073.86
 20
964.9
 10
1073.46
 20
965.49
 10
1073.08
 20
966.1
 10
1072.75
 20
966.72
 10
1072.48
 20
967.31
 10
1072.27
 20
967.86
 10
1072.13
 20
968.3299999999999
 10
1072.08
 20
968.71
 10
1072.02
 20
969.11
 10
1071.83
 20
969.62
 10
1071.53
 20
970.21
 10
1071.15
 20
970.87
 10
1070.69
 20
971.5699999999999
 10
1070.16
 20
972.27
 10
1069.59
 20
972.96
 10
1069.07
 20
973.5799999999999
 10
1068.7
 20
974.0899999999999
 10
1068.46
 20
974.49
 10
1068.38
 20
974.75
 10
1068.44
 20
974.88
 10
1068.66
 20
974.86
 10
1069.03
 20
974.6700000000001
 10
1069.6
 20
974.38
 10
1070.01
 20
974.27
 10
1070.27
 20
974.36
 10
1070.39
 20
974.6600000000001
 10
1070.37
 20
975.1700000000001
 10
1070.23
 20
975.9200000000001
 10
1069.95
 20
976.9200000000001
 10
1068.94
 20
979.8
 10
1067.69
 20
982.4300000000001
 10
1066.18
 20
984.86
 10
1064.4
 20
987.1
 10
1062.3
 20
989.19
 10
1059.89
 20
991.14
 10
1057.12
 20
993.0
 10
1054.52
 20
994.55
 10
1052.2
 20
995.7
 10
1049.81
 20
996.53
 10
1046.99
 20
997.11
 10
1043.39
 20
997.52
 10
1038.66
 20
997.8199999999999
 10
1032.44
 20
998.1
 10
1028.3
 20
998.23
 10
1024.51
 20
998.29
 10
1021.16
 20
998.27
 10
1018.34
 20
998.1800000000001
 10
1016.15
 20
998.02
 10
1014.69
 20
997.79
 10
1014.05
 20
997.51
 10
1013.98
 20
997.12
 10
1014.12
 20
996.5899999999999
 10
1014.47
 20
995.94
 10
1014.98
 20
995.22
 10
1015.66
 20
994.4300000000001
 10
1016.47
 20
993.62
 10
1017.4
 20
992.81
 10
1018.9
 20
991.65
 10
1020.28
 20
990.81
 10
1021.74
 20
990.26
 10
1023.46
 20
989.97
 10
1025.65
 20
989.9
 10
1028.5
 20
990.02
 10
1032.22
 20
990.3
 10
1035.93
 20
990.5699999999999
 10
1038.87
 20
990.6800000000001
 10
1041.27
 20
990.5799999999999
 10
1043.35
 20
990.24
 10
1045.35
 20
989.62
 10
1047.5
 20
988.6800000000001
 10
1050.02
 20
987.39
 10
1051.73
 20
986.45
 10
1053.48
 20
985.4200000000001
 10
1055.21
 20
984.35
 10
1056.83
 20
983.29
 10
1058.3
 20
982.27
 10
1059.55
 20
981.3399999999999
 10
1060.51
 20
980.53
 10
1062.12
 20
978.69
 10
1063.86
 20
976.13
 10
1065.56
 20
973.1800000000001
 10
1067.04
 20
970.1800000000001
 10
1068.15
 20
967.46
 10
1068.72
 20
965.36
 10
1068.58
 20
964.22
 10
1068.46
 20
963.64
 10
1068.94
 20
962.86
 10
1069.86
 20
962.01
 10
1071.09
 20
961.1600000000001
 10
1072.47
 20
960.4300000000001
 10
1073.88
 20
959.9100000000001
 10
1075.15
 20
959.7
 10
1075.95
 20
959.81
 10
1077.18
 20
960.14
 10
1078.77
 20
960.6600000000001
 10
1080.65
 20
961.3399999999999
 10
1082.74
 20
962.1700000000001
 10
1084.97
 20
963.11
 10
1087.26
 20
964.13
  0
LWPOLYLINE
  5
94
330
17
100
AcDbEntity
  8
rockery
100
AcDbPolyline
 90
57
 70
1
 10
1168.59
 20
975.46
 10
1168.56
 20
976.1600000000001
 10
1168.17
 20
976.86
 10
1167.41
 20
977.5699999999999
 10
1166.24
 20
978.3199999999999
 10
1164.65
 20
979.11
 10
1162.6
 20
979.97
 10
1160.06
 20
980.9100000000001
 10
1157.64
 20
981.78
 10
1154.68
 20
982.86
 10
1151.33
 20
984.11
 10
1147.73
 20
985.46
 10
1144.03
 20
986.86
 10
1140.36
 20
988.26
 10
1136.86
 20
989.61
 10
1130.74
 20
991.9300000000001
 10
1125.16
 20
993.9200000000001
 10
1120.25
 20
995.54
 10
1116.12
 20
996.76
 10
1112.89
 20
997.54
 10
1110.68
 20
997.85
 10
1109.61
 20
997.6600000000001
 10
1109.65
 20
997.47
 10
1110.04
 20
997.21
 10
1110.73
 20
996.9
 10
1111.69
 20
996.54
 10
1112.88
 20
996.14
 10
1114.27
 20
995.74
 10
1115.81
 20
995.3299999999999
 10
1117.8
 20
994.77
 10
1120.47
 20
993.94
 10
1123.68
 20
992.87
 10
1127.27
 20
991.62
 10
1131.12
 20
990.24
 10
1135.08
 20
988.78
 10
1139.0
 20
987.28
 10
1149.65
 20
983.13
 10
1157.14
 20
980.06
 10
1161.75
 20
977.89
 10
1163.77
 20
976.38
 10
1163.48
 20
975.3299999999999
 10
1161.17
 20
974.53
 10
1157.13
 20
973.77
 10
1155.13
 20
973.4200000000001
 10
1153.87
 20
973.1700000000001
 10
1153.37
 20
973.0
 10
1153.66
 20
972.9
 10
1154.78
 20
972.87
 10
1156.76
 20
972.9
 10
1159.63
 20
972.96
 10
1162.18
 20
973.06
 10
1164.22
 20
973.22
 10
1165.81
 20
973.46
 10
1166.99
 20
973.79
 10
1167.82
 20
974.23
 10
1168.34
 20
974.78
 10
1168.59
 20
975.46
  0
ENDSEC
  0
SECTION
  2
OBJECTS
  0
DICTIONARY
  5
A
330
0
100
AcDbDictionary
281
1
  3
ACAD_COLOR
350
B
  3
ACAD_GROUP
350
C
  3
ACAD_LAYOUT
350
D
  3
ACAD_MATERIAL
350
E
  3
ACAD_MLEADERSTYLE
350
F
  3
ACAD_MLINESTYLE
350
10
  3
ACAD_PLOTSETTINGS
350
11
  3
ACAD_PLOTSTYLENAME
350
12
  3
ACAD_SCALELIST
350
14
  3
ACAD_TABLESTYLE
350
15
  3
ACAD_VISUALSTYLE
350
16
  3
EZDXF_META
350
2D
  0
DICTIONARY
  5
B
330
A
100
AcDbDictionary
281
1
  0
DICTIONARY
  5
C
330
A
100
AcDbDictionary
281
1
  0
DICTIONARY
  5
D
330
A
100
AcDbDictionary
281
1
  3
Model
350
1A
  3
Layout1
350
1E
  0
DICTIONARY
  5
E
330
A
100
AcDbDictionary
281
1
  3
ByBlock
350
1F
  3
ByLayer
350
20
  3
Global
350
21
  0
DICTIONARY
  5
F
330
A
100
AcDbDictionary
281
1
  3
Standard
350
2C
  0
DICTIONARY
  5
10
330
A
100
AcDbDictionary
281
1
  3
Standard
350
22
  0
DICTIONARY
  5
11
330
A
100
AcDbDictionary
281
1
  0
ACDBDICTIONARYWDFLT
  5
12
330
A
100
AcDbDictionary
281
1
  3
Normal
350
13
100
AcDbDictionaryWithDefault
340
13
  0
ACDBPLACEHOLDER
  5
13
330
12
  0
DICTIONARY
  5
14
330
A
100
AcDbDictionary
281
1
  0
DICTIONARY
  5
15
330
A
100
AcDbDictionary
281
1
  0
DICTIONARY
  5
16
330
A
100
AcDbDictionary
281
1
  0
LAYOUT
  5
1A
330
D
100
AcDbPlotSettings
  1

  4
A3
  6

 40
7.5
 41
20.0
 42
7.5
 43
20.0
 44
420.0
 45
297.0
 46
0.0
 47
0.0
 48
0.0
 49
0.0
140
0.0
141
0.0
142
1.0
143
1.0
 70
1024
 72
1
 73
0
 74
5
  7

 75
16
 76
0
 77
2
 78
300
147
1.0
148
0.0
149
0.0
100
AcDbLayout
  1
Model
 70
1
 71
0
 10
0.0
 20
0.0
 11
420.0
 21
297.0
 12
0.0
 22
0.0
 32
0.0
 14
1e+20
 24
1e+20
 34
1e+20
 15
-1e+20
 25
-1e+20
 35
-1e+20
146
0.0
 13
0.0
 23
0.0
 33
0.0
 16
1.0
 26
0.0
 36
0.0
 17
0.0
 27
1.0
 37
0.0
 76
1
330
17
  0
LAYOUT
  5
1E
330
D
100
AcDbPlotSettings
  1

  4
A3
  6

 40
7.5
 41
20.0
 42
7.5
 43
20.0
 44
420.0
 45
297.0
 46
0.0
 47
0.0
 48
0.0
 49
0.0
140
0.0
141
0.0
142
1.0
143
1.0
 70
0
 72
1
 73
0
 74
5
  7

 75
16
 76
0
 77
2
 78
300
147
1.0
148
0.0
149
0.0
100
AcDbLayout
  1
Layout1
 70
1
 71
1
 10
0.0
 20
0.0
 11
420.0
 21
297.0
 12
0.0
 22
0.0
 32
0.0
 14
1e+20
 24
1e+20
 34
1e+20
 15
-1e+20
 25
-1e+20
 35
-1e+20
146
0.0
 13
0.0
 23
0.0
 33
0.0
 16
1.0
 26
0.0
 36
0.0
 17
0.0
 27
1.0
 37
0.0
 76
1
330
1B
  0
MATERIAL
  5
1F
102
{ACAD_REACTORS
330
E
102
}
330
E
100
AcDbMaterial
  1
ByBlock
  2

 70
0
 40
1.0
 71
1
 41
1.0
 91
-1023410177
 42
1.0
 72
1
  3

 73
1
 74
1
 75
1
 44
0.5
 73
0
 45
1.0
 46
1.0
 77
1
  4

 78
1
 79
1
170
1
 48
1.0
171
1
  6

172
1
173
1
174
1
140
1.0
141
1.0
175
1
  7

176
1
177
1
178
1
143
1.0
179
1
  8

270
1
271
1
272
1
145
1.0
146
1.0
273
1
  9

274
1
275
1
276
1
 42
1.0
 72
1
  3

 73
1
 74
1
 75
1
 94
63
  0
MATERIAL
  5
20
102
{ACAD_REACTORS
330
E
102
}
330
E
100
AcDbMaterial
  1
ByLayer
  2

 70
0
 40
1.0
 71
1
 41
1.0
 91
-1023410177
 42
1.0
 72
1
  3

 73
1
 74
1
 75
1
 44
0.5
 73
0
 45
1.0
 46
1.0
 77
1
  4

 78
1
 79
1
170
1
 48
1.0
171
1
  6

172
1
173
1
174
1
140
1.0
141
1.0
175
1
  7

176
1
177
1
178
1
143
1.0
179
1
  8

270
1
271
1
272
1
145
1.0
146
1.0
273
1
  9

274
1
275
1
276
1
 42
1.0
 72
1
  3

 73
1
 74
1
 75
1
 94
63
  0
MATERIAL
  5
21
102
{ACAD_REACTORS
330
E
102
}
330
E
100
AcDbMaterial
  1
Global
  2

 70
0
 40
1.0
 71
1
 41
1.0
 91
-1023410177
 42
1.0
 72
1
  3

 73
1
 74
1
 75
1
 44
0.5
 73
0
 45
1.0
 46
1.0
 77
1
  4

 78
1
 79
1
170
1
 48
1.0
171
1
  6

172
1
173
1
174
1
140
1.0
141
1.0
175
1
  7

176
1
177
1
178
1
143
1.0
179
1
  8

270
1
271
1
272
1
145
1.0
146
1.0
273
1
  9

274
1
275
1
276
1
 42
1.0
 72
1
  3

 73
1
 74
1
 75
1
 94
63
  0
MLINESTYLE
  5
22
102
{ACAD_REACTORS
330
10
102
}
330
10
100
AcDbMlineStyle
  2
Standard
 70
0
  3

 62
256
 51
90.0
 52
90.0
 71
2
 49
0.5
 62
256
  6
BYLAYER
 49
-0.5
 62
256
  6
BYLAYER
  0
MLEADERSTYLE
  5
2C
102
{ACAD_REACTORS
330
F
102
}
330
F
100
AcDbMLeaderStyle
179
2
170
2
171
1
172
0
 90
2
 40
0.0
 41
0.0
173
1
 91
-1056964608
 92
-2
290
1
 42
2.0
291
1
 43
8.0
  3
Standard
 44
4.0
300

342
29
174
1
175
1
176
0
178
1
 93
-1056964608
 45
4.0
292
0
297
0
 46
4.0
 94
-1056964608
 47
1.0
 49
1.0
140
1.0
294
1
141
0.0
177
0
142
1.0
295
0
296
0
143
3.75
271
0
272
9
273
9
  0
DICTIONARY
  5
2D
330
A
100
AcDbDictionary
280
1
281
1
  3
CREATED_BY_EZDXF
350
2E
  3
WRITTEN_BY_EZDXF
350
97
  0
DICTIONARYVAR
  5
2E
330
2D
100
DictionaryVariables
280
0
  1
1.4.4 @ 2026-09-17T13:57:43.671830+00:00
  0
DICTIONARYVAR
  5
97
330
2D
100
DictionaryVariables
280
0
  1
1.4.4 @ 2026-09-17T13:57:43.727215+00:00
  0
ENDSEC
  0
EOF
